[    1265ms] [ERROR] Failed to load resource: net::ERR_FAILED @ chrome://favicon2/?size=16&scaleFactor=1x&pageUrl=http%3A%2F%2Flocalhost%3A5173%2F&allowGoogleServerFallback=0&forceLightMode=true&forceEmptyDefaultFavicon=1:0
[    1265ms] [ERROR] Failed to load resource: net::ERR_FAILED @ chrome://favicon2/?size=16&scaleFactor=1x&pageUrl=http%3A%2F%2F127.0.0.1%3A5173%2F&allowGoogleServerFallback=0&forceLightMode=true&forceEmptyDefaultFavicon=1:0
[    1345ms] [ERROR] Failed to load resource: net::ERR_FAILED @ chrome://favicon2/?size=16&scaleFactor=1x&pageUrl=http%3A%2F%2F127.0.0.1%3A5173%2F&allowGoogleServerFallback=0&forceLightMode=true&forceEmptyDefaultFavicon=1:0
[   58391ms] [LOG] %c JSHandle@node @ https://www.fullhdfilmizlesene.now/minx/ftjs.1786843931.js:0
[   58499ms] [WARNING] Allow attribute will take precedence over 'allowfullscreen'. @ https://www.fullhdfilmizlesene.now/minx/alljs.1778281908.js:1
[   58891ms] [LOG] %c JSHandle@node @ https://www.fullhdfilmizlesene.now/minx/ftjs.1786843931.js:0
[   59393ms] [LOG] %c JSHandle@node @ https://www.fullhdfilmizlesene.now/minx/ftjs.1786843931.js:0
[   59892ms] [LOG] %c JSHandle@node @ https://www.fullhdfilmizlesene.now/minx/ftjs.1786843931.js:0
[   60042ms] [WARNING] Allow attribute will take precedence over 'allowfullscreen'. @ https://www.fullhdfilmizlesene.now/minx/alljs.1778281908.js:1
[   60400ms] [LOG] %c JSHandle@node @ https://www.fullhdfilmizlesene.now/minx/ftjs.1786843931.js:0
[   60894ms] [LOG] %c JSHandle@node @ https://www.fullhdfilmizlesene.now/minx/ftjs.1786843931.js:0
[   61010ms] [WARNING] Allow attribute will take precedence over 'allowfullscreen'. @ https://www.fullhdfilmizlesene.now/film/insan-kirkayak/:0
[   61393ms] [LOG] %c JSHandle@node @ https://www.fullhdfilmizlesene.now/minx/ftjs.1786843931.js:0
[   61893ms] [LOG] %c JSHandle@node @ https://www.fullhdfilmizlesene.now/minx/ftjs.1786843931.js:0
[   62392ms] [LOG] %c JSHandle@node @ https://www.fullhdfilmizlesene.now/minx/ftjs.1786843931.js:0
[   62899ms] [LOG] %c JSHandle@node @ https://www.fullhdfilmizlesene.now/minx/ftjs.1786843931.js:0
[   63394ms] [LOG] %c JSHandle@node @ https://www.fullhdfilmizlesene.now/minx/ftjs.1786843931.js:0
[   63900ms] [LOG] %c JSHandle@node @ https://www.fullhdfilmizlesene.now/minx/ftjs.1786843931.js:0
[   64405ms] [LOG] %c JSHandle@node @ https://www.fullhdfilmizlesene.now/minx/ftjs.1786843931.js:0
[   64906ms] [LOG] %c JSHandle@node @ https://www.fullhdfilmizlesene.now/minx/ftjs.1786843931.js:0
[   65403ms] [LOG] %c JSHandle@node @ https://www.fullhdfilmizlesene.now/minx/ftjs.1786843931.js:0
[   65897ms] [LOG] %c JSHandle@node @ https://www.fullhdfilmizlesene.now/minx/ftjs.1786843931.js:0
[   66393ms] [LOG] %c JSHandle@node @ https://www.fullhdfilmizlesene.now/minx/ftjs.1786843931.js:0
[   66903ms] [LOG] %c JSHandle@node @ https://www.fullhdfilmizlesene.now/minx/ftjs.1786843931.js:0
[   67402ms] [LOG] %c JSHandle@node @ https://www.fullhdfilmizlesene.now/minx/ftjs.1786843931.js:0
[   67902ms] [LOG] %c JSHandle@node @ https://www.fullhdfilmizlesene.now/minx/ftjs.1786843931.js:0
[   68401ms] [LOG] %c JSHandle@node @ https://www.fullhdfilmizlesene.now/minx/ftjs.1786843931.js:0
[   68896ms] [LOG] %c JSHandle@node @ https://www.fullhdfilmizlesene.now/minx/ftjs.1786843931.js:0
[   69399ms] [LOG] %c JSHandle@node @ https://www.fullhdfilmizlesene.now/minx/ftjs.1786843931.js:0
[   69899ms] [LOG] %c JSHandle@node @ https://www.fullhdfilmizlesene.now/minx/ftjs.1786843931.js:0
[   70394ms] [LOG] %c JSHandle@node @ https://www.fullhdfilmizlesene.now/minx/ftjs.1786843931.js:0
[   70895ms] [LOG] %c JSHandle@node @ https://www.fullhdfilmizlesene.now/minx/ftjs.1786843931.js:0
[   71405ms] [LOG] %c JSHandle@node @ https://www.fullhdfilmizlesene.now/minx/ftjs.1786843931.js:0
[   71898ms] [LOG] %c JSHandle@node @ https://www.fullhdfilmizlesene.now/minx/ftjs.1786843931.js:0
[   72392ms] [LOG] %c JSHandle@node @ https://www.fullhdfilmizlesene.now/minx/ftjs.1786843931.js:0
[   72901ms] [LOG] %c JSHandle@node @ https://www.fullhdfilmizlesene.now/minx/ftjs.1786843931.js:0
[   73398ms] [LOG] %c JSHandle@node @ https://www.fullhdfilmizlesene.now/minx/ftjs.1786843931.js:0
[   73896ms] [LOG] %c JSHandle@node @ https://www.fullhdfilmizlesene.now/minx/ftjs.1786843931.js:0
[   74393ms] [LOG] %c JSHandle@node @ https://www.fullhdfilmizlesene.now/minx/ftjs.1786843931.js:0
[   74893ms] [LOG] %c JSHandle@node @ https://www.fullhdfilmizlesene.now/minx/ftjs.1786843931.js:0
[   75407ms] [LOG] %c JSHandle@node @ https://www.fullhdfilmizlesene.now/minx/ftjs.1786843931.js:0
[   75907ms] [LOG] %c JSHandle@node @ https://www.fullhdfilmizlesene.now/minx/ftjs.1786843931.js:0
[   76407ms] [LOG] %c JSHandle@node @ https://www.fullhdfilmizlesene.now/minx/ftjs.1786843931.js:0
[   76904ms] [LOG] %c JSHandle@node @ https://www.fullhdfilmizlesene.now/minx/ftjs.1786843931.js:0
[   77403ms] [LOG] %c JSHandle@node @ https://www.fullhdfilmizlesene.now/minx/ftjs.1786843931.js:0
[   77901ms] [LOG] %c JSHandle@node @ https://www.fullhdfilmizlesene.now/minx/ftjs.1786843931.js:0
[   78397ms] [LOG] %c JSHandle@node @ https://www.fullhdfilmizlesene.now/minx/ftjs.1786843931.js:0
[   78892ms] [LOG] %c JSHandle@node @ https://www.fullhdfilmizlesene.now/minx/ftjs.1786843931.js:0
[   79407ms] [LOG] %c JSHandle@node @ https://www.fullhdfilmizlesene.now/minx/ftjs.1786843931.js:0
[   79905ms] [LOG] %c JSHandle@node @ https://www.fullhdfilmizlesene.now/minx/ftjs.1786843931.js:0
[   80405ms] [LOG] %c JSHandle@node @ https://www.fullhdfilmizlesene.now/minx/ftjs.1786843931.js:0
[   80904ms] [LOG] %c JSHandle@node @ https://www.fullhdfilmizlesene.now/minx/ftjs.1786843931.js:0
[   81401ms] [LOG] %c JSHandle@node @ https://www.fullhdfilmizlesene.now/minx/ftjs.1786843931.js:0
[   81892ms] [LOG] %c JSHandle@node @ https://www.fullhdfilmizlesene.now/minx/ftjs.1786843931.js:0
[   82402ms] [LOG] %c JSHandle@node @ https://www.fullhdfilmizlesene.now/minx/ftjs.1786843931.js:0
[   82893ms] [LOG] %c JSHandle@node @ https://www.fullhdfilmizlesene.now/minx/ftjs.1786843931.js:0
[   83402ms] [LOG] %c JSHandle@node @ https://www.fullhdfilmizlesene.now/minx/ftjs.1786843931.js:0
[   83893ms] [LOG] %c JSHandle@node @ https://www.fullhdfilmizlesene.now/minx/ftjs.1786843931.js:0
[   84406ms] [LOG] %c JSHandle@node @ https://www.fullhdfilmizlesene.now/minx/ftjs.1786843931.js:0
[   84901ms] [LOG] %c JSHandle@node @ https://www.fullhdfilmizlesene.now/minx/ftjs.1786843931.js:0
[   85401ms] [LOG] %c JSHandle@node @ https://www.fullhdfilmizlesene.now/minx/ftjs.1786843931.js:0
[   85900ms] [LOG] %c JSHandle@node @ https://www.fullhdfilmizlesene.now/minx/ftjs.1786843931.js:0
[   86395ms] [LOG] %c JSHandle@node @ https://www.fullhdfilmizlesene.now/minx/ftjs.1786843931.js:0
[   86894ms] [LOG] %c JSHandle@node @ https://www.fullhdfilmizlesene.now/minx/ftjs.1786843931.js:0
[   87406ms] [LOG] %c JSHandle@node @ https://www.fullhdfilmizlesene.now/minx/ftjs.1786843931.js:0
[   87900ms] [LOG] %c JSHandle@node @ https://www.fullhdfilmizlesene.now/minx/ftjs.1786843931.js:0
[   88396ms] [LOG] %c JSHandle@node @ https://www.fullhdfilmizlesene.now/minx/ftjs.1786843931.js:0
[   88897ms] [LOG] %c JSHandle@node @ https://www.fullhdfilmizlesene.now/minx/ftjs.1786843931.js:0
[   89397ms] [LOG] %c JSHandle@node @ https://www.fullhdfilmizlesene.now/minx/ftjs.1786843931.js:0
[   89896ms] [LOG] %c JSHandle@node @ https://www.fullhdfilmizlesene.now/minx/ftjs.1786843931.js:0
[   90406ms] [LOG] %c JSHandle@node @ https://www.fullhdfilmizlesene.now/minx/ftjs.1786843931.js:0
[   90901ms] [LOG] %c JSHandle@node @ https://www.fullhdfilmizlesene.now/minx/ftjs.1786843931.js:0
[   91396ms] [LOG] %c JSHandle@node @ https://www.fullhdfilmizlesene.now/minx/ftjs.1786843931.js:0
[   91896ms] [LOG] %c JSHandle@node @ https://www.fullhdfilmizlesene.now/minx/ftjs.1786843931.js:0
[   92392ms] [LOG] %c JSHandle@node @ https://www.fullhdfilmizlesene.now/minx/ftjs.1786843931.js:0
[   92892ms] [LOG] %c JSHandle@node @ https://www.fullhdfilmizlesene.now/minx/ftjs.1786843931.js:0
[   93406ms] [LOG] %c JSHandle@node @ https://www.fullhdfilmizlesene.now/minx/ftjs.1786843931.js:0
[   93904ms] [LOG] %c JSHandle@node @ https://www.fullhdfilmizlesene.now/minx/ftjs.1786843931.js:0
[   94402ms] [LOG] %c JSHandle@node @ https://www.fullhdfilmizlesene.now/minx/ftjs.1786843931.js:0
[   94897ms] [LOG] %c JSHandle@node @ https://www.fullhdfilmizlesene.now/minx/ftjs.1786843931.js:0
[   95393ms] [LOG] %c JSHandle@node @ https://www.fullhdfilmizlesene.now/minx/ftjs.1786843931.js:0
[   95891ms] [LOG] %c JSHandle@node @ https://www.fullhdfilmizlesene.now/minx/ftjs.1786843931.js:0
[   96403ms] [LOG] %c JSHandle@node @ https://www.fullhdfilmizlesene.now/minx/ftjs.1786843931.js:0
[   96901ms] [LOG] %c JSHandle@node @ https://www.fullhdfilmizlesene.now/minx/ftjs.1786843931.js:0
[   97400ms] [LOG] %c JSHandle@node @ https://www.fullhdfilmizlesene.now/minx/ftjs.1786843931.js:0
[   97898ms] [LOG] %c JSHandle@node @ https://www.fullhdfilmizlesene.now/minx/ftjs.1786843931.js:0
[   98397ms] [LOG] %c JSHandle@node @ https://www.fullhdfilmizlesene.now/minx/ftjs.1786843931.js:0
[   98898ms] [LOG] %c JSHandle@node @ https://www.fullhdfilmizlesene.now/minx/ftjs.1786843931.js:0
[   99399ms] [LOG] %c JSHandle@node @ https://www.fullhdfilmizlesene.now/minx/ftjs.1786843931.js:0
[   99895ms] [LOG] %c JSHandle@node @ https://www.fullhdfilmizlesene.now/minx/ftjs.1786843931.js:0
[  100397ms] [LOG] %c JSHandle@node @ https://www.fullhdfilmizlesene.now/minx/ftjs.1786843931.js:0
[  100895ms] [LOG] %c JSHandle@node @ https://www.fullhdfilmizlesene.now/minx/ftjs.1786843931.js:0
[  101392ms] [LOG] %c JSHandle@node @ https://www.fullhdfilmizlesene.now/minx/ftjs.1786843931.js:0
[  101899ms] [LOG] %c JSHandle@node @ https://www.fullhdfilmizlesene.now/minx/ftjs.1786843931.js:0
[  102401ms] [LOG] %c JSHandle@node @ https://www.fullhdfilmizlesene.now/minx/ftjs.1786843931.js:0
[  102903ms] [LOG] %c JSHandle@node @ https://www.fullhdfilmizlesene.now/minx/ftjs.1786843931.js:0
[  103404ms] [LOG] %c JSHandle@node @ https://www.fullhdfilmizlesene.now/minx/ftjs.1786843931.js:0
[  103902ms] [LOG] %c JSHandle@node @ https://www.fullhdfilmizlesene.now/minx/ftjs.1786843931.js:0
[  104404ms] [LOG] %c JSHandle@node @ https://www.fullhdfilmizlesene.now/minx/ftjs.1786843931.js:0
[  104907ms] [LOG] %c JSHandle@node @ https://www.fullhdfilmizlesene.now/minx/ftjs.1786843931.js:0
[  105393ms] [LOG] %c JSHandle@node @ https://www.fullhdfilmizlesene.now/minx/ftjs.1786843931.js:0
[  105892ms] [LOG] %c JSHandle@node @ https://www.fullhdfilmizlesene.now/minx/ftjs.1786843931.js:0
[  106393ms] [LOG] %c JSHandle@node @ https://www.fullhdfilmizlesene.now/minx/ftjs.1786843931.js:0
[  106907ms] [LOG] %c JSHandle@node @ https://www.fullhdfilmizlesene.now/minx/ftjs.1786843931.js:0
[  107406ms] [LOG] %c JSHandle@node @ https://www.fullhdfilmizlesene.now/minx/ftjs.1786843931.js:0
[  107892ms] [LOG] %c JSHandle@node @ https://www.fullhdfilmizlesene.now/minx/ftjs.1786843931.js:0
[  108394ms] [LOG] %c JSHandle@node @ https://www.fullhdfilmizlesene.now/minx/ftjs.1786843931.js:0
[  108906ms] [LOG] %c JSHandle@node @ https://www.fullhdfilmizlesene.now/minx/ftjs.1786843931.js:0
[  109403ms] [LOG] %c JSHandle@node @ https://www.fullhdfilmizlesene.now/minx/ftjs.1786843931.js:0
[  109903ms] [LOG] %c JSHandle@node @ https://www.fullhdfilmizlesene.now/minx/ftjs.1786843931.js:0
[  110403ms] [LOG] %c JSHandle@node @ https://www.fullhdfilmizlesene.now/minx/ftjs.1786843931.js:0
[  110902ms] [LOG] %c JSHandle@node @ https://www.fullhdfilmizlesene.now/minx/ftjs.1786843931.js:0
[  111396ms] [LOG] %c JSHandle@node @ https://www.fullhdfilmizlesene.now/minx/ftjs.1786843931.js:0
[  111895ms] [LOG] %c JSHandle@node @ https://www.fullhdfilmizlesene.now/minx/ftjs.1786843931.js:0
[  112395ms] [LOG] %c JSHandle@node @ https://www.fullhdfilmizlesene.now/minx/ftjs.1786843931.js:0
[  112893ms] [LOG] %c JSHandle@node @ https://www.fullhdfilmizlesene.now/minx/ftjs.1786843931.js:0
[  113395ms] [LOG] %c JSHandle@node @ https://www.fullhdfilmizlesene.now/minx/ftjs.1786843931.js:0
[  113895ms] [LOG] %c JSHandle@node @ https://www.fullhdfilmizlesene.now/minx/ftjs.1786843931.js:0
[  114392ms] [LOG] %c JSHandle@node @ https://www.fullhdfilmizlesene.now/minx/ftjs.1786843931.js:0
[  114893ms] [LOG] %c JSHandle@node @ https://www.fullhdfilmizlesene.now/minx/ftjs.1786843931.js:0
[  115405ms] [LOG] %c JSHandle@node @ https://www.fullhdfilmizlesene.now/minx/ftjs.1786843931.js:0
[  115906ms] [LOG] %c JSHandle@node @ https://www.fullhdfilmizlesene.now/minx/ftjs.1786843931.js:0
[  116407ms] [LOG] %c JSHandle@node @ https://www.fullhdfilmizlesene.now/minx/ftjs.1786843931.js:0
[  116906ms] [LOG] %c JSHandle@node @ https://www.fullhdfilmizlesene.now/minx/ftjs.1786843931.js:0
[  117393ms] [LOG] %c JSHandle@node @ https://www.fullhdfilmizlesene.now/minx/ftjs.1786843931.js:0
[  117895ms] [LOG] %c JSHandle@node @ https://www.fullhdfilmizlesene.now/minx/ftjs.1786843931.js:0
[  118397ms] [LOG] %c JSHandle@node @ https://www.fullhdfilmizlesene.now/minx/ftjs.1786843931.js:0
[  118896ms] [LOG] %c JSHandle@node @ https://www.fullhdfilmizlesene.now/minx/ftjs.1786843931.js:0
[  119407ms] [LOG] %c JSHandle@node @ https://www.fullhdfilmizlesene.now/minx/ftjs.1786843931.js:0
[  119906ms] [LOG] %c JSHandle@node @ https://www.fullhdfilmizlesene.now/minx/ftjs.1786843931.js:0
[  120392ms] [LOG] %c JSHandle@node @ https://www.fullhdfilmizlesene.now/minx/ftjs.1786843931.js:0
[  120895ms] [LOG] %c JSHandle@node @ https://www.fullhdfilmizlesene.now/minx/ftjs.1786843931.js:0
[  121396ms] [LOG] %c JSHandle@node @ https://www.fullhdfilmizlesene.now/minx/ftjs.1786843931.js:0
[  121894ms] [LOG] %c JSHandle@node @ https://www.fullhdfilmizlesene.now/minx/ftjs.1786843931.js:0
[  122395ms] [LOG] %c JSHandle@node @ https://www.fullhdfilmizlesene.now/minx/ftjs.1786843931.js:0
[  122892ms] [LOG] %c JSHandle@node @ https://www.fullhdfilmizlesene.now/minx/ftjs.1786843931.js:0
[  123395ms] [LOG] %c JSHandle@node @ https://www.fullhdfilmizlesene.now/minx/ftjs.1786843931.js:0
[  123893ms] [LOG] %c JSHandle@node @ https://www.fullhdfilmizlesene.now/minx/ftjs.1786843931.js:0
[  124406ms] [LOG] %c JSHandle@node @ https://www.fullhdfilmizlesene.now/minx/ftjs.1786843931.js:0
[  124905ms] [LOG] %c JSHandle@node @ https://www.fullhdfilmizlesene.now/minx/ftjs.1786843931.js:0
[  125403ms] [LOG] %c JSHandle@node @ https://www.fullhdfilmizlesene.now/minx/ftjs.1786843931.js:0
[  125905ms] [LOG] %c JSHandle@node @ https://www.fullhdfilmizlesene.now/minx/ftjs.1786843931.js:0
[  126392ms] [LOG] %c JSHandle@node @ https://www.fullhdfilmizlesene.now/minx/ftjs.1786843931.js:0
[  126892ms] [LOG] %c JSHandle@node @ https://www.fullhdfilmizlesene.now/minx/ftjs.1786843931.js:0
[  127392ms] [LOG] %c JSHandle@node @ https://www.fullhdfilmizlesene.now/minx/ftjs.1786843931.js:0
[  127894ms] [LOG] %c JSHandle@node @ https://www.fullhdfilmizlesene.now/minx/ftjs.1786843931.js:0
[  128394ms] [LOG] %c JSHandle@node @ https://www.fullhdfilmizlesene.now/minx/ftjs.1786843931.js:0
[  128898ms] [LOG] %c JSHandle@node @ https://www.fullhdfilmizlesene.now/minx/ftjs.1786843931.js:0
[  129396ms] [LOG] %c JSHandle@node @ https://www.fullhdfilmizlesene.now/minx/ftjs.1786843931.js:0
[  129897ms] [LOG] %c JSHandle@node @ https://www.fullhdfilmizlesene.now/minx/ftjs.1786843931.js:0
[  130396ms] [LOG] %c JSHandle@node @ https://www.fullhdfilmizlesene.now/minx/ftjs.1786843931.js:0
[  130897ms] [LOG] %c JSHandle@node @ https://www.fullhdfilmizlesene.now/minx/ftjs.1786843931.js:0
[  131392ms] [LOG] %c JSHandle@node @ https://www.fullhdfilmizlesene.now/minx/ftjs.1786843931.js:0
[  131902ms] [LOG] %c JSHandle@node @ https://www.fullhdfilmizlesene.now/minx/ftjs.1786843931.js:0
[  132402ms] [LOG] %c JSHandle@node @ https://www.fullhdfilmizlesene.now/minx/ftjs.1786843931.js:0
[  132899ms] [LOG] %c JSHandle@node @ https://www.fullhdfilmizlesene.now/minx/ftjs.1786843931.js:0
[  133395ms] [LOG] %c JSHandle@node @ https://www.fullhdfilmizlesene.now/minx/ftjs.1786843931.js:0
[  133905ms] [LOG] %c JSHandle@node @ https://www.fullhdfilmizlesene.now/minx/ftjs.1786843931.js:0
[  134406ms] [LOG] %c JSHandle@node @ https://www.fullhdfilmizlesene.now/minx/ftjs.1786843931.js:0
[  134906ms] [LOG] %c JSHandle@node @ https://www.fullhdfilmizlesene.now/minx/ftjs.1786843931.js:0
[  135404ms] [LOG] %c JSHandle@node @ https://www.fullhdfilmizlesene.now/minx/ftjs.1786843931.js:0
[  135904ms] [LOG] %c JSHandle@node @ https://www.fullhdfilmizlesene.now/minx/ftjs.1786843931.js:0
[  136399ms] [LOG] %c JSHandle@node @ https://www.fullhdfilmizlesene.now/minx/ftjs.1786843931.js:0
[  136899ms] [LOG] %c JSHandle@node @ https://www.fullhdfilmizlesene.now/minx/ftjs.1786843931.js:0
[  137398ms] [LOG] %c JSHandle@node @ https://www.fullhdfilmizlesene.now/minx/ftjs.1786843931.js:0
[  137895ms] [LOG] %c JSHandle@node @ https://www.fullhdfilmizlesene.now/minx/ftjs.1786843931.js:0
[  138406ms] [LOG] %c JSHandle@node @ https://www.fullhdfilmizlesene.now/minx/ftjs.1786843931.js:0
[  138905ms] [LOG] %c JSHandle@node @ https://www.fullhdfilmizlesene.now/minx/ftjs.1786843931.js:0
[  139407ms] [LOG] %c JSHandle@node @ https://www.fullhdfilmizlesene.now/minx/ftjs.1786843931.js:0
[  139906ms] [LOG] %c JSHandle@node @ https://www.fullhdfilmizlesene.now/minx/ftjs.1786843931.js:0
[  140402ms] [LOG] %c JSHandle@node @ https://www.fullhdfilmizlesene.now/minx/ftjs.1786843931.js:0
[  140900ms] [LOG] %c JSHandle@node @ https://www.fullhdfilmizlesene.now/minx/ftjs.1786843931.js:0
[  141399ms] [LOG] %c JSHandle@node @ https://www.fullhdfilmizlesene.now/minx/ftjs.1786843931.js:0
[  141898ms] [LOG] %c JSHandle@node @ https://www.fullhdfilmizlesene.now/minx/ftjs.1786843931.js:0
[  142394ms] [LOG] %c JSHandle@node @ https://www.fullhdfilmizlesene.now/minx/ftjs.1786843931.js:0
[  142892ms] [LOG] %c JSHandle@node @ https://www.fullhdfilmizlesene.now/minx/ftjs.1786843931.js:0
[  143394ms] [LOG] %c JSHandle@node @ https://www.fullhdfilmizlesene.now/minx/ftjs.1786843931.js:0
[  143894ms] [LOG] %c JSHandle@node @ https://www.fullhdfilmizlesene.now/minx/ftjs.1786843931.js:0
[  144404ms] [LOG] %c JSHandle@node @ https://www.fullhdfilmizlesene.now/minx/ftjs.1786843931.js:0
[  144903ms] [LOG] %c JSHandle@node @ https://www.fullhdfilmizlesene.now/minx/ftjs.1786843931.js:0
[  145405ms] [LOG] %c JSHandle@node @ https://www.fullhdfilmizlesene.now/minx/ftjs.1786843931.js:0
[  145900ms] [LOG] %c JSHandle@node @ https://www.fullhdfilmizlesene.now/minx/ftjs.1786843931.js:0
[  146396ms] [LOG] %c JSHandle@node @ https://www.fullhdfilmizlesene.now/minx/ftjs.1786843931.js:0
[  146894ms] [LOG] %c JSHandle@node @ https://www.fullhdfilmizlesene.now/minx/ftjs.1786843931.js:0
[  147393ms] [LOG] %c JSHandle@node @ https://www.fullhdfilmizlesene.now/minx/ftjs.1786843931.js:0
[  147892ms] [LOG] %c JSHandle@node @ https://www.fullhdfilmizlesene.now/minx/ftjs.1786843931.js:0
[  148405ms] [LOG] %c JSHandle@node @ https://www.fullhdfilmizlesene.now/minx/ftjs.1786843931.js:0
[  148898ms] [LOG] %c JSHandle@node @ https://www.fullhdfilmizlesene.now/minx/ftjs.1786843931.js:0
[  149397ms] [LOG] %c JSHandle@node @ https://www.fullhdfilmizlesene.now/minx/ftjs.1786843931.js:0
[  149896ms] [LOG] %c JSHandle@node @ https://www.fullhdfilmizlesene.now/minx/ftjs.1786843931.js:0
[  150398ms] [LOG] %c JSHandle@node @ https://www.fullhdfilmizlesene.now/minx/ftjs.1786843931.js:0
[  150896ms] [LOG] %c JSHandle@node @ https://www.fullhdfilmizlesene.now/minx/ftjs.1786843931.js:0
[  151394ms] [LOG] %c JSHandle@node @ https://www.fullhdfilmizlesene.now/minx/ftjs.1786843931.js:0
[  151903ms] [LOG] %c JSHandle@node @ https://www.fullhdfilmizlesene.now/minx/ftjs.1786843931.js:0
[  152402ms] [LOG] %c JSHandle@node @ https://www.fullhdfilmizlesene.now/minx/ftjs.1786843931.js:0
[  152902ms] [LOG] %c JSHandle@node @ https://www.fullhdfilmizlesene.now/minx/ftjs.1786843931.js:0
[  153399ms] [LOG] %c JSHandle@node @ https://www.fullhdfilmizlesene.now/minx/ftjs.1786843931.js:0
[  153899ms] [LOG] %c JSHandle@node @ https://www.fullhdfilmizlesene.now/minx/ftjs.1786843931.js:0
[  154396ms] [LOG] %c JSHandle@node @ https://www.fullhdfilmizlesene.now/minx/ftjs.1786843931.js:0
[  154895ms] [LOG] %c JSHandle@node @ https://www.fullhdfilmizlesene.now/minx/ftjs.1786843931.js:0
[  155393ms] [LOG] %c JSHandle@node @ https://www.fullhdfilmizlesene.now/minx/ftjs.1786843931.js:0
[  155892ms] [LOG] %c JSHandle@node @ https://www.fullhdfilmizlesene.now/minx/ftjs.1786843931.js:0
[  156394ms] [LOG] %c JSHandle@node @ https://www.fullhdfilmizlesene.now/minx/ftjs.1786843931.js:0
[  156892ms] [LOG] %c JSHandle@node @ https://www.fullhdfilmizlesene.now/minx/ftjs.1786843931.js:0
[  157407ms] [LOG] %c JSHandle@node @ https://www.fullhdfilmizlesene.now/minx/ftjs.1786843931.js:0
[  157906ms] [LOG] %c JSHandle@node @ https://www.fullhdfilmizlesene.now/minx/ftjs.1786843931.js:0
[  158403ms] [LOG] %c JSHandle@node @ https://www.fullhdfilmizlesene.now/minx/ftjs.1786843931.js:0
[  158899ms] [LOG] %c JSHandle@node @ https://www.fullhdfilmizlesene.now/minx/ftjs.1786843931.js:0
[  159398ms] [LOG] %c JSHandle@node @ https://www.fullhdfilmizlesene.now/minx/ftjs.1786843931.js:0
[  159895ms] [LOG] %c JSHandle@node @ https://www.fullhdfilmizlesene.now/minx/ftjs.1786843931.js:0
[  160395ms] [LOG] %c JSHandle@node @ https://www.fullhdfilmizlesene.now/minx/ftjs.1786843931.js:0
[  160893ms] [LOG] %c JSHandle@node @ https://www.fullhdfilmizlesene.now/minx/ftjs.1786843931.js:0
[  161398ms] [LOG] %c JSHandle@node @ https://www.fullhdfilmizlesene.now/minx/ftjs.1786843931.js:0
[  161901ms] [LOG] %c JSHandle@node @ https://www.fullhdfilmizlesene.now/minx/ftjs.1786843931.js:0
[  162398ms] [LOG] %c JSHandle@node @ https://www.fullhdfilmizlesene.now/minx/ftjs.1786843931.js:0
[  162893ms] [LOG] %c JSHandle@node @ https://www.fullhdfilmizlesene.now/minx/ftjs.1786843931.js:0
[  163396ms] [LOG] %c JSHandle@node @ https://www.fullhdfilmizlesene.now/minx/ftjs.1786843931.js:0
[  163904ms] [LOG] %c JSHandle@node @ https://www.fullhdfilmizlesene.now/minx/ftjs.1786843931.js:0
[  164406ms] [LOG] %c JSHandle@node @ https://www.fullhdfilmizlesene.now/minx/ftjs.1786843931.js:0
[  164906ms] [LOG] %c JSHandle@node @ https://www.fullhdfilmizlesene.now/minx/ftjs.1786843931.js:0
[  165401ms] [LOG] %c JSHandle@node @ https://www.fullhdfilmizlesene.now/minx/ftjs.1786843931.js:0
[  165898ms] [LOG] %c JSHandle@node @ https://www.fullhdfilmizlesene.now/minx/ftjs.1786843931.js:0
[  166393ms] [LOG] %c JSHandle@node @ https://www.fullhdfilmizlesene.now/minx/ftjs.1786843931.js:0
[  166894ms] [LOG] %c JSHandle@node @ https://www.fullhdfilmizlesene.now/minx/ftjs.1786843931.js:0
[  167404ms] [LOG] %c JSHandle@node @ https://www.fullhdfilmizlesene.now/minx/ftjs.1786843931.js:0
[  167904ms] [LOG] %c JSHandle@node @ https://www.fullhdfilmizlesene.now/minx/ftjs.1786843931.js:0
[  168391ms] [LOG] %c JSHandle@node @ https://www.fullhdfilmizlesene.now/minx/ftjs.1786843931.js:0
[  168897ms] [LOG] %c JSHandle@node @ https://www.fullhdfilmizlesene.now/minx/ftjs.1786843931.js:0
[  169400ms] [LOG] %c JSHandle@node @ https://www.fullhdfilmizlesene.now/minx/ftjs.1786843931.js:0
[  169901ms] [LOG] %c JSHandle@node @ https://www.fullhdfilmizlesene.now/minx/ftjs.1786843931.js:0
[  170397ms] [LOG] %c JSHandle@node @ https://www.fullhdfilmizlesene.now/minx/ftjs.1786843931.js:0
[  170895ms] [LOG] %c JSHandle@node @ https://www.fullhdfilmizlesene.now/minx/ftjs.1786843931.js:0
[  171393ms] [LOG] %c JSHandle@node @ https://www.fullhdfilmizlesene.now/minx/ftjs.1786843931.js:0
[  171893ms] [LOG] %c JSHandle@node @ https://www.fullhdfilmizlesene.now/minx/ftjs.1786843931.js:0
[  172396ms] [LOG] %c JSHandle@node @ https://www.fullhdfilmizlesene.now/minx/ftjs.1786843931.js:0
[  172904ms] [LOG] %c JSHandle@node @ https://www.fullhdfilmizlesene.now/minx/ftjs.1786843931.js:0
[  173392ms] [LOG] %c JSHandle@node @ https://www.fullhdfilmizlesene.now/minx/ftjs.1786843931.js:0
[  173905ms] [LOG] %c JSHandle@node @ https://www.fullhdfilmizlesene.now/minx/ftjs.1786843931.js:0
[  174405ms] [LOG] %c JSHandle@node @ https://www.fullhdfilmizlesene.now/minx/ftjs.1786843931.js:0
[  174892ms] [LOG] %c JSHandle@node @ https://www.fullhdfilmizlesene.now/minx/ftjs.1786843931.js:0
[  175397ms] [LOG] %c JSHandle@node @ https://www.fullhdfilmizlesene.now/minx/ftjs.1786843931.js:0
[  175893ms] [LOG] %c JSHandle@node @ https://www.fullhdfilmizlesene.now/minx/ftjs.1786843931.js:0
[  176393ms] [LOG] %c JSHandle@node @ https://www.fullhdfilmizlesene.now/minx/ftjs.1786843931.js:0
[  176892ms] [LOG] %c JSHandle@node @ https://www.fullhdfilmizlesene.now/minx/ftjs.1786843931.js:0
[  177406ms] [LOG] %c JSHandle@node @ https://www.fullhdfilmizlesene.now/minx/ftjs.1786843931.js:0
[  177899ms] [LOG] %c JSHandle@node @ https://www.fullhdfilmizlesene.now/minx/ftjs.1786843931.js:0
[  178400ms] [LOG] %c JSHandle@node @ https://www.fullhdfilmizlesene.now/minx/ftjs.1786843931.js:0
[  178899ms] [LOG] %c JSHandle@node @ https://www.fullhdfilmizlesene.now/minx/ftjs.1786843931.js:0
[  179399ms] [LOG] %c JSHandle@node @ https://www.fullhdfilmizlesene.now/minx/ftjs.1786843931.js:0
[  179896ms] [LOG] %c JSHandle@node @ https://www.fullhdfilmizlesene.now/minx/ftjs.1786843931.js:0
[  180395ms] [LOG] %c JSHandle@node @ https://www.fullhdfilmizlesene.now/minx/ftjs.1786843931.js:0
[  180895ms] [LOG] %c JSHandle@node @ https://www.fullhdfilmizlesene.now/minx/ftjs.1786843931.js:0
[  181404ms] [LOG] %c JSHandle@node @ https://www.fullhdfilmizlesene.now/minx/ftjs.1786843931.js:0
[  181901ms] [LOG] %c JSHandle@node @ https://www.fullhdfilmizlesene.now/minx/ftjs.1786843931.js:0
[  182397ms] [LOG] %c JSHandle@node @ https://www.fullhdfilmizlesene.now/minx/ftjs.1786843931.js:0
[  182893ms] [LOG] %c JSHandle@node @ https://www.fullhdfilmizlesene.now/minx/ftjs.1786843931.js:0
[  183394ms] [LOG] %c JSHandle@node @ https://www.fullhdfilmizlesene.now/minx/ftjs.1786843931.js:0
[  183893ms] [LOG] %c JSHandle@node @ https://www.fullhdfilmizlesene.now/minx/ftjs.1786843931.js:0
[  184392ms] [LOG] %c JSHandle@node @ https://www.fullhdfilmizlesene.now/minx/ftjs.1786843931.js:0
[  184893ms] [LOG] %c JSHandle@node @ https://www.fullhdfilmizlesene.now/minx/ftjs.1786843931.js:0
[  185405ms] [LOG] %c JSHandle@node @ https://www.fullhdfilmizlesene.now/minx/ftjs.1786843931.js:0
[  185900ms] [LOG] %c JSHandle@node @ https://www.fullhdfilmizlesene.now/minx/ftjs.1786843931.js:0
[  186399ms] [LOG] %c JSHandle@node @ https://www.fullhdfilmizlesene.now/minx/ftjs.1786843931.js:0
[  186897ms] [LOG] %c JSHandle@node @ https://www.fullhdfilmizlesene.now/minx/ftjs.1786843931.js:0
[  187392ms] [LOG] %c JSHandle@node @ https://www.fullhdfilmizlesene.now/minx/ftjs.1786843931.js:0
[  187905ms] [LOG] %c JSHandle@node @ https://www.fullhdfilmizlesene.now/minx/ftjs.1786843931.js:0
[  188402ms] [LOG] %c JSHandle@node @ https://www.fullhdfilmizlesene.now/minx/ftjs.1786843931.js:0
[  188901ms] [LOG] %c JSHandle@node @ https://www.fullhdfilmizlesene.now/minx/ftjs.1786843931.js:0
[  189395ms] [LOG] %c JSHandle@node @ https://www.fullhdfilmizlesene.now/minx/ftjs.1786843931.js:0
[  189893ms] [LOG] %c JSHandle@node @ https://www.fullhdfilmizlesene.now/minx/ftjs.1786843931.js:0
[  190406ms] [LOG] %c JSHandle@node @ https://www.fullhdfilmizlesene.now/minx/ftjs.1786843931.js:0
[  190904ms] [LOG] %c JSHandle@node @ https://www.fullhdfilmizlesene.now/minx/ftjs.1786843931.js:0
[  191405ms] [LOG] %c JSHandle@node @ https://www.fullhdfilmizlesene.now/minx/ftjs.1786843931.js:0
[  191900ms] [LOG] %c JSHandle@node @ https://www.fullhdfilmizlesene.now/minx/ftjs.1786843931.js:0
[  192396ms] [LOG] %c JSHandle@node @ https://www.fullhdfilmizlesene.now/minx/ftjs.1786843931.js:0
[  192895ms] [LOG] %c JSHandle@node @ https://www.fullhdfilmizlesene.now/minx/ftjs.1786843931.js:0
[  193393ms] [LOG] %c JSHandle@node @ https://www.fullhdfilmizlesene.now/minx/ftjs.1786843931.js:0
[  193903ms] [LOG] %c JSHandle@node @ https://www.fullhdfilmizlesene.now/minx/ftjs.1786843931.js:0
[  194398ms] [LOG] %c JSHandle@node @ https://www.fullhdfilmizlesene.now/minx/ftjs.1786843931.js:0
[  194894ms] [LOG] %c JSHandle@node @ https://www.fullhdfilmizlesene.now/minx/ftjs.1786843931.js:0
[  195403ms] [LOG] %c JSHandle@node @ https://www.fullhdfilmizlesene.now/minx/ftjs.1786843931.js:0
[  195901ms] [LOG] %c JSHandle@node @ https://www.fullhdfilmizlesene.now/minx/ftjs.1786843931.js:0
[  196398ms] [LOG] %c JSHandle@node @ https://www.fullhdfilmizlesene.now/minx/ftjs.1786843931.js:0
[  196896ms] [LOG] %c JSHandle@node @ https://www.fullhdfilmizlesene.now/minx/ftjs.1786843931.js:0
[  197394ms] [LOG] %c JSHandle@node @ https://www.fullhdfilmizlesene.now/minx/ftjs.1786843931.js:0
[  197892ms] [LOG] %c JSHandle@node @ https://www.fullhdfilmizlesene.now/minx/ftjs.1786843931.js:0
[  198407ms] [LOG] %c JSHandle@node @ https://www.fullhdfilmizlesene.now/minx/ftjs.1786843931.js:0
[  198894ms] [LOG] %c JSHandle@node @ https://www.fullhdfilmizlesene.now/minx/ftjs.1786843931.js:0
[  199399ms] [LOG] %c JSHandle@node @ https://www.fullhdfilmizlesene.now/minx/ftjs.1786843931.js:0
[  199900ms] [LOG] %c JSHandle@node @ https://www.fullhdfilmizlesene.now/minx/ftjs.1786843931.js:0
[  200402ms] [LOG] %c JSHandle@node @ https://www.fullhdfilmizlesene.now/minx/ftjs.1786843931.js:0
[  200901ms] [LOG] %c JSHandle@node @ https://www.fullhdfilmizlesene.now/minx/ftjs.1786843931.js:0
[  201397ms] [LOG] %c JSHandle@node @ https://www.fullhdfilmizlesene.now/minx/ftjs.1786843931.js:0
[  201897ms] [LOG] %c JSHandle@node @ https://www.fullhdfilmizlesene.now/minx/ftjs.1786843931.js:0
[  202392ms] [LOG] %c JSHandle@node @ https://www.fullhdfilmizlesene.now/minx/ftjs.1786843931.js:0
[  202892ms] [LOG] %c JSHandle@node @ https://www.fullhdfilmizlesene.now/minx/ftjs.1786843931.js:0
[  203406ms] [LOG] %c JSHandle@node @ https://www.fullhdfilmizlesene.now/minx/ftjs.1786843931.js:0
[  203902ms] [LOG] %c JSHandle@node @ https://www.fullhdfilmizlesene.now/minx/ftjs.1786843931.js:0
[  204399ms] [LOG] %c JSHandle@node @ https://www.fullhdfilmizlesene.now/minx/ftjs.1786843931.js:0
[  204895ms] [LOG] %c JSHandle@node @ https://www.fullhdfilmizlesene.now/minx/ftjs.1786843931.js:0
[  205404ms] [LOG] %c JSHandle@node @ https://www.fullhdfilmizlesene.now/minx/ftjs.1786843931.js:0
[  205898ms] [LOG] %c JSHandle@node @ https://www.fullhdfilmizlesene.now/minx/ftjs.1786843931.js:0
[  206399ms] [LOG] %c JSHandle@node @ https://www.fullhdfilmizlesene.now/minx/ftjs.1786843931.js:0
[  206897ms] [LOG] %c JSHandle@node @ https://www.fullhdfilmizlesene.now/minx/ftjs.1786843931.js:0
[  207392ms] [LOG] %c JSHandle@node @ https://www.fullhdfilmizlesene.now/minx/ftjs.1786843931.js:0
[  207894ms] [LOG] %c JSHandle@node @ https://www.fullhdfilmizlesene.now/minx/ftjs.1786843931.js:0
[  208399ms] [LOG] %c JSHandle@node @ https://www.fullhdfilmizlesene.now/minx/ftjs.1786843931.js:0
[  208901ms] [LOG] %c JSHandle@node @ https://www.fullhdfilmizlesene.now/minx/ftjs.1786843931.js:0
[  209402ms] [LOG] %c JSHandle@node @ https://www.fullhdfilmizlesene.now/minx/ftjs.1786843931.js:0
[  209897ms] [LOG] %c JSHandle@node @ https://www.fullhdfilmizlesene.now/minx/ftjs.1786843931.js:0
[  210396ms] [LOG] %c JSHandle@node @ https://www.fullhdfilmizlesene.now/minx/ftjs.1786843931.js:0
[  210898ms] [LOG] %c JSHandle@node @ https://www.fullhdfilmizlesene.now/minx/ftjs.1786843931.js:0
[  211393ms] [LOG] %c JSHandle@node @ https://www.fullhdfilmizlesene.now/minx/ftjs.1786843931.js:0
[  211907ms] [LOG] %c JSHandle@node @ https://www.fullhdfilmizlesene.now/minx/ftjs.1786843931.js:0
[  212396ms] [LOG] %c JSHandle@node @ https://www.fullhdfilmizlesene.now/minx/ftjs.1786843931.js:0
[  212892ms] [LOG] %c JSHandle@node @ https://www.fullhdfilmizlesene.now/minx/ftjs.1786843931.js:0
[  213394ms] [LOG] %c JSHandle@node @ https://www.fullhdfilmizlesene.now/minx/ftjs.1786843931.js:0
[  213905ms] [LOG] %c JSHandle@node @ https://www.fullhdfilmizlesene.now/minx/ftjs.1786843931.js:0
[  214400ms] [LOG] %c JSHandle@node @ https://www.fullhdfilmizlesene.now/minx/ftjs.1786843931.js:0
[  214903ms] [LOG] %c JSHandle@node @ https://www.fullhdfilmizlesene.now/minx/ftjs.1786843931.js:0
[  215403ms] [LOG] %c JSHandle@node @ https://www.fullhdfilmizlesene.now/minx/ftjs.1786843931.js:0
[  215902ms] [LOG] %c JSHandle@node @ https://www.fullhdfilmizlesene.now/minx/ftjs.1786843931.js:0
[  216399ms] [LOG] %c JSHandle@node @ https://www.fullhdfilmizlesene.now/minx/ftjs.1786843931.js:0
[  216896ms] [LOG] %c JSHandle@node @ https://www.fullhdfilmizlesene.now/minx/ftjs.1786843931.js:0
[  217394ms] [LOG] %c JSHandle@node @ https://www.fullhdfilmizlesene.now/minx/ftjs.1786843931.js:0
[  217894ms] [LOG] %c JSHandle@node @ https://www.fullhdfilmizlesene.now/minx/ftjs.1786843931.js:0
[  218394ms] [LOG] %c JSHandle@node @ https://www.fullhdfilmizlesene.now/minx/ftjs.1786843931.js:0
[  218906ms] [LOG] %c JSHandle@node @ https://www.fullhdfilmizlesene.now/minx/ftjs.1786843931.js:0
[  219404ms] [LOG] %c JSHandle@node @ https://www.fullhdfilmizlesene.now/minx/ftjs.1786843931.js:0
[  219903ms] [LOG] %c JSHandle@node @ https://www.fullhdfilmizlesene.now/minx/ftjs.1786843931.js:0
[  220400ms] [LOG] %c JSHandle@node @ https://www.fullhdfilmizlesene.now/minx/ftjs.1786843931.js:0
[  220897ms] [LOG] %c JSHandle@node @ https://www.fullhdfilmizlesene.now/minx/ftjs.1786843931.js:0
[  221393ms] [LOG] %c JSHandle@node @ https://www.fullhdfilmizlesene.now/minx/ftjs.1786843931.js:0
[  221904ms] [LOG] %c JSHandle@node @ https://www.fullhdfilmizlesene.now/minx/ftjs.1786843931.js:0
[  222392ms] [LOG] %c JSHandle@node @ https://www.fullhdfilmizlesene.now/minx/ftjs.1786843931.js:0
[  222891ms] [LOG] %c JSHandle@node @ https://www.fullhdfilmizlesene.now/minx/ftjs.1786843931.js:0
[  223404ms] [LOG] %c JSHandle@node @ https://www.fullhdfilmizlesene.now/minx/ftjs.1786843931.js:0
[  223903ms] [LOG] %c JSHandle@node @ https://www.fullhdfilmizlesene.now/minx/ftjs.1786843931.js:0
[  224398ms] [LOG] %c JSHandle@node @ https://www.fullhdfilmizlesene.now/minx/ftjs.1786843931.js:0
[  224898ms] [LOG] %c JSHandle@node @ https://www.fullhdfilmizlesene.now/minx/ftjs.1786843931.js:0
[  225399ms] [LOG] %c JSHandle@node @ https://www.fullhdfilmizlesene.now/minx/ftjs.1786843931.js:0
[  225896ms] [LOG] %c JSHandle@node @ https://www.fullhdfilmizlesene.now/minx/ftjs.1786843931.js:0
[  226393ms] [LOG] %c JSHandle@node @ https://www.fullhdfilmizlesene.now/minx/ftjs.1786843931.js:0
[  226906ms] [LOG] %c JSHandle@node @ https://www.fullhdfilmizlesene.now/minx/ftjs.1786843931.js:0
[  227392ms] [LOG] %c JSHandle@node @ https://www.fullhdfilmizlesene.now/minx/ftjs.1786843931.js:0
[  227896ms] [LOG] %c JSHandle@node @ https://www.fullhdfilmizlesene.now/minx/ftjs.1786843931.js:0
[  228391ms] [LOG] %c JSHandle@node @ https://www.fullhdfilmizlesene.now/minx/ftjs.1786843931.js:0
[  228892ms] [LOG] %c JSHandle@node @ https://www.fullhdfilmizlesene.now/minx/ftjs.1786843931.js:0
[  229405ms] [LOG] %c JSHandle@node @ https://www.fullhdfilmizlesene.now/minx/ftjs.1786843931.js:0
[  229904ms] [LOG] %c JSHandle@node @ https://www.fullhdfilmizlesene.now/minx/ftjs.1786843931.js:0
[  230404ms] [LOG] %c JSHandle@node @ https://www.fullhdfilmizlesene.now/minx/ftjs.1786843931.js:0
[  230901ms] [LOG] %c JSHandle@node @ https://www.fullhdfilmizlesene.now/minx/ftjs.1786843931.js:0
[  231400ms] [LOG] %c JSHandle@node @ https://www.fullhdfilmizlesene.now/minx/ftjs.1786843931.js:0
[  231892ms] [LOG] %c JSHandle@node @ https://www.fullhdfilmizlesene.now/minx/ftjs.1786843931.js:0
[  232398ms] [LOG] %c JSHandle@node @ https://www.fullhdfilmizlesene.now/minx/ftjs.1786843931.js:0
[  232907ms] [LOG] %c JSHandle@node @ https://www.fullhdfilmizlesene.now/minx/ftjs.1786843931.js:0
[  233405ms] [LOG] %c JSHandle@node @ https://www.fullhdfilmizlesene.now/minx/ftjs.1786843931.js:0
[  233906ms] [LOG] %c JSHandle@node @ https://www.fullhdfilmizlesene.now/minx/ftjs.1786843931.js:0
[  234401ms] [LOG] %c JSHandle@node @ https://www.fullhdfilmizlesene.now/minx/ftjs.1786843931.js:0
[  234899ms] [LOG] %c JSHandle@node @ https://www.fullhdfilmizlesene.now/minx/ftjs.1786843931.js:0
[  235398ms] [LOG] %c JSHandle@node @ https://www.fullhdfilmizlesene.now/minx/ftjs.1786843931.js:0
[  235898ms] [LOG] %c JSHandle@node @ https://www.fullhdfilmizlesene.now/minx/ftjs.1786843931.js:0
[  236392ms] [LOG] %c JSHandle@node @ https://www.fullhdfilmizlesene.now/minx/ftjs.1786843931.js:0
[  236892ms] [LOG] %c JSHandle@node @ https://www.fullhdfilmizlesene.now/minx/ftjs.1786843931.js:0
[  237400ms] [LOG] %c JSHandle@node @ https://www.fullhdfilmizlesene.now/minx/ftjs.1786843931.js:0
[  237906ms] [LOG] %c JSHandle@node @ https://www.fullhdfilmizlesene.now/minx/ftjs.1786843931.js:0
[  238407ms] [LOG] %c JSHandle@node @ https://www.fullhdfilmizlesene.now/minx/ftjs.1786843931.js:0
[  238894ms] [LOG] %c JSHandle@node @ https://www.fullhdfilmizlesene.now/minx/ftjs.1786843931.js:0
[  239392ms] [LOG] %c JSHandle@node @ https://www.fullhdfilmizlesene.now/minx/ftjs.1786843931.js:0
[  239897ms] [LOG] %c JSHandle@node @ https://www.fullhdfilmizlesene.now/minx/ftjs.1786843931.js:0
[  240397ms] [LOG] %c JSHandle@node @ https://www.fullhdfilmizlesene.now/minx/ftjs.1786843931.js:0
[  240896ms] [LOG] %c JSHandle@node @ https://www.fullhdfilmizlesene.now/minx/ftjs.1786843931.js:0
[  241393ms] [LOG] %c JSHandle@node @ https://www.fullhdfilmizlesene.now/minx/ftjs.1786843931.js:0
[  241907ms] [LOG] %c JSHandle@node @ https://www.fullhdfilmizlesene.now/minx/ftjs.1786843931.js:0
[  242404ms] [LOG] %c JSHandle@node @ https://www.fullhdfilmizlesene.now/minx/ftjs.1786843931.js:0
[  242904ms] [LOG] %c JSHandle@node @ https://www.fullhdfilmizlesene.now/minx/ftjs.1786843931.js:0
[  243400ms] [LOG] %c JSHandle@node @ https://www.fullhdfilmizlesene.now/minx/ftjs.1786843931.js:0
[  243897ms] [LOG] %c JSHandle@node @ https://www.fullhdfilmizlesene.now/minx/ftjs.1786843931.js:0
[  244397ms] [LOG] %c JSHandle@node @ https://www.fullhdfilmizlesene.now/minx/ftjs.1786843931.js:0
[  244899ms] [LOG] %c JSHandle@node @ https://www.fullhdfilmizlesene.now/minx/ftjs.1786843931.js:0
[  245398ms] [LOG] %c JSHandle@node @ https://www.fullhdfilmizlesene.now/minx/ftjs.1786843931.js:0
[  245901ms] [LOG] %c JSHandle@node @ https://www.fullhdfilmizlesene.now/minx/ftjs.1786843931.js:0
[  246404ms] [LOG] %c JSHandle@node @ https://www.fullhdfilmizlesene.now/minx/ftjs.1786843931.js:0
[  246905ms] [LOG] %c JSHandle@node @ https://www.fullhdfilmizlesene.now/minx/ftjs.1786843931.js:0
[  247400ms] [LOG] %c JSHandle@node @ https://www.fullhdfilmizlesene.now/minx/ftjs.1786843931.js:0
[  247897ms] [LOG] %c JSHandle@node @ https://www.fullhdfilmizlesene.now/minx/ftjs.1786843931.js:0
[  248395ms] [LOG] %c JSHandle@node @ https://www.fullhdfilmizlesene.now/minx/ftjs.1786843931.js:0
[  248896ms] [LOG] %c JSHandle@node @ https://www.fullhdfilmizlesene.now/minx/ftjs.1786843931.js:0
[  249406ms] [LOG] %c JSHandle@node @ https://www.fullhdfilmizlesene.now/minx/ftjs.1786843931.js:0
[  249904ms] [LOG] %c JSHandle@node @ https://www.fullhdfilmizlesene.now/minx/ftjs.1786843931.js:0
[  250405ms] [LOG] %c JSHandle@node @ https://www.fullhdfilmizlesene.now/minx/ftjs.1786843931.js:0
[  250906ms] [LOG] %c JSHandle@node @ https://www.fullhdfilmizlesene.now/minx/ftjs.1786843931.js:0
[  251404ms] [LOG] %c JSHandle@node @ https://www.fullhdfilmizlesene.now/minx/ftjs.1786843931.js:0
[  251907ms] [LOG] %c JSHandle@node @ https://www.fullhdfilmizlesene.now/minx/ftjs.1786843931.js:0
[  252391ms] [LOG] %c JSHandle@node @ https://www.fullhdfilmizlesene.now/minx/ftjs.1786843931.js:0
[  252907ms] [LOG] %c JSHandle@node @ https://www.fullhdfilmizlesene.now/minx/ftjs.1786843931.js:0
[  253392ms] [LOG] %c JSHandle@node @ https://www.fullhdfilmizlesene.now/minx/ftjs.1786843931.js:0
[  253893ms] [LOG] %c JSHandle@node @ https://www.fullhdfilmizlesene.now/minx/ftjs.1786843931.js:0
[  254405ms] [LOG] %c JSHandle@node @ https://www.fullhdfilmizlesene.now/minx/ftjs.1786843931.js:0
[  254892ms] [LOG] %c JSHandle@node @ https://www.fullhdfilmizlesene.now/minx/ftjs.1786843931.js:0
[  255406ms] [LOG] %c JSHandle@node @ https://www.fullhdfilmizlesene.now/minx/ftjs.1786843931.js:0
[  255906ms] [LOG] %c JSHandle@node @ https://www.fullhdfilmizlesene.now/minx/ftjs.1786843931.js:0
[  256405ms] [LOG] %c JSHandle@node @ https://www.fullhdfilmizlesene.now/minx/ftjs.1786843931.js:0
[  256905ms] [LOG] %c JSHandle@node @ https://www.fullhdfilmizlesene.now/minx/ftjs.1786843931.js:0
[  257407ms] [LOG] %c JSHandle@node @ https://www.fullhdfilmizlesene.now/minx/ftjs.1786843931.js:0
[  257907ms] [LOG] %c JSHandle@node @ https://www.fullhdfilmizlesene.now/minx/ftjs.1786843931.js:0
[  258404ms] [LOG] %c JSHandle@node @ https://www.fullhdfilmizlesene.now/minx/ftjs.1786843931.js:0
[  258902ms] [LOG] %c JSHandle@node @ https://www.fullhdfilmizlesene.now/minx/ftjs.1786843931.js:0
[  259404ms] [LOG] %c JSHandle@node @ https://www.fullhdfilmizlesene.now/minx/ftjs.1786843931.js:0
[  259902ms] [LOG] %c JSHandle@node @ https://www.fullhdfilmizlesene.now/minx/ftjs.1786843931.js:0
[  260401ms] [LOG] %c JSHandle@node @ https://www.fullhdfilmizlesene.now/minx/ftjs.1786843931.js:0
[  260901ms] [LOG] %c JSHandle@node @ https://www.fullhdfilmizlesene.now/minx/ftjs.1786843931.js:0
[  261398ms] [LOG] %c JSHandle@node @ https://www.fullhdfilmizlesene.now/minx/ftjs.1786843931.js:0
[  261897ms] [LOG] %c JSHandle@node @ https://www.fullhdfilmizlesene.now/minx/ftjs.1786843931.js:0
[  262393ms] [LOG] %c JSHandle@node @ https://www.fullhdfilmizlesene.now/minx/ftjs.1786843931.js:0
[  262904ms] [LOG] %c JSHandle@node @ https://www.fullhdfilmizlesene.now/minx/ftjs.1786843931.js:0
[  263402ms] [LOG] %c JSHandle@node @ https://www.fullhdfilmizlesene.now/minx/ftjs.1786843931.js:0
[  263902ms] [LOG] %c JSHandle@node @ https://www.fullhdfilmizlesene.now/minx/ftjs.1786843931.js:0
[  264396ms] [LOG] %c JSHandle@node @ https://www.fullhdfilmizlesene.now/minx/ftjs.1786843931.js:0
[  264895ms] [LOG] %c JSHandle@node @ https://www.fullhdfilmizlesene.now/minx/ftjs.1786843931.js:0
[  265393ms] [LOG] %c JSHandle@node @ https://www.fullhdfilmizlesene.now/minx/ftjs.1786843931.js:0
[  265892ms] [LOG] %c JSHandle@node @ https://www.fullhdfilmizlesene.now/minx/ftjs.1786843931.js:0
[  266395ms] [LOG] %c JSHandle@node @ https://www.fullhdfilmizlesene.now/minx/ftjs.1786843931.js:0
[  266892ms] [LOG] %c JSHandle@node @ https://www.fullhdfilmizlesene.now/minx/ftjs.1786843931.js:0
[  267405ms] [LOG] %c JSHandle@node @ https://www.fullhdfilmizlesene.now/minx/ftjs.1786843931.js:0
[  267905ms] [LOG] %c JSHandle@node @ https://www.fullhdfilmizlesene.now/minx/ftjs.1786843931.js:0
[  268401ms] [LOG] %c JSHandle@node @ https://www.fullhdfilmizlesene.now/minx/ftjs.1786843931.js:0
[  268900ms] [LOG] %c JSHandle@node @ https://www.fullhdfilmizlesene.now/minx/ftjs.1786843931.js:0
[  269399ms] [LOG] %c JSHandle@node @ https://www.fullhdfilmizlesene.now/minx/ftjs.1786843931.js:0
[  269898ms] [LOG] %c JSHandle@node @ https://www.fullhdfilmizlesene.now/minx/ftjs.1786843931.js:0
[  270400ms] [LOG] %c JSHandle@node @ https://www.fullhdfilmizlesene.now/minx/ftjs.1786843931.js:0
[  270901ms] [LOG] %c JSHandle@node @ https://www.fullhdfilmizlesene.now/minx/ftjs.1786843931.js:0
[  271402ms] [LOG] %c JSHandle@node @ https://www.fullhdfilmizlesene.now/minx/ftjs.1786843931.js:0
[  271903ms] [LOG] %c JSHandle@node @ https://www.fullhdfilmizlesene.now/minx/ftjs.1786843931.js:0
[  272401ms] [LOG] %c JSHandle@node @ https://www.fullhdfilmizlesene.now/minx/ftjs.1786843931.js:0
[  272892ms] [LOG] %c JSHandle@node @ https://www.fullhdfilmizlesene.now/minx/ftjs.1786843931.js:0
[  273402ms] [LOG] %c JSHandle@node @ https://www.fullhdfilmizlesene.now/minx/ftjs.1786843931.js:0
[  273906ms] [LOG] %c JSHandle@node @ https://www.fullhdfilmizlesene.now/minx/ftjs.1786843931.js:0
[  274394ms] [LOG] %c JSHandle@node @ https://www.fullhdfilmizlesene.now/minx/ftjs.1786843931.js:0
[  274896ms] [LOG] %c JSHandle@node @ https://www.fullhdfilmizlesene.now/minx/ftjs.1786843931.js:0
[  275399ms] [LOG] %c JSHandle@node @ https://www.fullhdfilmizlesene.now/minx/ftjs.1786843931.js:0
[  275894ms] [LOG] %c JSHandle@node @ https://www.fullhdfilmizlesene.now/minx/ftjs.1786843931.js:0
[  276395ms] [LOG] %c JSHandle@node @ https://www.fullhdfilmizlesene.now/minx/ftjs.1786843931.js:0
[  276907ms] [LOG] %c JSHandle@node @ https://www.fullhdfilmizlesene.now/minx/ftjs.1786843931.js:0
[  277392ms] [LOG] %c JSHandle@node @ https://www.fullhdfilmizlesene.now/minx/ftjs.1786843931.js:0
[  277894ms] [LOG] %c JSHandle@node @ https://www.fullhdfilmizlesene.now/minx/ftjs.1786843931.js:0
[  278392ms] [LOG] %c JSHandle@node @ https://www.fullhdfilmizlesene.now/minx/ftjs.1786843931.js:0
[  278892ms] [LOG] %c JSHandle@node @ https://www.fullhdfilmizlesene.now/minx/ftjs.1786843931.js:0
[  279394ms] [LOG] %c JSHandle@node @ https://www.fullhdfilmizlesene.now/minx/ftjs.1786843931.js:0
[  279897ms] [LOG] %c JSHandle@node @ https://www.fullhdfilmizlesene.now/minx/ftjs.1786843931.js:0
[  280397ms] [LOG] %c JSHandle@node @ https://www.fullhdfilmizlesene.now/minx/ftjs.1786843931.js:0
[  280899ms] [LOG] %c JSHandle@node @ https://www.fullhdfilmizlesene.now/minx/ftjs.1786843931.js:0
[  281397ms] [LOG] %c JSHandle@node @ https://www.fullhdfilmizlesene.now/minx/ftjs.1786843931.js:0
[  281898ms] [LOG] %c JSHandle@node @ https://www.fullhdfilmizlesene.now/minx/ftjs.1786843931.js:0
[  282397ms] [LOG] %c JSHandle@node @ https://www.fullhdfilmizlesene.now/minx/ftjs.1786843931.js:0
[  282894ms] [LOG] %c JSHandle@node @ https://www.fullhdfilmizlesene.now/minx/ftjs.1786843931.js:0
[  283396ms] [LOG] %c JSHandle@node @ https://www.fullhdfilmizlesene.now/minx/ftjs.1786843931.js:0
[  283903ms] [LOG] %c JSHandle@node @ https://www.fullhdfilmizlesene.now/minx/ftjs.1786843931.js:0
[  284403ms] [LOG] %c JSHandle@node @ https://www.fullhdfilmizlesene.now/minx/ftjs.1786843931.js:0
[  284897ms] [LOG] %c JSHandle@node @ https://www.fullhdfilmizlesene.now/minx/ftjs.1786843931.js:0
[  285396ms] [LOG] %c JSHandle@node @ https://www.fullhdfilmizlesene.now/minx/ftjs.1786843931.js:0
[  285906ms] [LOG] %c JSHandle@node @ https://www.fullhdfilmizlesene.now/minx/ftjs.1786843931.js:0
[  286403ms] [LOG] %c JSHandle@node @ https://www.fullhdfilmizlesene.now/minx/ftjs.1786843931.js:0
[  286905ms] [LOG] %c JSHandle@node @ https://www.fullhdfilmizlesene.now/minx/ftjs.1786843931.js:0
[  287402ms] [LOG] %c JSHandle@node @ https://www.fullhdfilmizlesene.now/minx/ftjs.1786843931.js:0
[  287901ms] [LOG] %c JSHandle@node @ https://www.fullhdfilmizlesene.now/minx/ftjs.1786843931.js:0
[  288399ms] [LOG] %c JSHandle@node @ https://www.fullhdfilmizlesene.now/minx/ftjs.1786843931.js:0
[  288897ms] [LOG] %c JSHandle@node @ https://www.fullhdfilmizlesene.now/minx/ftjs.1786843931.js:0
[  289393ms] [LOG] %c JSHandle@node @ https://www.fullhdfilmizlesene.now/minx/ftjs.1786843931.js:0
[  289906ms] [LOG] %c JSHandle@node @ https://www.fullhdfilmizlesene.now/minx/ftjs.1786843931.js:0
[  290394ms] [LOG] %c JSHandle@node @ https://www.fullhdfilmizlesene.now/minx/ftjs.1786843931.js:0
[  290895ms] [LOG] %c JSHandle@node @ https://www.fullhdfilmizlesene.now/minx/ftjs.1786843931.js:0
[  291393ms] [LOG] %c JSHandle@node @ https://www.fullhdfilmizlesene.now/minx/ftjs.1786843931.js:0
[  291904ms] [LOG] %c JSHandle@node @ https://www.fullhdfilmizlesene.now/minx/ftjs.1786843931.js:0
[  292400ms] [LOG] %c JSHandle@node @ https://www.fullhdfilmizlesene.now/minx/ftjs.1786843931.js:0
[  292900ms] [LOG] %c JSHandle@node @ https://www.fullhdfilmizlesene.now/minx/ftjs.1786843931.js:0
[  293398ms] [LOG] %c JSHandle@node @ https://www.fullhdfilmizlesene.now/minx/ftjs.1786843931.js:0
[  293899ms] [LOG] %c JSHandle@node @ https://www.fullhdfilmizlesene.now/minx/ftjs.1786843931.js:0
[  294397ms] [LOG] %c JSHandle@node @ https://www.fullhdfilmizlesene.now/minx/ftjs.1786843931.js:0
[  294895ms] [LOG] %c JSHandle@node @ https://www.fullhdfilmizlesene.now/minx/ftjs.1786843931.js:0
[  295405ms] [LOG] %c JSHandle@node @ https://www.fullhdfilmizlesene.now/minx/ftjs.1786843931.js:0
[  295900ms] [LOG] %c JSHandle@node @ https://www.fullhdfilmizlesene.now/minx/ftjs.1786843931.js:0
[  296398ms] [LOG] %c JSHandle@node @ https://www.fullhdfilmizlesene.now/minx/ftjs.1786843931.js:0
[  296895ms] [LOG] %c JSHandle@node @ https://www.fullhdfilmizlesene.now/minx/ftjs.1786843931.js:0
[  297407ms] [LOG] %c JSHandle@node @ https://www.fullhdfilmizlesene.now/minx/ftjs.1786843931.js:0
[  297892ms] [LOG] %c JSHandle@node @ https://www.fullhdfilmizlesene.now/minx/ftjs.1786843931.js:0
[  298392ms] [LOG] %c JSHandle@node @ https://www.fullhdfilmizlesene.now/minx/ftjs.1786843931.js:0
[  298905ms] [LOG] %c JSHandle@node @ https://www.fullhdfilmizlesene.now/minx/ftjs.1786843931.js:0
[  299406ms] [LOG] %c JSHandle@node @ https://www.fullhdfilmizlesene.now/minx/ftjs.1786843931.js:0
[  299902ms] [LOG] %c JSHandle@node @ https://www.fullhdfilmizlesene.now/minx/ftjs.1786843931.js:0
[  300397ms] [LOG] %c JSHandle@node @ https://www.fullhdfilmizlesene.now/minx/ftjs.1786843931.js:0
[  300898ms] [LOG] %c JSHandle@node @ https://www.fullhdfilmizlesene.now/minx/ftjs.1786843931.js:0
[  301396ms] [LOG] %c JSHandle@node @ https://www.fullhdfilmizlesene.now/minx/ftjs.1786843931.js:0
[  301895ms] [LOG] %c JSHandle@node @ https://www.fullhdfilmizlesene.now/minx/ftjs.1786843931.js:0
[  302396ms] [LOG] %c JSHandle@node @ https://www.fullhdfilmizlesene.now/minx/ftjs.1786843931.js:0
[  302894ms] [LOG] %c JSHandle@node @ https://www.fullhdfilmizlesene.now/minx/ftjs.1786843931.js:0
[  303395ms] [LOG] %c JSHandle@node @ https://www.fullhdfilmizlesene.now/minx/ftjs.1786843931.js:0
[  303905ms] [LOG] %c JSHandle@node @ https://www.fullhdfilmizlesene.now/minx/ftjs.1786843931.js:0
[  304405ms] [LOG] %c JSHandle@node @ https://www.fullhdfilmizlesene.now/minx/ftjs.1786843931.js:0
[  304903ms] [LOG] %c JSHandle@node @ https://www.fullhdfilmizlesene.now/minx/ftjs.1786843931.js:0
[  305401ms] [LOG] %c JSHandle@node @ https://www.fullhdfilmizlesene.now/minx/ftjs.1786843931.js:0
[  305895ms] [LOG] %c JSHandle@node @ https://www.fullhdfilmizlesene.now/minx/ftjs.1786843931.js:0
[  306395ms] [LOG] %c JSHandle@node @ https://www.fullhdfilmizlesene.now/minx/ftjs.1786843931.js:0
[  306895ms] [LOG] %c JSHandle@node @ https://www.fullhdfilmizlesene.now/minx/ftjs.1786843931.js:0
[  307393ms] [LOG] %c JSHandle@node @ https://www.fullhdfilmizlesene.now/minx/ftjs.1786843931.js:0
[  307905ms] [LOG] %c JSHandle@node @ https://www.fullhdfilmizlesene.now/minx/ftjs.1786843931.js:0
[  308405ms] [LOG] %c JSHandle@node @ https://www.fullhdfilmizlesene.now/minx/ftjs.1786843931.js:0
[  308905ms] [LOG] %c JSHandle@node @ https://www.fullhdfilmizlesene.now/minx/ftjs.1786843931.js:0
[  309405ms] [LOG] %c JSHandle@node @ https://www.fullhdfilmizlesene.now/minx/ftjs.1786843931.js:0
[  309902ms] [LOG] %c JSHandle@node @ https://www.fullhdfilmizlesene.now/minx/ftjs.1786843931.js:0
[  310400ms] [LOG] %c JSHandle@node @ https://www.fullhdfilmizlesene.now/minx/ftjs.1786843931.js:0
[  310901ms] [LOG] %c JSHandle@node @ https://www.fullhdfilmizlesene.now/minx/ftjs.1786843931.js:0
[  311400ms] [LOG] %c JSHandle@node @ https://www.fullhdfilmizlesene.now/minx/ftjs.1786843931.js:0
[  311898ms] [LOG] %c JSHandle@node @ https://www.fullhdfilmizlesene.now/minx/ftjs.1786843931.js:0
[  312399ms] [LOG] %c JSHandle@node @ https://www.fullhdfilmizlesene.now/minx/ftjs.1786843931.js:0
[  312899ms] [LOG] %c JSHandle@node @ https://www.fullhdfilmizlesene.now/minx/ftjs.1786843931.js:0
[  313394ms] [LOG] %c JSHandle@node @ https://www.fullhdfilmizlesene.now/minx/ftjs.1786843931.js:0
[  313906ms] [LOG] %c JSHandle@node @ https://www.fullhdfilmizlesene.now/minx/ftjs.1786843931.js:0
[  314405ms] [LOG] %c JSHandle@node @ https://www.fullhdfilmizlesene.now/minx/ftjs.1786843931.js:0
[  314901ms] [LOG] %c JSHandle@node @ https://www.fullhdfilmizlesene.now/minx/ftjs.1786843931.js:0
[  315399ms] [LOG] %c JSHandle@node @ https://www.fullhdfilmizlesene.now/minx/ftjs.1786843931.js:0
[  315905ms] [LOG] %c JSHandle@node @ https://www.fullhdfilmizlesene.now/minx/ftjs.1786843931.js:0
[  316405ms] [LOG] %c JSHandle@node @ https://www.fullhdfilmizlesene.now/minx/ftjs.1786843931.js:0
[  316905ms] [LOG] %c JSHandle@node @ https://www.fullhdfilmizlesene.now/minx/ftjs.1786843931.js:0
[  317403ms] [LOG] %c JSHandle@node @ https://www.fullhdfilmizlesene.now/minx/ftjs.1786843931.js:0
[  317900ms] [LOG] %c JSHandle@node @ https://www.fullhdfilmizlesene.now/minx/ftjs.1786843931.js:0
[  318398ms] [LOG] %c JSHandle@node @ https://www.fullhdfilmizlesene.now/minx/ftjs.1786843931.js:0
[  318897ms] [LOG] %c JSHandle@node @ https://www.fullhdfilmizlesene.now/minx/ftjs.1786843931.js:0
[  319394ms] [LOG] %c JSHandle@node @ https://www.fullhdfilmizlesene.now/minx/ftjs.1786843931.js:0
[  319897ms] [LOG] %c JSHandle@node @ https://www.fullhdfilmizlesene.now/minx/ftjs.1786843931.js:0
[  320396ms] [LOG] %c JSHandle@node @ https://www.fullhdfilmizlesene.now/minx/ftjs.1786843931.js:0
[  320894ms] [LOG] %c JSHandle@node @ https://www.fullhdfilmizlesene.now/minx/ftjs.1786843931.js:0
[  321394ms] [LOG] %c JSHandle@node @ https://www.fullhdfilmizlesene.now/minx/ftjs.1786843931.js:0
[  321905ms] [LOG] %c JSHandle@node @ https://www.fullhdfilmizlesene.now/minx/ftjs.1786843931.js:0
[  322406ms] [LOG] %c JSHandle@node @ https://www.fullhdfilmizlesene.now/minx/ftjs.1786843931.js:0
[  322903ms] [LOG] %c JSHandle@node @ https://www.fullhdfilmizlesene.now/minx/ftjs.1786843931.js:0
[  323399ms] [LOG] %c JSHandle@node @ https://www.fullhdfilmizlesene.now/minx/ftjs.1786843931.js:0
[  323897ms] [LOG] %c JSHandle@node @ https://www.fullhdfilmizlesene.now/minx/ftjs.1786843931.js:0
[  324393ms] [LOG] %c JSHandle@node @ https://www.fullhdfilmizlesene.now/minx/ftjs.1786843931.js:0
[  324906ms] [LOG] %c JSHandle@node @ https://www.fullhdfilmizlesene.now/minx/ftjs.1786843931.js:0
[  325404ms] [LOG] %c JSHandle@node @ https://www.fullhdfilmizlesene.now/minx/ftjs.1786843931.js:0
[  325898ms] [LOG] %c JSHandle@node @ https://www.fullhdfilmizlesene.now/minx/ftjs.1786843931.js:0
[  326392ms] [LOG] %c JSHandle@node @ https://www.fullhdfilmizlesene.now/minx/ftjs.1786843931.js:0
[  326905ms] [LOG] %c JSHandle@node @ https://www.fullhdfilmizlesene.now/minx/ftjs.1786843931.js:0
[  327402ms] [LOG] %c JSHandle@node @ https://www.fullhdfilmizlesene.now/minx/ftjs.1786843931.js:0
[  327898ms] [LOG] %c JSHandle@node @ https://www.fullhdfilmizlesene.now/minx/ftjs.1786843931.js:0
[  328395ms] [LOG] %c JSHandle@node @ https://www.fullhdfilmizlesene.now/minx/ftjs.1786843931.js:0
[  328895ms] [LOG] %c JSHandle@node @ https://www.fullhdfilmizlesene.now/minx/ftjs.1786843931.js:0
[  329394ms] [LOG] %c JSHandle@node @ https://www.fullhdfilmizlesene.now/minx/ftjs.1786843931.js:0
[  329905ms] [LOG] %c JSHandle@node @ https://www.fullhdfilmizlesene.now/minx/ftjs.1786843931.js:0
[  330404ms] [LOG] %c JSHandle@node @ https://www.fullhdfilmizlesene.now/minx/ftjs.1786843931.js:0
[  330902ms] [LOG] %c JSHandle@node @ https://www.fullhdfilmizlesene.now/minx/ftjs.1786843931.js:0
[  331400ms] [LOG] %c JSHandle@node @ https://www.fullhdfilmizlesene.now/minx/ftjs.1786843931.js:0
[  331899ms] [LOG] %c JSHandle@node @ https://www.fullhdfilmizlesene.now/minx/ftjs.1786843931.js:0
[  332397ms] [LOG] %c JSHandle@node @ https://www.fullhdfilmizlesene.now/minx/ftjs.1786843931.js:0
[  332894ms] [LOG] %c JSHandle@node @ https://www.fullhdfilmizlesene.now/minx/ftjs.1786843931.js:0
[  333406ms] [LOG] %c JSHandle@node @ https://www.fullhdfilmizlesene.now/minx/ftjs.1786843931.js:0
[  333904ms] [LOG] %c JSHandle@node @ https://www.fullhdfilmizlesene.now/minx/ftjs.1786843931.js:0
[  334404ms] [LOG] %c JSHandle@node @ https://www.fullhdfilmizlesene.now/minx/ftjs.1786843931.js:0
[  334903ms] [LOG] %c JSHandle@node @ https://www.fullhdfilmizlesene.now/minx/ftjs.1786843931.js:0
[  335401ms] [LOG] %c JSHandle@node @ https://www.fullhdfilmizlesene.now/minx/ftjs.1786843931.js:0
[  335902ms] [LOG] %c JSHandle@node @ https://www.fullhdfilmizlesene.now/minx/ftjs.1786843931.js:0
[  336397ms] [LOG] %c JSHandle@node @ https://www.fullhdfilmizlesene.now/minx/ftjs.1786843931.js:0
[  336899ms] [LOG] %c JSHandle@node @ https://www.fullhdfilmizlesene.now/minx/ftjs.1786843931.js:0
[  337397ms] [LOG] %c JSHandle@node @ https://www.fullhdfilmizlesene.now/minx/ftjs.1786843931.js:0
[  337895ms] [LOG] %c JSHandle@node @ https://www.fullhdfilmizlesene.now/minx/ftjs.1786843931.js:0
[  338395ms] [LOG] %c JSHandle@node @ https://www.fullhdfilmizlesene.now/minx/ftjs.1786843931.js:0
[  338893ms] [LOG] %c JSHandle@node @ https://www.fullhdfilmizlesene.now/minx/ftjs.1786843931.js:0
[  339392ms] [LOG] %c JSHandle@node @ https://www.fullhdfilmizlesene.now/minx/ftjs.1786843931.js:0
[  339892ms] [LOG] %c JSHandle@node @ https://www.fullhdfilmizlesene.now/minx/ftjs.1786843931.js:0
[  340402ms] [LOG] %c JSHandle@node @ https://www.fullhdfilmizlesene.now/minx/ftjs.1786843931.js:0
[  340902ms] [LOG] %c JSHandle@node @ https://www.fullhdfilmizlesene.now/minx/ftjs.1786843931.js:0
[  341398ms] [LOG] %c JSHandle@node @ https://www.fullhdfilmizlesene.now/minx/ftjs.1786843931.js:0
[  341897ms] [LOG] %c JSHandle@node @ https://www.fullhdfilmizlesene.now/minx/ftjs.1786843931.js:0
[  342395ms] [LOG] %c JSHandle@node @ https://www.fullhdfilmizlesene.now/minx/ftjs.1786843931.js:0
[  342907ms] [LOG] %c JSHandle@node @ https://www.fullhdfilmizlesene.now/minx/ftjs.1786843931.js:0
[  343404ms] [LOG] %c JSHandle@node @ https://www.fullhdfilmizlesene.now/minx/ftjs.1786843931.js:0
[  343902ms] [LOG] %c JSHandle@node @ https://www.fullhdfilmizlesene.now/minx/ftjs.1786843931.js:0
[  344400ms] [LOG] %c JSHandle@node @ https://www.fullhdfilmizlesene.now/minx/ftjs.1786843931.js:0
[  344898ms] [LOG] %c JSHandle@node @ https://www.fullhdfilmizlesene.now/minx/ftjs.1786843931.js:0
[  345407ms] [LOG] %c JSHandle@node @ https://www.fullhdfilmizlesene.now/minx/ftjs.1786843931.js:0
[  345905ms] [LOG] %c JSHandle@node @ https://www.fullhdfilmizlesene.now/minx/ftjs.1786843931.js:0
[  346401ms] [LOG] %c JSHandle@node @ https://www.fullhdfilmizlesene.now/minx/ftjs.1786843931.js:0
[  346898ms] [LOG] %c JSHandle@node @ https://www.fullhdfilmizlesene.now/minx/ftjs.1786843931.js:0
[  347396ms] [LOG] %c JSHandle@node @ https://www.fullhdfilmizlesene.now/minx/ftjs.1786843931.js:0
[  347893ms] [LOG] %c JSHandle@node @ https://www.fullhdfilmizlesene.now/minx/ftjs.1786843931.js:0
[  348393ms] [LOG] %c JSHandle@node @ https://www.fullhdfilmizlesene.now/minx/ftjs.1786843931.js:0
[  348893ms] [LOG] %c JSHandle@node @ https://www.fullhdfilmizlesene.now/minx/ftjs.1786843931.js:0
[  349407ms] [LOG] %c JSHandle@node @ https://www.fullhdfilmizlesene.now/minx/ftjs.1786843931.js:0
[  349905ms] [LOG] %c JSHandle@node @ https://www.fullhdfilmizlesene.now/minx/ftjs.1786843931.js:0
[  350406ms] [LOG] %c JSHandle@node @ https://www.fullhdfilmizlesene.now/minx/ftjs.1786843931.js:0
[  350905ms] [LOG] %c JSHandle@node @ https://www.fullhdfilmizlesene.now/minx/ftjs.1786843931.js:0
[  351403ms] [LOG] %c JSHandle@node @ https://www.fullhdfilmizlesene.now/minx/ftjs.1786843931.js:0
[  351905ms] [LOG] %c JSHandle@node @ https://www.fullhdfilmizlesene.now/minx/ftjs.1786843931.js:0
[  352403ms] [LOG] %c JSHandle@node @ https://www.fullhdfilmizlesene.now/minx/ftjs.1786843931.js:0
[  352901ms] [LOG] %c JSHandle@node @ https://www.fullhdfilmizlesene.now/minx/ftjs.1786843931.js:0
[  353399ms] [LOG] %c JSHandle@node @ https://www.fullhdfilmizlesene.now/minx/ftjs.1786843931.js:0
[  353900ms] [LOG] %c JSHandle@node @ https://www.fullhdfilmizlesene.now/minx/ftjs.1786843931.js:0
[  354397ms] [LOG] %c JSHandle@node @ https://www.fullhdfilmizlesene.now/minx/ftjs.1786843931.js:0
[  354899ms] [LOG] %c JSHandle@node @ https://www.fullhdfilmizlesene.now/minx/ftjs.1786843931.js:0
[  355397ms] [LOG] %c JSHandle@node @ https://www.fullhdfilmizlesene.now/minx/ftjs.1786843931.js:0
[  355895ms] [LOG] %c JSHandle@node @ https://www.fullhdfilmizlesene.now/minx/ftjs.1786843931.js:0
[  356395ms] [LOG] %c JSHandle@node @ https://www.fullhdfilmizlesene.now/minx/ftjs.1786843931.js:0
[  356898ms] [LOG] %c JSHandle@node @ https://www.fullhdfilmizlesene.now/minx/ftjs.1786843931.js:0
[  357397ms] [LOG] %c JSHandle@node @ https://www.fullhdfilmizlesene.now/minx/ftjs.1786843931.js:0
[  357895ms] [LOG] %c JSHandle@node @ https://www.fullhdfilmizlesene.now/minx/ftjs.1786843931.js:0
[  358406ms] [LOG] %c JSHandle@node @ https://www.fullhdfilmizlesene.now/minx/ftjs.1786843931.js:0
[  358905ms] [LOG] %c JSHandle@node @ https://www.fullhdfilmizlesene.now/minx/ftjs.1786843931.js:0
[  359404ms] [LOG] %c JSHandle@node @ https://www.fullhdfilmizlesene.now/minx/ftjs.1786843931.js:0
[  359901ms] [LOG] %c JSHandle@node @ https://www.fullhdfilmizlesene.now/minx/ftjs.1786843931.js:0
[  360397ms] [LOG] %c JSHandle@node @ https://www.fullhdfilmizlesene.now/minx/ftjs.1786843931.js:0
[  360896ms] [LOG] %c JSHandle@node @ https://www.fullhdfilmizlesene.now/minx/ftjs.1786843931.js:0
[  361394ms] [LOG] %c JSHandle@node @ https://www.fullhdfilmizlesene.now/minx/ftjs.1786843931.js:0
[  361895ms] [LOG] %c JSHandle@node @ https://www.fullhdfilmizlesene.now/minx/ftjs.1786843931.js:0
[  362398ms] [LOG] %c JSHandle@node @ https://www.fullhdfilmizlesene.now/minx/ftjs.1786843931.js:0
[  362897ms] [LOG] %c JSHandle@node @ https://www.fullhdfilmizlesene.now/minx/ftjs.1786843931.js:0
[  363394ms] [LOG] %c JSHandle@node @ https://www.fullhdfilmizlesene.now/minx/ftjs.1786843931.js:0
[  363894ms] [LOG] %c JSHandle@node @ https://www.fullhdfilmizlesene.now/minx/ftjs.1786843931.js:0
[  364406ms] [LOG] %c JSHandle@node @ https://www.fullhdfilmizlesene.now/minx/ftjs.1786843931.js:0
[  364893ms] [LOG] %c JSHandle@node @ https://www.fullhdfilmizlesene.now/minx/ftjs.1786843931.js:0
[  365405ms] [LOG] %c JSHandle@node @ https://www.fullhdfilmizlesene.now/minx/ftjs.1786843931.js:0
[  365897ms] [LOG] %c JSHandle@node @ https://www.fullhdfilmizlesene.now/minx/ftjs.1786843931.js:0
[  366396ms] [LOG] %c JSHandle@node @ https://www.fullhdfilmizlesene.now/minx/ftjs.1786843931.js:0
[  366899ms] [LOG] %c JSHandle@node @ https://www.fullhdfilmizlesene.now/minx/ftjs.1786843931.js:0
[  367397ms] [LOG] %c JSHandle@node @ https://www.fullhdfilmizlesene.now/minx/ftjs.1786843931.js:0
[  367894ms] [LOG] %c JSHandle@node @ https://www.fullhdfilmizlesene.now/minx/ftjs.1786843931.js:0
[  368393ms] [LOG] %c JSHandle@node @ https://www.fullhdfilmizlesene.now/minx/ftjs.1786843931.js:0
[  368907ms] [LOG] %c JSHandle@node @ https://www.fullhdfilmizlesene.now/minx/ftjs.1786843931.js:0
[  369400ms] [LOG] %c JSHandle@node @ https://www.fullhdfilmizlesene.now/minx/ftjs.1786843931.js:0
[  369897ms] [LOG] %c JSHandle@node @ https://www.fullhdfilmizlesene.now/minx/ftjs.1786843931.js:0
[  370396ms] [LOG] %c JSHandle@node @ https://www.fullhdfilmizlesene.now/minx/ftjs.1786843931.js:0
[  370894ms] [LOG] %c JSHandle@node @ https://www.fullhdfilmizlesene.now/minx/ftjs.1786843931.js:0
[  371404ms] [LOG] %c JSHandle@node @ https://www.fullhdfilmizlesene.now/minx/ftjs.1786843931.js:0
[  371906ms] [LOG] %c JSHandle@node @ https://www.fullhdfilmizlesene.now/minx/ftjs.1786843931.js:0
[  372406ms] [LOG] %c JSHandle@node @ https://www.fullhdfilmizlesene.now/minx/ftjs.1786843931.js:0
[  372892ms] [LOG] %c JSHandle@node @ https://www.fullhdfilmizlesene.now/minx/ftjs.1786843931.js:0
[  373393ms] [LOG] %c JSHandle@node @ https://www.fullhdfilmizlesene.now/minx/ftjs.1786843931.js:0
[  373894ms] [LOG] %c JSHandle@node @ https://www.fullhdfilmizlesene.now/minx/ftjs.1786843931.js:0
[  374403ms] [LOG] %c JSHandle@node @ https://www.fullhdfilmizlesene.now/minx/ftjs.1786843931.js:0
[  374903ms] [LOG] %c JSHandle@node @ https://www.fullhdfilmizlesene.now/minx/ftjs.1786843931.js:0
[  375401ms] [LOG] %c JSHandle@node @ https://www.fullhdfilmizlesene.now/minx/ftjs.1786843931.js:0
[  375894ms] [LOG] %c JSHandle@node @ https://www.fullhdfilmizlesene.now/minx/ftjs.1786843931.js:0
[  376396ms] [LOG] %c JSHandle@node @ https://www.fullhdfilmizlesene.now/minx/ftjs.1786843931.js:0
[  376895ms] [LOG] %c JSHandle@node @ https://www.fullhdfilmizlesene.now/minx/ftjs.1786843931.js:0
[  377397ms] [LOG] %c JSHandle@node @ https://www.fullhdfilmizlesene.now/minx/ftjs.1786843931.js:0
[  377896ms] [LOG] %c JSHandle@node @ https://www.fullhdfilmizlesene.now/minx/ftjs.1786843931.js:0
[  378395ms] [LOG] %c JSHandle@node @ https://www.fullhdfilmizlesene.now/minx/ftjs.1786843931.js:0
[  378898ms] [LOG] %c JSHandle@node @ https://www.fullhdfilmizlesene.now/minx/ftjs.1786843931.js:0
[  379396ms] [LOG] %c JSHandle@node @ https://www.fullhdfilmizlesene.now/minx/ftjs.1786843931.js:0
[  379896ms] [LOG] %c JSHandle@node @ https://www.fullhdfilmizlesene.now/minx/ftjs.1786843931.js:0
[  380394ms] [LOG] %c JSHandle@node @ https://www.fullhdfilmizlesene.now/minx/ftjs.1786843931.js:0
[  380893ms] [LOG] %c JSHandle@node @ https://www.fullhdfilmizlesene.now/minx/ftjs.1786843931.js:0
[  381404ms] [LOG] %c JSHandle@node @ https://www.fullhdfilmizlesene.now/minx/ftjs.1786843931.js:0
[  381902ms] [LOG] %c JSHandle@node @ https://www.fullhdfilmizlesene.now/minx/ftjs.1786843931.js:0
[  382400ms] [LOG] %c JSHandle@node @ https://www.fullhdfilmizlesene.now/minx/ftjs.1786843931.js:0
[  382901ms] [LOG] %c JSHandle@node @ https://www.fullhdfilmizlesene.now/minx/ftjs.1786843931.js:0
[  383402ms] [LOG] %c JSHandle@node @ https://www.fullhdfilmizlesene.now/minx/ftjs.1786843931.js:0
[  383903ms] [LOG] %c JSHandle@node @ https://www.fullhdfilmizlesene.now/minx/ftjs.1786843931.js:0
[  384400ms] [LOG] %c JSHandle@node @ https://www.fullhdfilmizlesene.now/minx/ftjs.1786843931.js:0
[  384900ms] [LOG] %c JSHandle@node @ https://www.fullhdfilmizlesene.now/minx/ftjs.1786843931.js:0
[  385396ms] [LOG] %c JSHandle@node @ https://www.fullhdfilmizlesene.now/minx/ftjs.1786843931.js:0
[  385906ms] [LOG] %c JSHandle@node @ https://www.fullhdfilmizlesene.now/minx/ftjs.1786843931.js:0
[  386407ms] [LOG] %c JSHandle@node @ https://www.fullhdfilmizlesene.now/minx/ftjs.1786843931.js:0
[  386905ms] [LOG] %c JSHandle@node @ https://www.fullhdfilmizlesene.now/minx/ftjs.1786843931.js:0
[  387404ms] [LOG] %c JSHandle@node @ https://www.fullhdfilmizlesene.now/minx/ftjs.1786843931.js:0
[  387903ms] [LOG] %c JSHandle@node @ https://www.fullhdfilmizlesene.now/minx/ftjs.1786843931.js:0
[  388398ms] [LOG] %c JSHandle@node @ https://www.fullhdfilmizlesene.now/minx/ftjs.1786843931.js:0
[  388896ms] [LOG] %c JSHandle@node @ https://www.fullhdfilmizlesene.now/minx/ftjs.1786843931.js:0
[  389393ms] [LOG] %c JSHandle@node @ https://www.fullhdfilmizlesene.now/minx/ftjs.1786843931.js:0
[  389906ms] [LOG] %c JSHandle@node @ https://www.fullhdfilmizlesene.now/minx/ftjs.1786843931.js:0
[  390406ms] [LOG] %c JSHandle@node @ https://www.fullhdfilmizlesene.now/minx/ftjs.1786843931.js:0
[  390906ms] [LOG] %c JSHandle@node @ https://www.fullhdfilmizlesene.now/minx/ftjs.1786843931.js:0
[  391405ms] [LOG] %c JSHandle@node @ https://www.fullhdfilmizlesene.now/minx/ftjs.1786843931.js:0
[  391902ms] [LOG] %c JSHandle@node @ https://www.fullhdfilmizlesene.now/minx/ftjs.1786843931.js:0
[  392401ms] [LOG] %c JSHandle@node @ https://www.fullhdfilmizlesene.now/minx/ftjs.1786843931.js:0
[  392900ms] [LOG] %c JSHandle@node @ https://www.fullhdfilmizlesene.now/minx/ftjs.1786843931.js:0
[  393399ms] [LOG] %c JSHandle@node @ https://www.fullhdfilmizlesene.now/minx/ftjs.1786843931.js:0
[  393898ms] [LOG] %c JSHandle@node @ https://www.fullhdfilmizlesene.now/minx/ftjs.1786843931.js:0
[  394398ms] [LOG] %c JSHandle@node @ https://www.fullhdfilmizlesene.now/minx/ftjs.1786843931.js:0
[  394898ms] [LOG] %c JSHandle@node @ https://www.fullhdfilmizlesene.now/minx/ftjs.1786843931.js:0
[  395391ms] [LOG] %c JSHandle@node @ https://www.fullhdfilmizlesene.now/minx/ftjs.1786843931.js:0
[  395906ms] [LOG] %c JSHandle@node @ https://www.fullhdfilmizlesene.now/minx/ftjs.1786843931.js:0
[  396405ms] [LOG] %c JSHandle@node @ https://www.fullhdfilmizlesene.now/minx/ftjs.1786843931.js:0
[  396906ms] [LOG] %c JSHandle@node @ https://www.fullhdfilmizlesene.now/minx/ftjs.1786843931.js:0
[  397392ms] [LOG] %c JSHandle@node @ https://www.fullhdfilmizlesene.now/minx/ftjs.1786843931.js:0
[  397892ms] [LOG] %c JSHandle@node @ https://www.fullhdfilmizlesene.now/minx/ftjs.1786843931.js:0
[  398403ms] [LOG] %c JSHandle@node @ https://www.fullhdfilmizlesene.now/minx/ftjs.1786843931.js:0
[  398899ms] [LOG] %c JSHandle@node @ https://www.fullhdfilmizlesene.now/minx/ftjs.1786843931.js:0
[  399395ms] [LOG] %c JSHandle@node @ https://www.fullhdfilmizlesene.now/minx/ftjs.1786843931.js:0
[  399896ms] [LOG] %c JSHandle@node @ https://www.fullhdfilmizlesene.now/minx/ftjs.1786843931.js:0
[  400392ms] [LOG] %c JSHandle@node @ https://www.fullhdfilmizlesene.now/minx/ftjs.1786843931.js:0
[  400906ms] [LOG] %c JSHandle@node @ https://www.fullhdfilmizlesene.now/minx/ftjs.1786843931.js:0
[  401401ms] [LOG] %c JSHandle@node @ https://www.fullhdfilmizlesene.now/minx/ftjs.1786843931.js:0
[  401902ms] [LOG] %c JSHandle@node @ https://www.fullhdfilmizlesene.now/minx/ftjs.1786843931.js:0
[  402399ms] [LOG] %c JSHandle@node @ https://www.fullhdfilmizlesene.now/minx/ftjs.1786843931.js:0
[  402898ms] [LOG] %c JSHandle@node @ https://www.fullhdfilmizlesene.now/minx/ftjs.1786843931.js:0
[  403399ms] [LOG] %c JSHandle@node @ https://www.fullhdfilmizlesene.now/minx/ftjs.1786843931.js:0
[  403897ms] [LOG] %c JSHandle@node @ https://www.fullhdfilmizlesene.now/minx/ftjs.1786843931.js:0
[  404393ms] [LOG] %c JSHandle@node @ https://www.fullhdfilmizlesene.now/minx/ftjs.1786843931.js:0
[  404906ms] [LOG] %c JSHandle@node @ https://www.fullhdfilmizlesene.now/minx/ftjs.1786843931.js:0
[  405404ms] [LOG] %c JSHandle@node @ https://www.fullhdfilmizlesene.now/minx/ftjs.1786843931.js:0
[  405900ms] [LOG] %c JSHandle@node @ https://www.fullhdfilmizlesene.now/minx/ftjs.1786843931.js:0
[  406401ms] [LOG] %c JSHandle@node @ https://www.fullhdfilmizlesene.now/minx/ftjs.1786843931.js:0
[  406899ms] [LOG] %c JSHandle@node @ https://www.fullhdfilmizlesene.now/minx/ftjs.1786843931.js:0
[  407398ms] [LOG] %c JSHandle@node @ https://www.fullhdfilmizlesene.now/minx/ftjs.1786843931.js:0
[  407899ms] [LOG] %c JSHandle@node @ https://www.fullhdfilmizlesene.now/minx/ftjs.1786843931.js:0
[  408401ms] [LOG] %c JSHandle@node @ https://www.fullhdfilmizlesene.now/minx/ftjs.1786843931.js:0
[  408899ms] [LOG] %c JSHandle@node @ https://www.fullhdfilmizlesene.now/minx/ftjs.1786843931.js:0
[  409399ms] [LOG] %c JSHandle@node @ https://www.fullhdfilmizlesene.now/minx/ftjs.1786843931.js:0
[  409898ms] [LOG] %c JSHandle@node @ https://www.fullhdfilmizlesene.now/minx/ftjs.1786843931.js:0
[  410399ms] [LOG] %c JSHandle@node @ https://www.fullhdfilmizlesene.now/minx/ftjs.1786843931.js:0
[  410895ms] [LOG] %c JSHandle@node @ https://www.fullhdfilmizlesene.now/minx/ftjs.1786843931.js:0
[  411396ms] [LOG] %c JSHandle@node @ https://www.fullhdfilmizlesene.now/minx/ftjs.1786843931.js:0
[  411893ms] [LOG] %c JSHandle@node @ https://www.fullhdfilmizlesene.now/minx/ftjs.1786843931.js:0
[  412395ms] [LOG] %c JSHandle@node @ https://www.fullhdfilmizlesene.now/minx/ftjs.1786843931.js:0
[  412905ms] [LOG] %c JSHandle@node @ https://www.fullhdfilmizlesene.now/minx/ftjs.1786843931.js:0
[  413404ms] [LOG] %c JSHandle@node @ https://www.fullhdfilmizlesene.now/minx/ftjs.1786843931.js:0
[  413897ms] [LOG] %c JSHandle@node @ https://www.fullhdfilmizlesene.now/minx/ftjs.1786843931.js:0
[  414397ms] [LOG] %c JSHandle@node @ https://www.fullhdfilmizlesene.now/minx/ftjs.1786843931.js:0
[  414895ms] [LOG] %c JSHandle@node @ https://www.fullhdfilmizlesene.now/minx/ftjs.1786843931.js:0
[  415393ms] [LOG] %c JSHandle@node @ https://www.fullhdfilmizlesene.now/minx/ftjs.1786843931.js:0
[  415905ms] [LOG] %c JSHandle@node @ https://www.fullhdfilmizlesene.now/minx/ftjs.1786843931.js:0
[  416402ms] [LOG] %c JSHandle@node @ https://www.fullhdfilmizlesene.now/minx/ftjs.1786843931.js:0
[  416903ms] [LOG] %c JSHandle@node @ https://www.fullhdfilmizlesene.now/minx/ftjs.1786843931.js:0
[  417403ms] [LOG] %c JSHandle@node @ https://www.fullhdfilmizlesene.now/minx/ftjs.1786843931.js:0
[  417900ms] [LOG] %c JSHandle@node @ https://www.fullhdfilmizlesene.now/minx/ftjs.1786843931.js:0
[  418401ms] [LOG] %c JSHandle@node @ https://www.fullhdfilmizlesene.now/minx/ftjs.1786843931.js:0
[  418900ms] [LOG] %c JSHandle@node @ https://www.fullhdfilmizlesene.now/minx/ftjs.1786843931.js:0
[  419397ms] [LOG] %c JSHandle@node @ https://www.fullhdfilmizlesene.now/minx/ftjs.1786843931.js:0
[  419905ms] [LOG] %c JSHandle@node @ https://www.fullhdfilmizlesene.now/minx/ftjs.1786843931.js:0
[  420403ms] [LOG] %c JSHandle@node @ https://www.fullhdfilmizlesene.now/minx/ftjs.1786843931.js:0
[  420901ms] [LOG] %c JSHandle@node @ https://www.fullhdfilmizlesene.now/minx/ftjs.1786843931.js:0
[  421398ms] [LOG] %c JSHandle@node @ https://www.fullhdfilmizlesene.now/minx/ftjs.1786843931.js:0
[  421893ms] [LOG] %c JSHandle@node @ https://www.fullhdfilmizlesene.now/minx/ftjs.1786843931.js:0
[  422395ms] [LOG] %c JSHandle@node @ https://www.fullhdfilmizlesene.now/minx/ftjs.1786843931.js:0
[  422893ms] [LOG] %c JSHandle@node @ https://www.fullhdfilmizlesene.now/minx/ftjs.1786843931.js:0
[  423406ms] [LOG] %c JSHandle@node @ https://www.fullhdfilmizlesene.now/minx/ftjs.1786843931.js:0
[  423905ms] [LOG] %c JSHandle@node @ https://www.fullhdfilmizlesene.now/minx/ftjs.1786843931.js:0
[  424392ms] [LOG] %c JSHandle@node @ https://www.fullhdfilmizlesene.now/minx/ftjs.1786843931.js:0
[  424905ms] [LOG] %c JSHandle@node @ https://www.fullhdfilmizlesene.now/minx/ftjs.1786843931.js:0
[  425393ms] [LOG] %c JSHandle@node @ https://www.fullhdfilmizlesene.now/minx/ftjs.1786843931.js:0
[  425902ms] [LOG] %c JSHandle@node @ https://www.fullhdfilmizlesene.now/minx/ftjs.1786843931.js:0
[  426400ms] [LOG] %c JSHandle@node @ https://www.fullhdfilmizlesene.now/minx/ftjs.1786843931.js:0
[  426899ms] [LOG] %c JSHandle@node @ https://www.fullhdfilmizlesene.now/minx/ftjs.1786843931.js:0
[  427397ms] [LOG] %c JSHandle@node @ https://www.fullhdfilmizlesene.now/minx/ftjs.1786843931.js:0
[  427899ms] [LOG] %c JSHandle@node @ https://www.fullhdfilmizlesene.now/minx/ftjs.1786843931.js:0
[  428393ms] [LOG] %c JSHandle@node @ https://www.fullhdfilmizlesene.now/minx/ftjs.1786843931.js:0
[  428906ms] [LOG] %c JSHandle@node @ https://www.fullhdfilmizlesene.now/minx/ftjs.1786843931.js:0
[  429405ms] [LOG] %c JSHandle@node @ https://www.fullhdfilmizlesene.now/minx/ftjs.1786843931.js:0
[  429902ms] [LOG] %c JSHandle@node @ https://www.fullhdfilmizlesene.now/minx/ftjs.1786843931.js:0
[  430402ms] [LOG] %c JSHandle@node @ https://www.fullhdfilmizlesene.now/minx/ftjs.1786843931.js:0
[  430906ms] [LOG] %c JSHandle@node @ https://www.fullhdfilmizlesene.now/minx/ftjs.1786843931.js:0
[  431405ms] [LOG] %c JSHandle@node @ https://www.fullhdfilmizlesene.now/minx/ftjs.1786843931.js:0
[  431903ms] [LOG] %c JSHandle@node @ https://www.fullhdfilmizlesene.now/minx/ftjs.1786843931.js:0
[  432398ms] [LOG] %c JSHandle@node @ https://www.fullhdfilmizlesene.now/minx/ftjs.1786843931.js:0
[  432901ms] [LOG] %c JSHandle@node @ https://www.fullhdfilmizlesene.now/minx/ftjs.1786843931.js:0
[  433403ms] [LOG] %c JSHandle@node @ https://www.fullhdfilmizlesene.now/minx/ftjs.1786843931.js:0
[  433906ms] [LOG] %c JSHandle@node @ https://www.fullhdfilmizlesene.now/minx/ftjs.1786843931.js:0
[  434404ms] [LOG] %c JSHandle@node @ https://www.fullhdfilmizlesene.now/minx/ftjs.1786843931.js:0
[  434901ms] [LOG] %c JSHandle@node @ https://www.fullhdfilmizlesene.now/minx/ftjs.1786843931.js:0
[  435392ms] [LOG] %c JSHandle@node @ https://www.fullhdfilmizlesene.now/minx/ftjs.1786843931.js:0
[  435900ms] [LOG] %c JSHandle@node @ https://www.fullhdfilmizlesene.now/minx/ftjs.1786843931.js:0
[  436402ms] [LOG] %c JSHandle@node @ https://www.fullhdfilmizlesene.now/minx/ftjs.1786843931.js:0
[  436899ms] [LOG] %c JSHandle@node @ https://www.fullhdfilmizlesene.now/minx/ftjs.1786843931.js:0
[  437400ms] [LOG] %c JSHandle@node @ https://www.fullhdfilmizlesene.now/minx/ftjs.1786843931.js:0
[  437901ms] [LOG] %c JSHandle@node @ https://www.fullhdfilmizlesene.now/minx/ftjs.1786843931.js:0
[  438397ms] [LOG] %c JSHandle@node @ https://www.fullhdfilmizlesene.now/minx/ftjs.1786843931.js:0
[  438898ms] [LOG] %c JSHandle@node @ https://www.fullhdfilmizlesene.now/minx/ftjs.1786843931.js:0
[  439394ms] [LOG] %c JSHandle@node @ https://www.fullhdfilmizlesene.now/minx/ftjs.1786843931.js:0
[  439906ms] [LOG] %c JSHandle@node @ https://www.fullhdfilmizlesene.now/minx/ftjs.1786843931.js:0
[  440407ms] [LOG] %c JSHandle@node @ https://www.fullhdfilmizlesene.now/minx/ftjs.1786843931.js:0
[  440905ms] [LOG] %c JSHandle@node @ https://www.fullhdfilmizlesene.now/minx/ftjs.1786843931.js:0
[  441391ms] [LOG] %c JSHandle@node @ https://www.fullhdfilmizlesene.now/minx/ftjs.1786843931.js:0
[  441893ms] [LOG] %c JSHandle@node @ https://www.fullhdfilmizlesene.now/minx/ftjs.1786843931.js:0
[  442392ms] [LOG] %c JSHandle@node @ https://www.fullhdfilmizlesene.now/minx/ftjs.1786843931.js:0
[  442904ms] [LOG] %c JSHandle@node @ https://www.fullhdfilmizlesene.now/minx/ftjs.1786843931.js:0
[  443403ms] [LOG] %c JSHandle@node @ https://www.fullhdfilmizlesene.now/minx/ftjs.1786843931.js:0
[  443901ms] [LOG] %c JSHandle@node @ https://www.fullhdfilmizlesene.now/minx/ftjs.1786843931.js:0
[  444402ms] [LOG] %c JSHandle@node @ https://www.fullhdfilmizlesene.now/minx/ftjs.1786843931.js:0
[  444902ms] [LOG] %c JSHandle@node @ https://www.fullhdfilmizlesene.now/minx/ftjs.1786843931.js:0
[  445396ms] [LOG] %c JSHandle@node @ https://www.fullhdfilmizlesene.now/minx/ftjs.1786843931.js:0
[  445895ms] [LOG] %c JSHandle@node @ https://www.fullhdfilmizlesene.now/minx/ftjs.1786843931.js:0
[  446406ms] [LOG] %c JSHandle@node @ https://www.fullhdfilmizlesene.now/minx/ftjs.1786843931.js:0
[  446907ms] [LOG] %c JSHandle@node @ https://www.fullhdfilmizlesene.now/minx/ftjs.1786843931.js:0
[  447402ms] [LOG] %c JSHandle@node @ https://www.fullhdfilmizlesene.now/minx/ftjs.1786843931.js:0
[  447899ms] [LOG] %c JSHandle@node @ https://www.fullhdfilmizlesene.now/minx/ftjs.1786843931.js:0
[  448397ms] [LOG] %c JSHandle@node @ https://www.fullhdfilmizlesene.now/minx/ftjs.1786843931.js:0
[  448893ms] [LOG] %c JSHandle@node @ https://www.fullhdfilmizlesene.now/minx/ftjs.1786843931.js:0
[  449393ms] [LOG] %c JSHandle@node @ https://www.fullhdfilmizlesene.now/minx/ftjs.1786843931.js:0
[  449893ms] [LOG] %c JSHandle@node @ https://www.fullhdfilmizlesene.now/minx/ftjs.1786843931.js:0
[  450391ms] [LOG] %c JSHandle@node @ https://www.fullhdfilmizlesene.now/minx/ftjs.1786843931.js:0
[  450892ms] [LOG] %c JSHandle@node @ https://www.fullhdfilmizlesene.now/minx/ftjs.1786843931.js:0
[  451392ms] [LOG] %c JSHandle@node @ https://www.fullhdfilmizlesene.now/minx/ftjs.1786843931.js:0
[  451903ms] [LOG] %c JSHandle@node @ https://www.fullhdfilmizlesene.now/minx/ftjs.1786843931.js:0
[  452399ms] [LOG] %c JSHandle@node @ https://www.fullhdfilmizlesene.now/minx/ftjs.1786843931.js:0
[  455030ms] [LOG] %c JSHandle@node @ https://www.hdfilmcehennemi.nl/assets/front/js/cehennem.js?hash=d93042c1c9:0
[  455531ms] [LOG] %c JSHandle@node @ https://www.hdfilmcehennemi.nl/assets/front/js/cehennem.js?hash=d93042c1c9:0
[  456033ms] [LOG] %c JSHandle@node @ https://www.hdfilmcehennemi.nl/assets/front/js/cehennem.js?hash=d93042c1c9:0
[  456179ms] [LOG] JSHandle@node @ https://hdfilmcehennemi.mobi/Tema/v1/js/tasarim/devtools-console-detectv2.js?v=1.04b:0
[  456180ms] [LOG] function f(){} @ https://hdfilmcehennemi.mobi/Tema/v1/js/tasarim/devtools-console-detectv2.js?v=1.04b:0
[  456180ms] [TABLE] {dep: / /} @ https://hdfilmcehennemi.mobi/Tema/v1/js/tasarim/devtools-console-detectv2.js?v=1.04b:0
[  456180ms] [LOG] Tue Aug 18 2026 23:44:28 GMT+0300 (Türkiye Standard Time) @ https://hdfilmcehennemi.mobi/Tema/v1/js/tasarim/devtools-console-detectv2.js?v=1.04b:0
[  456181ms] [TABLE] [Object, Object, Object, Object, Object, Object, Object, Object, Object, Object, Object, Object, Object, Object, Object, Object, Object, Object, Object, Object, Object, Object, Object, Object, Object, Object, Object, Object, Object, Object, Object, Object, Object, Object, Object, Object, Object, Object, Object, Object, Object, Object, Object, Object, Object, Object, Object, Object, Object, Object] @ https://hdfilmcehennemi.mobi/Tema/v1/js/tasarim/devtools-console-detectv2.js?v=1.04b:0
[  456206ms] [LOG] [Object, Object, Object, Object, Object, Object, Object, Object, Object, Object, Object, Object, Object, Object, Object, Object, Object, Object, Object, Object, Object, Object, Object, Object, Object, Object, Object, Object, Object, Object, Object, Object, Object, Object, Object, Object, Object, Object, Object, Object, Object, Object, Object, Object, Object, Object, Object, Object, Object, Object] @ https://hdfilmcehennemi.mobi/Tema/v1/js/tasarim/devtools-console-detectv2.js?v=1.04b:0
[  456333ms] [ERROR] Failed to load resource: the server responded with a status of 404 () @ https://hdfilmcehennemi.mobi/video/embed/404/check/performance/?url=https%3A%2F%2Fhdfilmcehennemi.mobi%2Fvideo%2Fembed%2FNFxiPViTq8T%2F%3Frapidrame_id%3Di708b81noj0u:0
[  456336ms] [LOG] JSHandle@node @ https://hdfilmcehennemi.mobi/Tema/v1/js/tasarim/devtools-console-detectv2.js?v=1.04b:0
[  456336ms] [LOG] function f(){} @ https://hdfilmcehennemi.mobi/Tema/v1/js/tasarim/devtools-console-detectv2.js?v=1.04b:0
[  456336ms] [TABLE] {dep: / /} @ https://hdfilmcehennemi.mobi/Tema/v1/js/tasarim/devtools-console-detectv2.js?v=1.04b:0
[  456336ms] [LOG] Tue Aug 18 2026 23:44:28 GMT+0300 (Türkiye Standard Time) @ https://hdfilmcehennemi.mobi/Tema/v1/js/tasarim/devtools-console-detectv2.js?v=1.04b:0
[  456336ms] [TABLE] [Object, Object, Object, Object, Object, Object, Object, Object, Object, Object, Object, Object, Object, Object, Object, Object, Object, Object, Object, Object, Object, Object, Object, Object, Object, Object, Object, Object, Object, Object, Object, Object, Object, Object, Object, Object, Object, Object, Object, Object, Object, Object, Object, Object, Object, Object, Object, Object, Object, Object] @ https://hdfilmcehennemi.mobi/Tema/v1/js/tasarim/devtools-console-detectv2.js?v=1.04b:0
[  456357ms] [LOG] [Object, Object, Object, Object, Object, Object, Object, Object, Object, Object, Object, Object, Object, Object, Object, Object, Object, Object, Object, Object, Object, Object, Object, Object, Object, Object, Object, Object, Object, Object, Object, Object, Object, Object, Object, Object, Object, Object, Object, Object, Object, Object, Object, Object, Object, Object, Object, Object, Object, Object] @ https://hdfilmcehennemi.mobi/Tema/v1/js/tasarim/devtools-console-detectv2.js?v=1.04b:0
[  456531ms] [LOG] %c JSHandle@node @ https://www.hdfilmcehennemi.nl/assets/front/js/cehennem.js?hash=d93042c1c9:0
[  456859ms] [LOG] JSHandle@node @ https://hdfilmcehennemi.mobi/Tema/v1/js/tasarim/devtools-console-detectv2.js?v=1.04b:0
[  456859ms] [LOG] function f(){} @ https://hdfilmcehennemi.mobi/Tema/v1/js/tasarim/devtools-console-detectv2.js?v=1.04b:0
[  456859ms] [TABLE] {dep: / /} @ https://hdfilmcehennemi.mobi/Tema/v1/js/tasarim/devtools-console-detectv2.js?v=1.04b:0
[  456859ms] [LOG] Tue Aug 18 2026 23:44:28 GMT+0300 (Türkiye Standard Time) @ https://hdfilmcehennemi.mobi/Tema/v1/js/tasarim/devtools-console-detectv2.js?v=1.04b:0
[  456859ms] [TABLE] [Object, Object, Object, Object, Object, Object, Object, Object, Object, Object, Object, Object, Object, Object, Object, Object, Object, Object, Object, Object, Object, Object, Object, Object, Object, Object, Object, Object, Object, Object, Object, Object, Object, Object, Object, Object, Object, Object, Object, Object, Object, Object, Object, Object, Object, Object, Object, Object, Object, Object] @ https://hdfilmcehennemi.mobi/Tema/v1/js/tasarim/devtools-console-detectv2.js?v=1.04b:0
[  456880ms] [LOG] [Object, Object, Object, Object, Object, Object, Object, Object, Object, Object, Object, Object, Object, Object, Object, Object, Object, Object, Object, Object, Object, Object, Object, Object, Object, Object, Object, Object, Object, Object, Object, Object, Object, Object, Object, Object, Object, Object, Object, Object, Object, Object, Object, Object, Object, Object, Object, Object, Object, Object] @ https://hdfilmcehennemi.mobi/Tema/v1/js/tasarim/devtools-console-detectv2.js?v=1.04b:0
[  457045ms] [LOG] %c JSHandle@node @ https://www.hdfilmcehennemi.nl/assets/front/js/cehennem.js?hash=d93042c1c9:0
[  457390ms] [LOG] JSHandle@node @ https://hdfilmcehennemi.mobi/Tema/v1/js/tasarim/devtools-console-detectv2.js?v=1.04b:0
[  457390ms] [LOG] function f(){} @ https://hdfilmcehennemi.mobi/Tema/v1/js/tasarim/devtools-console-detectv2.js?v=1.04b:0
[  457390ms] [TABLE] {dep: / /} @ https://hdfilmcehennemi.mobi/Tema/v1/js/tasarim/devtools-console-detectv2.js?v=1.04b:0
[  457390ms] [LOG] Tue Aug 18 2026 23:44:28 GMT+0300 (Türkiye Standard Time) @ https://hdfilmcehennemi.mobi/Tema/v1/js/tasarim/devtools-console-detectv2.js?v=1.04b:0
[  457391ms] [TABLE] [Object, Object, Object, Object, Object, Object, Object, Object, Object, Object, Object, Object, Object, Object, Object, Object, Object, Object, Object, Object, Object, Object, Object, Object, Object, Object, Object, Object, Object, Object, Object, Object, Object, Object, Object, Object, Object, Object, Object, Object, Object, Object, Object, Object, Object, Object, Object, Object, Object, Object] @ https://hdfilmcehennemi.mobi/Tema/v1/js/tasarim/devtools-console-detectv2.js?v=1.04b:0
[  457414ms] [LOG] [Object, Object, Object, Object, Object, Object, Object, Object, Object, Object, Object, Object, Object, Object, Object, Object, Object, Object, Object, Object, Object, Object, Object, Object, Object, Object, Object, Object, Object, Object, Object, Object, Object, Object, Object, Object, Object, Object, Object, Object, Object, Object, Object, Object, Object, Object, Object, Object, Object, Object] @ https://hdfilmcehennemi.mobi/Tema/v1/js/tasarim/devtools-console-detectv2.js?v=1.04b:0
[  457530ms] [LOG] %c JSHandle@node @ https://www.hdfilmcehennemi.nl/assets/front/js/cehennem.js?hash=d93042c1c9:0
[  457918ms] [LOG] JSHandle@node @ https://hdfilmcehennemi.mobi/Tema/v1/js/tasarim/devtools-console-detectv2.js?v=1.04b:0
[  457918ms] [LOG] function f(){} @ https://hdfilmcehennemi.mobi/Tema/v1/js/tasarim/devtools-console-detectv2.js?v=1.04b:0
[  457918ms] [TABLE] {dep: / /} @ https://hdfilmcehennemi.mobi/Tema/v1/js/tasarim/devtools-console-detectv2.js?v=1.04b:0
[  457918ms] [LOG] Tue Aug 18 2026 23:44:28 GMT+0300 (Türkiye Standard Time) @ https://hdfilmcehennemi.mobi/Tema/v1/js/tasarim/devtools-console-detectv2.js?v=1.04b:0
[  457918ms] [TABLE] [Object, Object, Object, Object, Object, Object, Object, Object, Object, Object, Object, Object, Object, Object, Object, Object, Object, Object, Object, Object, Object, Object, Object, Object, Object, Object, Object, Object, Object, Object, Object, Object, Object, Object, Object, Object, Object, Object, Object, Object, Object, Object, Object, Object, Object, Object, Object, Object, Object, Object] @ https://hdfilmcehennemi.mobi/Tema/v1/js/tasarim/devtools-console-detectv2.js?v=1.04b:0
[  457942ms] [LOG] [Object, Object, Object, Object, Object, Object, Object, Object, Object, Object, Object, Object, Object, Object, Object, Object, Object, Object, Object, Object, Object, Object, Object, Object, Object, Object, Object, Object, Object, Object, Object, Object, Object, Object, Object, Object, Object, Object, Object, Object, Object, Object, Object, Object, Object, Object, Object, Object, Object, Object] @ https://hdfilmcehennemi.mobi/Tema/v1/js/tasarim/devtools-console-detectv2.js?v=1.04b:0
[  458044ms] [LOG] %c JSHandle@node @ https://www.hdfilmcehennemi.nl/assets/front/js/cehennem.js?hash=d93042c1c9:0
[  458448ms] [LOG] JSHandle@node @ https://hdfilmcehennemi.mobi/Tema/v1/js/tasarim/devtools-console-detectv2.js?v=1.04b:0
[  458448ms] [LOG] function f(){} @ https://hdfilmcehennemi.mobi/Tema/v1/js/tasarim/devtools-console-detectv2.js?v=1.04b:0
[  458448ms] [TABLE] {dep: / /} @ https://hdfilmcehennemi.mobi/Tema/v1/js/tasarim/devtools-console-detectv2.js?v=1.04b:0
[  458448ms] [LOG] Tue Aug 18 2026 23:44:28 GMT+0300 (Türkiye Standard Time) @ https://hdfilmcehennemi.mobi/Tema/v1/js/tasarim/devtools-console-detectv2.js?v=1.04b:0
[  458448ms] [TABLE] [Object, Object, Object, Object, Object, Object, Object, Object, Object, Object, Object, Object, Object, Object, Object, Object, Object, Object, Object, Object, Object, Object, Object, Object, Object, Object, Object, Object, Object, Object, Object, Object, Object, Object, Object, Object, Object, Object, Object, Object, Object, Object, Object, Object, Object, Object, Object, Object, Object, Object] @ https://hdfilmcehennemi.mobi/Tema/v1/js/tasarim/devtools-console-detectv2.js?v=1.04b:0
[  458470ms] [LOG] [Object, Object, Object, Object, Object, Object, Object, Object, Object, Object, Object, Object, Object, Object, Object, Object, Object, Object, Object, Object, Object, Object, Object, Object, Object, Object, Object, Object, Object, Object, Object, Object, Object, Object, Object, Object, Object, Object, Object, Object, Object, Object, Object, Object, Object, Object, Object, Object, Object, Object] @ https://hdfilmcehennemi.mobi/Tema/v1/js/tasarim/devtools-console-detectv2.js?v=1.04b:0
[  458531ms] [LOG] %c JSHandle@node @ https://www.hdfilmcehennemi.nl/assets/front/js/cehennem.js?hash=d93042c1c9:0
[  458979ms] [LOG] JSHandle@node @ https://hdfilmcehennemi.mobi/Tema/v1/js/tasarim/devtools-console-detectv2.js?v=1.04b:0
[  458979ms] [LOG] function f(){} @ https://hdfilmcehennemi.mobi/Tema/v1/js/tasarim/devtools-console-detectv2.js?v=1.04b:0
[  458980ms] [TABLE] {dep: / /} @ https://hdfilmcehennemi.mobi/Tema/v1/js/tasarim/devtools-console-detectv2.js?v=1.04b:0
[  458980ms] [LOG] Tue Aug 18 2026 23:44:28 GMT+0300 (Türkiye Standard Time) @ https://hdfilmcehennemi.mobi/Tema/v1/js/tasarim/devtools-console-detectv2.js?v=1.04b:0
[  458980ms] [TABLE] [Object, Object, Object, Object, Object, Object, Object, Object, Object, Object, Object, Object, Object, Object, Object, Object, Object, Object, Object, Object, Object, Object, Object, Object, Object, Object, Object, Object, Object, Object, Object, Object, Object, Object, Object, Object, Object, Object, Object, Object, Object, Object, Object, Object, Object, Object, Object, Object, Object, Object] @ https://hdfilmcehennemi.mobi/Tema/v1/js/tasarim/devtools-console-detectv2.js?v=1.04b:0
[  459000ms] [LOG] [Object, Object, Object, Object, Object, Object, Object, Object, Object, Object, Object, Object, Object, Object, Object, Object, Object, Object, Object, Object, Object, Object, Object, Object, Object, Object, Object, Object, Object, Object, Object, Object, Object, Object, Object, Object, Object, Object, Object, Object, Object, Object, Object, Object, Object, Object, Object, Object, Object, Object] @ https://hdfilmcehennemi.mobi/Tema/v1/js/tasarim/devtools-console-detectv2.js?v=1.04b:0
[  459043ms] [LOG] %c JSHandle@node @ https://www.hdfilmcehennemi.nl/assets/front/js/cehennem.js?hash=d93042c1c9:0
[  459509ms] [LOG] JSHandle@node @ https://hdfilmcehennemi.mobi/Tema/v1/js/tasarim/devtools-console-detectv2.js?v=1.04b:0
[  459509ms] [LOG] function f(){} @ https://hdfilmcehennemi.mobi/Tema/v1/js/tasarim/devtools-console-detectv2.js?v=1.04b:0
[  459509ms] [TABLE] {dep: / /} @ https://hdfilmcehennemi.mobi/Tema/v1/js/tasarim/devtools-console-detectv2.js?v=1.04b:0
[  459509ms] [LOG] Tue Aug 18 2026 23:44:28 GMT+0300 (Türkiye Standard Time) @ https://hdfilmcehennemi.mobi/Tema/v1/js/tasarim/devtools-console-detectv2.js?v=1.04b:0
[  459509ms] [TABLE] [Object, Object, Object, Object, Object, Object, Object, Object, Object, Object, Object, Object, Object, Object, Object, Object, Object, Object, Object, Object, Object, Object, Object, Object, Object, Object, Object, Object, Object, Object, Object, Object, Object, Object, Object, Object, Object, Object, Object, Object, Object, Object, Object, Object, Object, Object, Object, Object, Object, Object] @ https://hdfilmcehennemi.mobi/Tema/v1/js/tasarim/devtools-console-detectv2.js?v=1.04b:0
[  459530ms] [LOG] [Object, Object, Object, Object, Object, Object, Object, Object, Object, Object, Object, Object, Object, Object, Object, Object, Object, Object, Object, Object, Object, Object, Object, Object, Object, Object, Object, Object, Object, Object, Object, Object, Object, Object, Object, Object, Object, Object, Object, Object, Object, Object, Object, Object, Object, Object, Object, Object, Object, Object] @ https://hdfilmcehennemi.mobi/Tema/v1/js/tasarim/devtools-console-detectv2.js?v=1.04b:0
[  459531ms] [LOG] %c JSHandle@node @ https://www.hdfilmcehennemi.nl/assets/front/js/cehennem.js?hash=d93042c1c9:0
[  460031ms] [LOG] JSHandle@node @ https://hdfilmcehennemi.mobi/Tema/v1/js/tasarim/devtools-console-detectv2.js?v=1.04b:0
[  460031ms] [LOG] function f(){} @ https://hdfilmcehennemi.mobi/Tema/v1/js/tasarim/devtools-console-detectv2.js?v=1.04b:0
[  460031ms] [TABLE] {dep: / /} @ https://hdfilmcehennemi.mobi/Tema/v1/js/tasarim/devtools-console-detectv2.js?v=1.04b:0
[  460031ms] [LOG] Tue Aug 18 2026 23:44:28 GMT+0300 (Türkiye Standard Time) @ https://hdfilmcehennemi.mobi/Tema/v1/js/tasarim/devtools-console-detectv2.js?v=1.04b:0
[  460043ms] [LOG] %c JSHandle@node @ https://www.hdfilmcehennemi.nl/assets/front/js/cehennem.js?hash=d93042c1c9:0
[  460032ms] [TABLE] [Object, Object, Object, Object, Object, Object, Object, Object, Object, Object, Object, Object, Object, Object, Object, Object, Object, Object, Object, Object, Object, Object, Object, Object, Object, Object, Object, Object, Object, Object, Object, Object, Object, Object, Object, Object, Object, Object, Object, Object, Object, Object, Object, Object, Object, Object, Object, Object, Object, Object] @ https://hdfilmcehennemi.mobi/Tema/v1/js/tasarim/devtools-console-detectv2.js?v=1.04b:0
[  460054ms] [LOG] [Object, Object, Object, Object, Object, Object, Object, Object, Object, Object, Object, Object, Object, Object, Object, Object, Object, Object, Object, Object, Object, Object, Object, Object, Object, Object, Object, Object, Object, Object, Object, Object, Object, Object, Object, Object, Object, Object, Object, Object, Object, Object, Object, Object, Object, Object, Object, Object, Object, Object] @ https://hdfilmcehennemi.mobi/Tema/v1/js/tasarim/devtools-console-detectv2.js?v=1.04b:0
[  460530ms] [LOG] %c JSHandle@node @ https://www.hdfilmcehennemi.nl/assets/front/js/cehennem.js?hash=d93042c1c9:0
[  460562ms] [LOG] JSHandle@node @ https://hdfilmcehennemi.mobi/Tema/v1/js/tasarim/devtools-console-detectv2.js?v=1.04b:0
[  460562ms] [LOG] function f(){} @ https://hdfilmcehennemi.mobi/Tema/v1/js/tasarim/devtools-console-detectv2.js?v=1.04b:0
[  460562ms] [TABLE] {dep: / /} @ https://hdfilmcehennemi.mobi/Tema/v1/js/tasarim/devtools-console-detectv2.js?v=1.04b:0
[  460562ms] [LOG] Tue Aug 18 2026 23:44:28 GMT+0300 (Türkiye Standard Time) @ https://hdfilmcehennemi.mobi/Tema/v1/js/tasarim/devtools-console-detectv2.js?v=1.04b:0
[  460562ms] [TABLE] [Object, Object, Object, Object, Object, Object, Object, Object, Object, Object, Object, Object, Object, Object, Object, Object, Object, Object, Object, Object, Object, Object, Object, Object, Object, Object, Object, Object, Object, Object, Object, Object, Object, Object, Object, Object, Object, Object, Object, Object, Object, Object, Object, Object, Object, Object, Object, Object, Object, Object] @ https://hdfilmcehennemi.mobi/Tema/v1/js/tasarim/devtools-console-detectv2.js?v=1.04b:0
[  460584ms] [LOG] [Object, Object, Object, Object, Object, Object, Object, Object, Object, Object, Object, Object, Object, Object, Object, Object, Object, Object, Object, Object, Object, Object, Object, Object, Object, Object, Object, Object, Object, Object, Object, Object, Object, Object, Object, Object, Object, Object, Object, Object, Object, Object, Object, Object, Object, Object, Object, Object, Object, Object] @ https://hdfilmcehennemi.mobi/Tema/v1/js/tasarim/devtools-console-detectv2.js?v=1.04b:0
[  461034ms] [LOG] %c JSHandle@node @ https://www.hdfilmcehennemi.nl/assets/front/js/cehennem.js?hash=d93042c1c9:0
[  461085ms] [LOG] JSHandle@node @ https://hdfilmcehennemi.mobi/Tema/v1/js/tasarim/devtools-console-detectv2.js?v=1.04b:0
[  461085ms] [LOG] function f(){} @ https://hdfilmcehennemi.mobi/Tema/v1/js/tasarim/devtools-console-detectv2.js?v=1.04b:0
[  461086ms] [TABLE] {dep: / /} @ https://hdfilmcehennemi.mobi/Tema/v1/js/tasarim/devtools-console-detectv2.js?v=1.04b:0
[  461086ms] [LOG] Tue Aug 18 2026 23:44:28 GMT+0300 (Türkiye Standard Time) @ https://hdfilmcehennemi.mobi/Tema/v1/js/tasarim/devtools-console-detectv2.js?v=1.04b:0
[  461086ms] [TABLE] [Object, Object, Object, Object, Object, Object, Object, Object, Object, Object, Object, Object, Object, Object, Object, Object, Object, Object, Object, Object, Object, Object, Object, Object, Object, Object, Object, Object, Object, Object, Object, Object, Object, Object, Object, Object, Object, Object, Object, Object, Object, Object, Object, Object, Object, Object, Object, Object, Object, Object] @ https://hdfilmcehennemi.mobi/Tema/v1/js/tasarim/devtools-console-detectv2.js?v=1.04b:0
[  461107ms] [LOG] [Object, Object, Object, Object, Object, Object, Object, Object, Object, Object, Object, Object, Object, Object, Object, Object, Object, Object, Object, Object, Object, Object, Object, Object, Object, Object, Object, Object, Object, Object, Object, Object, Object, Object, Object, Object, Object, Object, Object, Object, Object, Object, Object, Object, Object, Object, Object, Object, Object, Object] @ https://hdfilmcehennemi.mobi/Tema/v1/js/tasarim/devtools-console-detectv2.js?v=1.04b:0
[  461544ms] [LOG] %c JSHandle@node @ https://www.hdfilmcehennemi.nl/assets/front/js/cehennem.js?hash=d93042c1c9:0
[  461622ms] [LOG] JSHandle@node @ https://hdfilmcehennemi.mobi/Tema/v1/js/tasarim/devtools-console-detectv2.js?v=1.04b:0
[  461623ms] [LOG] function f(){} @ https://hdfilmcehennemi.mobi/Tema/v1/js/tasarim/devtools-console-detectv2.js?v=1.04b:0
[  461623ms] [TABLE] {dep: / /} @ https://hdfilmcehennemi.mobi/Tema/v1/js/tasarim/devtools-console-detectv2.js?v=1.04b:0
[  461623ms] [LOG] Tue Aug 18 2026 23:44:28 GMT+0300 (Türkiye Standard Time) @ https://hdfilmcehennemi.mobi/Tema/v1/js/tasarim/devtools-console-detectv2.js?v=1.04b:0
[  461623ms] [TABLE] [Object, Object, Object, Object, Object, Object, Object, Object, Object, Object, Object, Object, Object, Object, Object, Object, Object, Object, Object, Object, Object, Object, Object, Object, Object, Object, Object, Object, Object, Object, Object, Object, Object, Object, Object, Object, Object, Object, Object, Object, Object, Object, Object, Object, Object, Object, Object, Object, Object, Object] @ https://hdfilmcehennemi.mobi/Tema/v1/js/tasarim/devtools-console-detectv2.js?v=1.04b:0
[  461643ms] [LOG] [Object, Object, Object, Object, Object, Object, Object, Object, Object, Object, Object, Object, Object, Object, Object, Object, Object, Object, Object, Object, Object, Object, Object, Object, Object, Object, Object, Object, Object, Object, Object, Object, Object, Object, Object, Object, Object, Object, Object, Object, Object, Object, Object, Object, Object, Object, Object, Object, Object, Object] @ https://hdfilmcehennemi.mobi/Tema/v1/js/tasarim/devtools-console-detectv2.js?v=1.04b:0
[  462031ms] [LOG] %c JSHandle@node @ https://www.hdfilmcehennemi.nl/assets/front/js/cehennem.js?hash=d93042c1c9:0
[  462144ms] [LOG] JSHandle@node @ https://hdfilmcehennemi.mobi/Tema/v1/js/tasarim/devtools-console-detectv2.js?v=1.04b:0
[  462144ms] [LOG] function f(){} @ https://hdfilmcehennemi.mobi/Tema/v1/js/tasarim/devtools-console-detectv2.js?v=1.04b:0
[  462144ms] [TABLE] {dep: / /} @ https://hdfilmcehennemi.mobi/Tema/v1/js/tasarim/devtools-console-detectv2.js?v=1.04b:0
[  462144ms] [LOG] Tue Aug 18 2026 23:44:28 GMT+0300 (Türkiye Standard Time) @ https://hdfilmcehennemi.mobi/Tema/v1/js/tasarim/devtools-console-detectv2.js?v=1.04b:0
[  462144ms] [TABLE] [Object, Object, Object, Object, Object, Object, Object, Object, Object, Object, Object, Object, Object, Object, Object, Object, Object, Object, Object, Object, Object, Object, Object, Object, Object, Object, Object, Object, Object, Object, Object, Object, Object, Object, Object, Object, Object, Object, Object, Object, Object, Object, Object, Object, Object, Object, Object, Object, Object, Object] @ https://hdfilmcehennemi.mobi/Tema/v1/js/tasarim/devtools-console-detectv2.js?v=1.04b:0
[  462165ms] [LOG] [Object, Object, Object, Object, Object, Object, Object, Object, Object, Object, Object, Object, Object, Object, Object, Object, Object, Object, Object, Object, Object, Object, Object, Object, Object, Object, Object, Object, Object, Object, Object, Object, Object, Object, Object, Object, Object, Object, Object, Object, Object, Object, Object, Object, Object, Object, Object, Object, Object, Object] @ https://hdfilmcehennemi.mobi/Tema/v1/js/tasarim/devtools-console-detectv2.js?v=1.04b:0
[  462544ms] [LOG] %c JSHandle@node @ https://www.hdfilmcehennemi.nl/assets/front/js/cehennem.js?hash=d93042c1c9:0
[  462669ms] [LOG] JSHandle@node @ https://hdfilmcehennemi.mobi/Tema/v1/js/tasarim/devtools-console-detectv2.js?v=1.04b:0
[  462669ms] [LOG] function f(){} @ https://hdfilmcehennemi.mobi/Tema/v1/js/tasarim/devtools-console-detectv2.js?v=1.04b:0
[  462670ms] [TABLE] {dep: / /} @ https://hdfilmcehennemi.mobi/Tema/v1/js/tasarim/devtools-console-detectv2.js?v=1.04b:0
[  462670ms] [LOG] Tue Aug 18 2026 23:44:28 GMT+0300 (Türkiye Standard Time) @ https://hdfilmcehennemi.mobi/Tema/v1/js/tasarim/devtools-console-detectv2.js?v=1.04b:0
[  462670ms] [TABLE] [Object, Object, Object, Object, Object, Object, Object, Object, Object, Object, Object, Object, Object, Object, Object, Object, Object, Object, Object, Object, Object, Object, Object, Object, Object, Object, Object, Object, Object, Object, Object, Object, Object, Object, Object, Object, Object, Object, Object, Object, Object, Object, Object, Object, Object, Object, Object, Object, Object, Object] @ https://hdfilmcehennemi.mobi/Tema/v1/js/tasarim/devtools-console-detectv2.js?v=1.04b:0
[  462691ms] [LOG] [Object, Object, Object, Object, Object, Object, Object, Object, Object, Object, Object, Object, Object, Object, Object, Object, Object, Object, Object, Object, Object, Object, Object, Object, Object, Object, Object, Object, Object, Object, Object, Object, Object, Object, Object, Object, Object, Object, Object, Object, Object, Object, Object, Object, Object, Object, Object, Object, Object, Object] @ https://hdfilmcehennemi.mobi/Tema/v1/js/tasarim/devtools-console-detectv2.js?v=1.04b:0
[  463030ms] [LOG] %c JSHandle@node @ https://www.hdfilmcehennemi.nl/assets/front/js/cehennem.js?hash=d93042c1c9:0
[  463202ms] [LOG] JSHandle@node @ https://hdfilmcehennemi.mobi/Tema/v1/js/tasarim/devtools-console-detectv2.js?v=1.04b:0
[  463202ms] [LOG] function f(){} @ https://hdfilmcehennemi.mobi/Tema/v1/js/tasarim/devtools-console-detectv2.js?v=1.04b:0
[  463202ms] [TABLE] {dep: / /} @ https://hdfilmcehennemi.mobi/Tema/v1/js/tasarim/devtools-console-detectv2.js?v=1.04b:0
[  463202ms] [LOG] Tue Aug 18 2026 23:44:28 GMT+0300 (Türkiye Standard Time) @ https://hdfilmcehennemi.mobi/Tema/v1/js/tasarim/devtools-console-detectv2.js?v=1.04b:0
[  463202ms] [TABLE] [Object, Object, Object, Object, Object, Object, Object, Object, Object, Object, Object, Object, Object, Object, Object, Object, Object, Object, Object, Object, Object, Object, Object, Object, Object, Object, Object, Object, Object, Object, Object, Object, Object, Object, Object, Object, Object, Object, Object, Object, Object, Object, Object, Object, Object, Object, Object, Object, Object, Object] @ https://hdfilmcehennemi.mobi/Tema/v1/js/tasarim/devtools-console-detectv2.js?v=1.04b:0
[  463224ms] [LOG] [Object, Object, Object, Object, Object, Object, Object, Object, Object, Object, Object, Object, Object, Object, Object, Object, Object, Object, Object, Object, Object, Object, Object, Object, Object, Object, Object, Object, Object, Object, Object, Object, Object, Object, Object, Object, Object, Object, Object, Object, Object, Object, Object, Object, Object, Object, Object, Object, Object, Object] @ https://hdfilmcehennemi.mobi/Tema/v1/js/tasarim/devtools-console-detectv2.js?v=1.04b:0
[  463533ms] [LOG] %c JSHandle@node @ https://www.hdfilmcehennemi.nl/assets/front/js/cehennem.js?hash=d93042c1c9:0
[  463735ms] [LOG] JSHandle@node @ https://hdfilmcehennemi.mobi/Tema/v1/js/tasarim/devtools-console-detectv2.js?v=1.04b:0
[  463735ms] [LOG] function f(){} @ https://hdfilmcehennemi.mobi/Tema/v1/js/tasarim/devtools-console-detectv2.js?v=1.04b:0
[  463735ms] [TABLE] {dep: / /} @ https://hdfilmcehennemi.mobi/Tema/v1/js/tasarim/devtools-console-detectv2.js?v=1.04b:0
[  463735ms] [LOG] Tue Aug 18 2026 23:44:28 GMT+0300 (Türkiye Standard Time) @ https://hdfilmcehennemi.mobi/Tema/v1/js/tasarim/devtools-console-detectv2.js?v=1.04b:0
[  463735ms] [TABLE] [Object, Object, Object, Object, Object, Object, Object, Object, Object, Object, Object, Object, Object, Object, Object, Object, Object, Object, Object, Object, Object, Object, Object, Object, Object, Object, Object, Object, Object, Object, Object, Object, Object, Object, Object, Object, Object, Object, Object, Object, Object, Object, Object, Object, Object, Object, Object, Object, Object, Object] @ https://hdfilmcehennemi.mobi/Tema/v1/js/tasarim/devtools-console-detectv2.js?v=1.04b:0
[  463756ms] [LOG] [Object, Object, Object, Object, Object, Object, Object, Object, Object, Object, Object, Object, Object, Object, Object, Object, Object, Object, Object, Object, Object, Object, Object, Object, Object, Object, Object, Object, Object, Object, Object, Object, Object, Object, Object, Object, Object, Object, Object, Object, Object, Object, Object, Object, Object, Object, Object, Object, Object, Object] @ https://hdfilmcehennemi.mobi/Tema/v1/js/tasarim/devtools-console-detectv2.js?v=1.04b:0
[  464030ms] [LOG] %c JSHandle@node @ https://www.hdfilmcehennemi.nl/assets/front/js/cehennem.js?hash=d93042c1c9:0
[  464264ms] [LOG] JSHandle@node @ https://hdfilmcehennemi.mobi/Tema/v1/js/tasarim/devtools-console-detectv2.js?v=1.04b:0
[  464264ms] [LOG] function f(){} @ https://hdfilmcehennemi.mobi/Tema/v1/js/tasarim/devtools-console-detectv2.js?v=1.04b:0
[  464264ms] [TABLE] {dep: / /} @ https://hdfilmcehennemi.mobi/Tema/v1/js/tasarim/devtools-console-detectv2.js?v=1.04b:0
[  464264ms] [LOG] Tue Aug 18 2026 23:44:28 GMT+0300 (Türkiye Standard Time) @ https://hdfilmcehennemi.mobi/Tema/v1/js/tasarim/devtools-console-detectv2.js?v=1.04b:0
[  464265ms] [TABLE] [Object, Object, Object, Object, Object, Object, Object, Object, Object, Object, Object, Object, Object, Object, Object, Object, Object, Object, Object, Object, Object, Object, Object, Object, Object, Object, Object, Object, Object, Object, Object, Object, Object, Object, Object, Object, Object, Object, Object, Object, Object, Object, Object, Object, Object, Object, Object, Object, Object, Object] @ https://hdfilmcehennemi.mobi/Tema/v1/js/tasarim/devtools-console-detectv2.js?v=1.04b:0
[  464286ms] [LOG] [Object, Object, Object, Object, Object, Object, Object, Object, Object, Object, Object, Object, Object, Object, Object, Object, Object, Object, Object, Object, Object, Object, Object, Object, Object, Object, Object, Object, Object, Object, Object, Object, Object, Object, Object, Object, Object, Object, Object, Object, Object, Object, Object, Object, Object, Object, Object, Object, Object, Object] @ https://hdfilmcehennemi.mobi/Tema/v1/js/tasarim/devtools-console-detectv2.js?v=1.04b:0
[  464532ms] [LOG] %c JSHandle@node @ https://www.hdfilmcehennemi.nl/assets/front/js/cehennem.js?hash=d93042c1c9:0
[  464796ms] [LOG] JSHandle@node @ https://hdfilmcehennemi.mobi/Tema/v1/js/tasarim/devtools-console-detectv2.js?v=1.04b:0
[  464796ms] [LOG] function f(){} @ https://hdfilmcehennemi.mobi/Tema/v1/js/tasarim/devtools-console-detectv2.js?v=1.04b:0
[  464796ms] [TABLE] {dep: / /} @ https://hdfilmcehennemi.mobi/Tema/v1/js/tasarim/devtools-console-detectv2.js?v=1.04b:0
[  464796ms] [LOG] Tue Aug 18 2026 23:44:28 GMT+0300 (Türkiye Standard Time) @ https://hdfilmcehennemi.mobi/Tema/v1/js/tasarim/devtools-console-detectv2.js?v=1.04b:0
[  464796ms] [TABLE] [Object, Object, Object, Object, Object, Object, Object, Object, Object, Object, Object, Object, Object, Object, Object, Object, Object, Object, Object, Object, Object, Object, Object, Object, Object, Object, Object, Object, Object, Object, Object, Object, Object, Object, Object, Object, Object, Object, Object, Object, Object, Object, Object, Object, Object, Object, Object, Object, Object, Object] @ https://hdfilmcehennemi.mobi/Tema/v1/js/tasarim/devtools-console-detectv2.js?v=1.04b:0
[  464817ms] [LOG] [Object, Object, Object, Object, Object, Object, Object, Object, Object, Object, Object, Object, Object, Object, Object, Object, Object, Object, Object, Object, Object, Object, Object, Object, Object, Object, Object, Object, Object, Object, Object, Object, Object, Object, Object, Object, Object, Object, Object, Object, Object, Object, Object, Object, Object, Object, Object, Object, Object, Object] @ https://hdfilmcehennemi.mobi/Tema/v1/js/tasarim/devtools-console-detectv2.js?v=1.04b:0
[  477948ms] [LOG] %c JSHandle@node @ https://www.fullhdfilmizlesene.now/minx/ftjs.1786843931.js:0
[  478053ms] [WARNING] Allow attribute will take precedence over 'allowfullscreen'. @ https://www.fullhdfilmizlesene.now/minx/alljs.1778281908.js:1
[  478449ms] [LOG] %c JSHandle@node @ https://www.fullhdfilmizlesene.now/minx/ftjs.1786843931.js:0
[  478948ms] [LOG] %c JSHandle@node @ https://www.fullhdfilmizlesene.now/minx/ftjs.1786843931.js:0
[  479449ms] [LOG] %c JSHandle@node @ https://www.fullhdfilmizlesene.now/minx/ftjs.1786843931.js:0
[  479909ms] [WARNING] Allow attribute will take precedence over 'allowfullscreen'. @ https://www.fullhdfilmizlesene.now/minx/alljs.1778281908.js:1
[  479954ms] [LOG] %c JSHandle@node @ https://www.fullhdfilmizlesene.now/minx/ftjs.1786843931.js:0
[  480312ms] [WARNING] Allow attribute will take precedence over 'allowfullscreen'. @ https://www.fullhdfilmizlesene.now/film/insan-kirkayak/:0
[  480450ms] [LOG] %c JSHandle@node @ https://www.fullhdfilmizlesene.now/minx/ftjs.1786843931.js:0
[  480950ms] [LOG] %c JSHandle@node @ https://www.fullhdfilmizlesene.now/minx/ftjs.1786843931.js:0
[  481448ms] [LOG] %c JSHandle@node @ https://www.fullhdfilmizlesene.now/minx/ftjs.1786843931.js:0
[  481949ms] [LOG] %c JSHandle@node @ https://www.fullhdfilmizlesene.now/minx/ftjs.1786843931.js:0
[  482449ms] [LOG] %c JSHandle@node @ https://www.fullhdfilmizlesene.now/minx/ftjs.1786843931.js:0
[  482949ms] [LOG] %c JSHandle@node @ https://www.fullhdfilmizlesene.now/minx/ftjs.1786843931.js:0
[  483463ms] [LOG] %c JSHandle@node @ https://www.fullhdfilmizlesene.now/minx/ftjs.1786843931.js:0
[  483949ms] [LOG] %c JSHandle@node @ https://www.fullhdfilmizlesene.now/minx/ftjs.1786843931.js:0
[  484461ms] [LOG] %c JSHandle@node @ https://www.fullhdfilmizlesene.now/minx/ftjs.1786843931.js:0
[  484959ms] [LOG] %c JSHandle@node @ https://www.fullhdfilmizlesene.now/minx/ftjs.1786843931.js:0
[  485457ms] [LOG] %c JSHandle@node @ https://www.fullhdfilmizlesene.now/minx/ftjs.1786843931.js:0
[  485951ms] [LOG] %c JSHandle@node @ https://www.fullhdfilmizlesene.now/minx/ftjs.1786843931.js:0
[  486463ms] [LOG] %c JSHandle@node @ https://www.fullhdfilmizlesene.now/minx/ftjs.1786843931.js:0
[  486949ms] [LOG] %c JSHandle@node @ https://www.fullhdfilmizlesene.now/minx/ftjs.1786843931.js:0
[  487451ms] [LOG] %c JSHandle@node @ https://www.fullhdfilmizlesene.now/minx/ftjs.1786843931.js:0
[  487950ms] [LOG] %c JSHandle@node @ https://www.fullhdfilmizlesene.now/minx/ftjs.1786843931.js:0
[  488449ms] [LOG] %c JSHandle@node @ https://www.fullhdfilmizlesene.now/minx/ftjs.1786843931.js:0
[  488954ms] [LOG] %c JSHandle@node @ https://www.fullhdfilmizlesene.now/minx/ftjs.1786843931.js:0
[  489456ms] [LOG] %c JSHandle@node @ https://www.fullhdfilmizlesene.now/minx/ftjs.1786843931.js:0
[  489955ms] [LOG] %c JSHandle@node @ https://www.fullhdfilmizlesene.now/minx/ftjs.1786843931.js:0
[  490453ms] [LOG] %c JSHandle@node @ https://www.fullhdfilmizlesene.now/minx/ftjs.1786843931.js:0
[  490953ms] [LOG] %c JSHandle@node @ https://www.fullhdfilmizlesene.now/minx/ftjs.1786843931.js:0
[  491452ms] [LOG] %c JSHandle@node @ https://www.fullhdfilmizlesene.now/minx/ftjs.1786843931.js:0
[  491952ms] [LOG] %c JSHandle@node @ https://www.fullhdfilmizlesene.now/minx/ftjs.1786843931.js:0
[  492449ms] [LOG] %c JSHandle@node @ https://www.fullhdfilmizlesene.now/minx/ftjs.1786843931.js:0
[  492950ms] [LOG] %c JSHandle@node @ https://www.fullhdfilmizlesene.now/minx/ftjs.1786843931.js:0
[  493462ms] [LOG] %c JSHandle@node @ https://www.fullhdfilmizlesene.now/minx/ftjs.1786843931.js:0
[  493948ms] [LOG] %c JSHandle@node @ https://www.fullhdfilmizlesene.now/minx/ftjs.1786843931.js:0
[  494448ms] [LOG] %c JSHandle@node @ https://www.fullhdfilmizlesene.now/minx/ftjs.1786843931.js:0
[  494959ms] [LOG] %c JSHandle@node @ https://www.fullhdfilmizlesene.now/minx/ftjs.1786843931.js:0
[  495460ms] [LOG] %c JSHandle@node @ https://www.fullhdfilmizlesene.now/minx/ftjs.1786843931.js:0
[  495963ms] [LOG] %c JSHandle@node @ https://www.fullhdfilmizlesene.now/minx/ftjs.1786843931.js:0
[  496461ms] [LOG] %c JSHandle@node @ https://www.fullhdfilmizlesene.now/minx/ftjs.1786843931.js:0
[  496962ms] [LOG] %c JSHandle@node @ https://www.fullhdfilmizlesene.now/minx/ftjs.1786843931.js:0
[  497460ms] [LOG] %c JSHandle@node @ https://www.fullhdfilmizlesene.now/minx/ftjs.1786843931.js:0
[  497962ms] [LOG] %c JSHandle@node @ https://www.fullhdfilmizlesene.now/minx/ftjs.1786843931.js:0
[  498449ms] [LOG] %c JSHandle@node @ https://www.fullhdfilmizlesene.now/minx/ftjs.1786843931.js:0
[  498957ms] [LOG] %c JSHandle@node @ https://www.fullhdfilmizlesene.now/minx/ftjs.1786843931.js:0
[  499454ms] [LOG] %c JSHandle@node @ https://www.fullhdfilmizlesene.now/minx/ftjs.1786843931.js:0
[  499953ms] [LOG] %c JSHandle@node @ https://www.fullhdfilmizlesene.now/minx/ftjs.1786843931.js:0
[  500455ms] [LOG] %c JSHandle@node @ https://www.fullhdfilmizlesene.now/minx/ftjs.1786843931.js:0
[  500955ms] [LOG] %c JSHandle@node @ https://www.fullhdfilmizlesene.now/minx/ftjs.1786843931.js:0
[  501450ms] [LOG] %c JSHandle@node @ https://www.fullhdfilmizlesene.now/minx/ftjs.1786843931.js:0
[  501949ms] [LOG] %c JSHandle@node @ https://www.fullhdfilmizlesene.now/minx/ftjs.1786843931.js:0
[  502463ms] [LOG] %c JSHandle@node @ https://www.fullhdfilmizlesene.now/minx/ftjs.1786843931.js:0
[  502963ms] [LOG] %c JSHandle@node @ https://www.fullhdfilmizlesene.now/minx/ftjs.1786843931.js:0
[  503461ms] [LOG] %c JSHandle@node @ https://www.fullhdfilmizlesene.now/minx/ftjs.1786843931.js:0
[  503958ms] [LOG] %c JSHandle@node @ https://www.fullhdfilmizlesene.now/minx/ftjs.1786843931.js:0
[  504459ms] [LOG] %c JSHandle@node @ https://www.fullhdfilmizlesene.now/minx/ftjs.1786843931.js:0
[  504958ms] [LOG] %c JSHandle@node @ https://www.fullhdfilmizlesene.now/minx/ftjs.1786843931.js:0
[  505458ms] [LOG] %c JSHandle@node @ https://www.fullhdfilmizlesene.now/minx/ftjs.1786843931.js:0
[  505956ms] [LOG] %c JSHandle@node @ https://www.fullhdfilmizlesene.now/minx/ftjs.1786843931.js:0
[  506455ms] [LOG] %c JSHandle@node @ https://www.fullhdfilmizlesene.now/minx/ftjs.1786843931.js:0
[  506952ms] [LOG] %c JSHandle@node @ https://www.fullhdfilmizlesene.now/minx/ftjs.1786843931.js:0
[  507452ms] [LOG] %c JSHandle@node @ https://www.fullhdfilmizlesene.now/minx/ftjs.1786843931.js:0
[  507952ms] [LOG] %c JSHandle@node @ https://www.fullhdfilmizlesene.now/minx/ftjs.1786843931.js:0
[  508450ms] [LOG] %c JSHandle@node @ https://www.fullhdfilmizlesene.now/minx/ftjs.1786843931.js:0
[  508950ms] [LOG] %c JSHandle@node @ https://www.fullhdfilmizlesene.now/minx/ftjs.1786843931.js:0
[  509461ms] [LOG] %c JSHandle@node @ https://www.fullhdfilmizlesene.now/minx/ftjs.1786843931.js:0
[  509960ms] [LOG] %c JSHandle@node @ https://www.fullhdfilmizlesene.now/minx/ftjs.1786843931.js:0
[  510459ms] [LOG] %c JSHandle@node @ https://www.fullhdfilmizlesene.now/minx/ftjs.1786843931.js:0
[  510956ms] [LOG] %c JSHandle@node @ https://www.fullhdfilmizlesene.now/minx/ftjs.1786843931.js:0
[  511452ms] [LOG] %c JSHandle@node @ https://www.fullhdfilmizlesene.now/minx/ftjs.1786843931.js:0
[  511952ms] [LOG] %c JSHandle@node @ https://www.fullhdfilmizlesene.now/minx/ftjs.1786843931.js:0
[  512452ms] [LOG] %c JSHandle@node @ https://www.fullhdfilmizlesene.now/minx/ftjs.1786843931.js:0
[  512951ms] [LOG] %c JSHandle@node @ https://www.fullhdfilmizlesene.now/minx/ftjs.1786843931.js:0
[  513449ms] [LOG] %c JSHandle@node @ https://www.fullhdfilmizlesene.now/minx/ftjs.1786843931.js:0
[  513962ms] [LOG] %c JSHandle@node @ https://www.fullhdfilmizlesene.now/minx/ftjs.1786843931.js:0
[  514461ms] [LOG] %c JSHandle@node @ https://www.fullhdfilmizlesene.now/minx/ftjs.1786843931.js:0
[  514960ms] [LOG] %c JSHandle@node @ https://www.fullhdfilmizlesene.now/minx/ftjs.1786843931.js:0
[  515459ms] [LOG] %c JSHandle@node @ https://www.fullhdfilmizlesene.now/minx/ftjs.1786843931.js:0
[  515957ms] [LOG] %c JSHandle@node @ https://www.fullhdfilmizlesene.now/minx/ftjs.1786843931.js:0
[  516452ms] [LOG] %c JSHandle@node @ https://www.fullhdfilmizlesene.now/minx/ftjs.1786843931.js:0
[  516962ms] [LOG] %c JSHandle@node @ https://www.fullhdfilmizlesene.now/minx/ftjs.1786843931.js:0
[  517459ms] [LOG] %c JSHandle@node @ https://www.fullhdfilmizlesene.now/minx/ftjs.1786843931.js:0
[  517960ms] [LOG] %c JSHandle@node @ https://www.fullhdfilmizlesene.now/minx/ftjs.1786843931.js:0
[  518458ms] [LOG] %c JSHandle@node @ https://www.fullhdfilmizlesene.now/minx/ftjs.1786843931.js:0
[  518958ms] [LOG] %c JSHandle@node @ https://www.fullhdfilmizlesene.now/minx/ftjs.1786843931.js:0
[  519456ms] [LOG] %c JSHandle@node @ https://www.fullhdfilmizlesene.now/minx/ftjs.1786843931.js:0
[  519955ms] [LOG] %c JSHandle@node @ https://www.fullhdfilmizlesene.now/minx/ftjs.1786843931.js:0
[  520452ms] [LOG] %c JSHandle@node @ https://www.fullhdfilmizlesene.now/minx/ftjs.1786843931.js:0
[  520954ms] [LOG] %c JSHandle@node @ https://www.fullhdfilmizlesene.now/minx/ftjs.1786843931.js:0
[  521451ms] [LOG] %c JSHandle@node @ https://www.fullhdfilmizlesene.now/minx/ftjs.1786843931.js:0
[  521962ms] [LOG] %c JSHandle@node @ https://www.fullhdfilmizlesene.now/minx/ftjs.1786843931.js:0
[  522459ms] [LOG] %c JSHandle@node @ https://www.fullhdfilmizlesene.now/minx/ftjs.1786843931.js:0
[  522956ms] [LOG] %c JSHandle@node @ https://www.fullhdfilmizlesene.now/minx/ftjs.1786843931.js:0
[  523460ms] [LOG] %c JSHandle@node @ https://www.fullhdfilmizlesene.now/minx/ftjs.1786843931.js:0
[  523958ms] [LOG] %c JSHandle@node @ https://www.fullhdfilmizlesene.now/minx/ftjs.1786843931.js:0
[  524457ms] [LOG] %c JSHandle@node @ https://www.fullhdfilmizlesene.now/minx/ftjs.1786843931.js:0
[  524955ms] [LOG] %c JSHandle@node @ https://www.fullhdfilmizlesene.now/minx/ftjs.1786843931.js:0
[  525458ms] [LOG] %c JSHandle@node @ https://www.fullhdfilmizlesene.now/minx/ftjs.1786843931.js:0
[  525955ms] [LOG] %c JSHandle@node @ https://www.fullhdfilmizlesene.now/minx/ftjs.1786843931.js:0
[  526450ms] [LOG] %c JSHandle@node @ https://www.fullhdfilmizlesene.now/minx/ftjs.1786843931.js:0
[  526960ms] [LOG] %c JSHandle@node @ https://www.fullhdfilmizlesene.now/minx/ftjs.1786843931.js:0
[  527457ms] [LOG] %c JSHandle@node @ https://www.fullhdfilmizlesene.now/minx/ftjs.1786843931.js:0
[  527959ms] [LOG] %c JSHandle@node @ https://www.fullhdfilmizlesene.now/minx/ftjs.1786843931.js:0
[  528461ms] [LOG] %c JSHandle@node @ https://www.fullhdfilmizlesene.now/minx/ftjs.1786843931.js:0
[  528962ms] [LOG] %c JSHandle@node @ https://www.fullhdfilmizlesene.now/minx/ftjs.1786843931.js:0
[  529457ms] [LOG] %c JSHandle@node @ https://www.fullhdfilmizlesene.now/minx/ftjs.1786843931.js:0
[  529954ms] [LOG] %c JSHandle@node @ https://www.fullhdfilmizlesene.now/minx/ftjs.1786843931.js:0
[  530451ms] [LOG] %c JSHandle@node @ https://www.fullhdfilmizlesene.now/minx/ftjs.1786843931.js:0
[  530949ms] [LOG] %c JSHandle@node @ https://www.fullhdfilmizlesene.now/minx/ftjs.1786843931.js:0
[  531462ms] [LOG] %c JSHandle@node @ https://www.fullhdfilmizlesene.now/minx/ftjs.1786843931.js:0
[  531962ms] [LOG] %c JSHandle@node @ https://www.fullhdfilmizlesene.now/minx/ftjs.1786843931.js:0
[  532457ms] [LOG] %c JSHandle@node @ https://www.fullhdfilmizlesene.now/minx/ftjs.1786843931.js:0
[  532957ms] [LOG] %c JSHandle@node @ https://www.fullhdfilmizlesene.now/minx/ftjs.1786843931.js:0
[  533456ms] [LOG] %c JSHandle@node @ https://www.fullhdfilmizlesene.now/minx/ftjs.1786843931.js:0
[  533951ms] [LOG] %c JSHandle@node @ https://www.fullhdfilmizlesene.now/minx/ftjs.1786843931.js:0
[  534453ms] [LOG] %c JSHandle@node @ https://www.fullhdfilmizlesene.now/minx/ftjs.1786843931.js:0
[  534950ms] [LOG] %c JSHandle@node @ https://www.fullhdfilmizlesene.now/minx/ftjs.1786843931.js:0
[  535462ms] [LOG] %c JSHandle@node @ https://www.fullhdfilmizlesene.now/minx/ftjs.1786843931.js:0
[  535961ms] [LOG] %c JSHandle@node @ https://www.fullhdfilmizlesene.now/minx/ftjs.1786843931.js:0
[  536454ms] [LOG] %c JSHandle@node @ https://www.fullhdfilmizlesene.now/minx/ftjs.1786843931.js:0
[  536949ms] [LOG] %c JSHandle@node @ https://www.fullhdfilmizlesene.now/minx/ftjs.1786843931.js:0
[  537462ms] [LOG] %c JSHandle@node @ https://www.fullhdfilmizlesene.now/minx/ftjs.1786843931.js:0
[  537958ms] [LOG] %c JSHandle@node @ https://www.fullhdfilmizlesene.now/minx/ftjs.1786843931.js:0
[  538459ms] [LOG] %c JSHandle@node @ https://www.fullhdfilmizlesene.now/minx/ftjs.1786843931.js:0
[  538956ms] [LOG] %c JSHandle@node @ https://www.fullhdfilmizlesene.now/minx/ftjs.1786843931.js:0
[  539455ms] [LOG] %c JSHandle@node @ https://www.fullhdfilmizlesene.now/minx/ftjs.1786843931.js:0
[  539955ms] [LOG] %c JSHandle@node @ https://www.fullhdfilmizlesene.now/minx/ftjs.1786843931.js:0
[  540453ms] [LOG] %c JSHandle@node @ https://www.fullhdfilmizlesene.now/minx/ftjs.1786843931.js:0
[  540952ms] [LOG] %c JSHandle@node @ https://www.fullhdfilmizlesene.now/minx/ftjs.1786843931.js:0
[  541449ms] [LOG] %c JSHandle@node @ https://www.fullhdfilmizlesene.now/minx/ftjs.1786843931.js:0
[  541961ms] [LOG] %c JSHandle@node @ https://www.fullhdfilmizlesene.now/minx/ftjs.1786843931.js:0
[  542458ms] [LOG] %c JSHandle@node @ https://www.fullhdfilmizlesene.now/minx/ftjs.1786843931.js:0
[  542957ms] [LOG] %c JSHandle@node @ https://www.fullhdfilmizlesene.now/minx/ftjs.1786843931.js:0
[  543458ms] [LOG] %c JSHandle@node @ https://www.fullhdfilmizlesene.now/minx/ftjs.1786843931.js:0
[  543956ms] [LOG] %c JSHandle@node @ https://www.fullhdfilmizlesene.now/minx/ftjs.1786843931.js:0
[  544455ms] [LOG] %c JSHandle@node @ https://www.fullhdfilmizlesene.now/minx/ftjs.1786843931.js:0
[  544949ms] [LOG] %c JSHandle@node @ https://www.fullhdfilmizlesene.now/minx/ftjs.1786843931.js:0
[  545461ms] [LOG] %c JSHandle@node @ https://www.fullhdfilmizlesene.now/minx/ftjs.1786843931.js:0
[  545958ms] [LOG] %c JSHandle@node @ https://www.fullhdfilmizlesene.now/minx/ftjs.1786843931.js:0
[  546455ms] [LOG] %c JSHandle@node @ https://www.fullhdfilmizlesene.now/minx/ftjs.1786843931.js:0
[  546951ms] [LOG] %c JSHandle@node @ https://www.fullhdfilmizlesene.now/minx/ftjs.1786843931.js:0
[  547454ms] [LOG] %c JSHandle@node @ https://www.fullhdfilmizlesene.now/minx/ftjs.1786843931.js:0
[  547950ms] [LOG] %c JSHandle@node @ https://www.fullhdfilmizlesene.now/minx/ftjs.1786843931.js:0
[  548463ms] [LOG] %c JSHandle@node @ https://www.fullhdfilmizlesene.now/minx/ftjs.1786843931.js:0
[  548958ms] [LOG] %c JSHandle@node @ https://www.fullhdfilmizlesene.now/minx/ftjs.1786843931.js:0
[  549459ms] [LOG] %c JSHandle@node @ https://www.fullhdfilmizlesene.now/minx/ftjs.1786843931.js:0
[  549954ms] [LOG] %c JSHandle@node @ https://www.fullhdfilmizlesene.now/minx/ftjs.1786843931.js:0
[  550453ms] [LOG] %c JSHandle@node @ https://www.fullhdfilmizlesene.now/minx/ftjs.1786843931.js:0
[  550952ms] [LOG] %c JSHandle@node @ https://www.fullhdfilmizlesene.now/minx/ftjs.1786843931.js:0
[  551463ms] [LOG] %c JSHandle@node @ https://www.fullhdfilmizlesene.now/minx/ftjs.1786843931.js:0
[  551960ms] [LOG] %c JSHandle@node @ https://www.fullhdfilmizlesene.now/minx/ftjs.1786843931.js:0
[  552456ms] [LOG] %c JSHandle@node @ https://www.fullhdfilmizlesene.now/minx/ftjs.1786843931.js:0
[  552955ms] [LOG] %c JSHandle@node @ https://www.fullhdfilmizlesene.now/minx/ftjs.1786843931.js:0
[  553453ms] [LOG] %c JSHandle@node @ https://www.fullhdfilmizlesene.now/minx/ftjs.1786843931.js:0
[  553951ms] [LOG] %c JSHandle@node @ https://www.fullhdfilmizlesene.now/minx/ftjs.1786843931.js:0
[  554453ms] [LOG] %c JSHandle@node @ https://www.fullhdfilmizlesene.now/minx/ftjs.1786843931.js:0
[  554952ms] [LOG] %c JSHandle@node @ https://www.fullhdfilmizlesene.now/minx/ftjs.1786843931.js:0
[  555463ms] [LOG] %c JSHandle@node @ https://www.fullhdfilmizlesene.now/minx/ftjs.1786843931.js:0
[  555956ms] [LOG] %c JSHandle@node @ https://www.fullhdfilmizlesene.now/minx/ftjs.1786843931.js:0
[  556460ms] [LOG] %c JSHandle@node @ https://www.fullhdfilmizlesene.now/minx/ftjs.1786843931.js:0
[  556955ms] [LOG] %c JSHandle@node @ https://www.fullhdfilmizlesene.now/minx/ftjs.1786843931.js:0
[  557453ms] [LOG] %c JSHandle@node @ https://www.fullhdfilmizlesene.now/minx/ftjs.1786843931.js:0
[  557954ms] [LOG] %c JSHandle@node @ https://www.fullhdfilmizlesene.now/minx/ftjs.1786843931.js:0
[  558463ms] [LOG] %c JSHandle@node @ https://www.fullhdfilmizlesene.now/minx/ftjs.1786843931.js:0
[  558962ms] [LOG] %c JSHandle@node @ https://www.fullhdfilmizlesene.now/minx/ftjs.1786843931.js:0
[  559461ms] [LOG] %c JSHandle@node @ https://www.fullhdfilmizlesene.now/minx/ftjs.1786843931.js:0
[  559961ms] [LOG] %c JSHandle@node @ https://www.fullhdfilmizlesene.now/minx/ftjs.1786843931.js:0
[  560460ms] [LOG] %c JSHandle@node @ https://www.fullhdfilmizlesene.now/minx/ftjs.1786843931.js:0
[  560954ms] [LOG] %c JSHandle@node @ https://www.fullhdfilmizlesene.now/minx/ftjs.1786843931.js:0
[  561451ms] [LOG] %c JSHandle@node @ https://www.fullhdfilmizlesene.now/minx/ftjs.1786843931.js:0
[  561953ms] [LOG] %c JSHandle@node @ https://www.fullhdfilmizlesene.now/minx/ftjs.1786843931.js:0
[  562451ms] [LOG] %c JSHandle@node @ https://www.fullhdfilmizlesene.now/minx/ftjs.1786843931.js:0
[  562953ms] [LOG] %c JSHandle@node @ https://www.fullhdfilmizlesene.now/minx/ftjs.1786843931.js:0
[  563450ms] [LOG] %c JSHandle@node @ https://www.fullhdfilmizlesene.now/minx/ftjs.1786843931.js:0
[  563960ms] [LOG] %c JSHandle@node @ https://www.fullhdfilmizlesene.now/minx/ftjs.1786843931.js:0
[  564461ms] [LOG] %c JSHandle@node @ https://www.fullhdfilmizlesene.now/minx/ftjs.1786843931.js:0
[  564960ms] [LOG] %c JSHandle@node @ https://www.fullhdfilmizlesene.now/minx/ftjs.1786843931.js:0
[  565459ms] [LOG] %c JSHandle@node @ https://www.fullhdfilmizlesene.now/minx/ftjs.1786843931.js:0
[  565957ms] [LOG] %c JSHandle@node @ https://www.fullhdfilmizlesene.now/minx/ftjs.1786843931.js:0
[  566454ms] [LOG] %c JSHandle@node @ https://www.fullhdfilmizlesene.now/minx/ftjs.1786843931.js:0
[  566950ms] [LOG] %c JSHandle@node @ https://www.fullhdfilmizlesene.now/minx/ftjs.1786843931.js:0
[  567463ms] [LOG] %c JSHandle@node @ https://www.fullhdfilmizlesene.now/minx/ftjs.1786843931.js:0
[  567960ms] [LOG] %c JSHandle@node @ https://www.fullhdfilmizlesene.now/minx/ftjs.1786843931.js:0
[  568457ms] [LOG] %c JSHandle@node @ https://www.fullhdfilmizlesene.now/minx/ftjs.1786843931.js:0
[  568953ms] [LOG] %c JSHandle@node @ https://www.fullhdfilmizlesene.now/minx/ftjs.1786843931.js:0
[  569452ms] [LOG] %c JSHandle@node @ https://www.fullhdfilmizlesene.now/minx/ftjs.1786843931.js:0
[  569952ms] [LOG] %c JSHandle@node @ https://www.fullhdfilmizlesene.now/minx/ftjs.1786843931.js:0
[  570453ms] [LOG] %c JSHandle@node @ https://www.fullhdfilmizlesene.now/minx/ftjs.1786843931.js:0
[  570950ms] [LOG] %c JSHandle@node @ https://www.fullhdfilmizlesene.now/minx/ftjs.1786843931.js:0
[  571462ms] [LOG] %c JSHandle@node @ https://www.fullhdfilmizlesene.now/minx/ftjs.1786843931.js:0
[  571949ms] [LOG] %c JSHandle@node @ https://www.fullhdfilmizlesene.now/minx/ftjs.1786843931.js:0
[  572456ms] [LOG] %c JSHandle@node @ https://www.fullhdfilmizlesene.now/minx/ftjs.1786843931.js:0
[  572951ms] [LOG] %c JSHandle@node @ https://www.fullhdfilmizlesene.now/minx/ftjs.1786843931.js:0
[  573450ms] [LOG] %c JSHandle@node @ https://www.fullhdfilmizlesene.now/minx/ftjs.1786843931.js:0
[  573950ms] [LOG] %c JSHandle@node @ https://www.fullhdfilmizlesene.now/minx/ftjs.1786843931.js:0
[  574461ms] [LOG] %c JSHandle@node @ https://www.fullhdfilmizlesene.now/minx/ftjs.1786843931.js:0
[  574957ms] [LOG] %c JSHandle@node @ https://www.fullhdfilmizlesene.now/minx/ftjs.1786843931.js:0
[  575457ms] [LOG] %c JSHandle@node @ https://www.fullhdfilmizlesene.now/minx/ftjs.1786843931.js:0
[  575954ms] [LOG] %c JSHandle@node @ https://www.fullhdfilmizlesene.now/minx/ftjs.1786843931.js:0
[  576449ms] [LOG] %c JSHandle@node @ https://www.fullhdfilmizlesene.now/minx/ftjs.1786843931.js:0
[  576951ms] [LOG] %c JSHandle@node @ https://www.fullhdfilmizlesene.now/minx/ftjs.1786843931.js:0
[  577463ms] [LOG] %c JSHandle@node @ https://www.fullhdfilmizlesene.now/minx/ftjs.1786843931.js:0
[  577962ms] [LOG] %c JSHandle@node @ https://www.fullhdfilmizlesene.now/minx/ftjs.1786843931.js:0
[  578458ms] [LOG] %c JSHandle@node @ https://www.fullhdfilmizlesene.now/minx/ftjs.1786843931.js:0
[  578958ms] [LOG] %c JSHandle@node @ https://www.fullhdfilmizlesene.now/minx/ftjs.1786843931.js:0
[  579461ms] [LOG] %c JSHandle@node @ https://www.fullhdfilmizlesene.now/minx/ftjs.1786843931.js:0
[  579958ms] [LOG] %c JSHandle@node @ https://www.fullhdfilmizlesene.now/minx/ftjs.1786843931.js:0
[  580454ms] [LOG] %c JSHandle@node @ https://www.fullhdfilmizlesene.now/minx/ftjs.1786843931.js:0
[  580949ms] [LOG] %c JSHandle@node @ https://www.fullhdfilmizlesene.now/minx/ftjs.1786843931.js:0
[  581461ms] [LOG] %c JSHandle@node @ https://www.fullhdfilmizlesene.now/minx/ftjs.1786843931.js:0
[  581961ms] [LOG] %c JSHandle@node @ https://www.fullhdfilmizlesene.now/minx/ftjs.1786843931.js:0
[  582452ms] [LOG] %c JSHandle@node @ https://www.fullhdfilmizlesene.now/minx/ftjs.1786843931.js:0
[  582951ms] [LOG] %c JSHandle@node @ https://www.fullhdfilmizlesene.now/minx/ftjs.1786843931.js:0
[  583460ms] [LOG] %c JSHandle@node @ https://www.fullhdfilmizlesene.now/minx/ftjs.1786843931.js:0
[  583957ms] [LOG] %c JSHandle@node @ https://www.fullhdfilmizlesene.now/minx/ftjs.1786843931.js:0
[  584459ms] [LOG] %c JSHandle@node @ https://www.fullhdfilmizlesene.now/minx/ftjs.1786843931.js:0
[  584957ms] [LOG] %c JSHandle@node @ https://www.fullhdfilmizlesene.now/minx/ftjs.1786843931.js:0
[  585455ms] [LOG] %c JSHandle@node @ https://www.fullhdfilmizlesene.now/minx/ftjs.1786843931.js:0
[  585952ms] [LOG] %c JSHandle@node @ https://www.fullhdfilmizlesene.now/minx/ftjs.1786843931.js:0
[  586450ms] [LOG] %c JSHandle@node @ https://www.fullhdfilmizlesene.now/minx/ftjs.1786843931.js:0
[  586958ms] [LOG] %c JSHandle@node @ https://www.fullhdfilmizlesene.now/minx/ftjs.1786843931.js:0
[  587457ms] [LOG] %c JSHandle@node @ https://www.fullhdfilmizlesene.now/minx/ftjs.1786843931.js:0
[  587953ms] [LOG] %c JSHandle@node @ https://www.fullhdfilmizlesene.now/minx/ftjs.1786843931.js:0
[  588451ms] [LOG] %c JSHandle@node @ https://www.fullhdfilmizlesene.now/minx/ftjs.1786843931.js:0
[  588962ms] [LOG] %c JSHandle@node @ https://www.fullhdfilmizlesene.now/minx/ftjs.1786843931.js:0
[  589450ms] [LOG] %c JSHandle@node @ https://www.fullhdfilmizlesene.now/minx/ftjs.1786843931.js:0
[  589956ms] [LOG] %c JSHandle@node @ https://www.fullhdfilmizlesene.now/minx/ftjs.1786843931.js:0
[  590454ms] [LOG] %c JSHandle@node @ https://www.fullhdfilmizlesene.now/minx/ftjs.1786843931.js:0
[  590952ms] [LOG] %c JSHandle@node @ https://www.fullhdfilmizlesene.now/minx/ftjs.1786843931.js:0
[  591451ms] [LOG] %c JSHandle@node @ https://www.fullhdfilmizlesene.now/minx/ftjs.1786843931.js:0
[  591950ms] [LOG] %c JSHandle@node @ https://www.fullhdfilmizlesene.now/minx/ftjs.1786843931.js:0
[  592462ms] [LOG] %c JSHandle@node @ https://www.fullhdfilmizlesene.now/minx/ftjs.1786843931.js:0
[  592957ms] [LOG] %c JSHandle@node @ https://www.fullhdfilmizlesene.now/minx/ftjs.1786843931.js:0
[  593452ms] [LOG] %c JSHandle@node @ https://www.fullhdfilmizlesene.now/minx/ftjs.1786843931.js:0
[  593949ms] [LOG] %c JSHandle@node @ https://www.fullhdfilmizlesene.now/minx/ftjs.1786843931.js:0
[  594454ms] [LOG] %c JSHandle@node @ https://www.fullhdfilmizlesene.now/minx/ftjs.1786843931.js:0
[  594952ms] [LOG] %c JSHandle@node @ https://www.fullhdfilmizlesene.now/minx/ftjs.1786843931.js:0
[  595449ms] [LOG] %c JSHandle@node @ https://www.fullhdfilmizlesene.now/minx/ftjs.1786843931.js:0
[  595962ms] [LOG] %c JSHandle@node @ https://www.fullhdfilmizlesene.now/minx/ftjs.1786843931.js:0
[  596459ms] [LOG] %c JSHandle@node @ https://www.fullhdfilmizlesene.now/minx/ftjs.1786843931.js:0
[  596958ms] [LOG] %c JSHandle@node @ https://www.fullhdfilmizlesene.now/minx/ftjs.1786843931.js:0
[  597456ms] [LOG] %c JSHandle@node @ https://www.fullhdfilmizlesene.now/minx/ftjs.1786843931.js:0
[  597957ms] [LOG] %c JSHandle@node @ https://www.fullhdfilmizlesene.now/minx/ftjs.1786843931.js:0
[  598456ms] [LOG] %c JSHandle@node @ https://www.fullhdfilmizlesene.now/minx/ftjs.1786843931.js:0
[  598955ms] [LOG] %c JSHandle@node @ https://www.fullhdfilmizlesene.now/minx/ftjs.1786843931.js:0
[  599453ms] [LOG] %c JSHandle@node @ https://www.fullhdfilmizlesene.now/minx/ftjs.1786843931.js:0
[  599954ms] [LOG] %c JSHandle@node @ https://www.fullhdfilmizlesene.now/minx/ftjs.1786843931.js:0
[  600451ms] [LOG] %c JSHandle@node @ https://www.fullhdfilmizlesene.now/minx/ftjs.1786843931.js:0
[  600953ms] [LOG] %c JSHandle@node @ https://www.fullhdfilmizlesene.now/minx/ftjs.1786843931.js:0
[  601463ms] [LOG] %c JSHandle@node @ https://www.fullhdfilmizlesene.now/minx/ftjs.1786843931.js:0
[  601950ms] [LOG] %c JSHandle@node @ https://www.fullhdfilmizlesene.now/minx/ftjs.1786843931.js:0
[  602463ms] [LOG] %c JSHandle@node @ https://www.fullhdfilmizlesene.now/minx/ftjs.1786843931.js:0
[  602962ms] [LOG] %c JSHandle@node @ https://www.fullhdfilmizlesene.now/minx/ftjs.1786843931.js:0
[  603458ms] [LOG] %c JSHandle@node @ https://www.fullhdfilmizlesene.now/minx/ftjs.1786843931.js:0
[  603957ms] [LOG] %c JSHandle@node @ https://www.fullhdfilmizlesene.now/minx/ftjs.1786843931.js:0
[  604456ms] [LOG] %c JSHandle@node @ https://www.fullhdfilmizlesene.now/minx/ftjs.1786843931.js:0
[  604950ms] [LOG] %c JSHandle@node @ https://www.fullhdfilmizlesene.now/minx/ftjs.1786843931.js:0
[  605449ms] [LOG] %c JSHandle@node @ https://www.fullhdfilmizlesene.now/minx/ftjs.1786843931.js:0
[  605951ms] [LOG] %c JSHandle@node @ https://www.fullhdfilmizlesene.now/minx/ftjs.1786843931.js:0
[  606450ms] [LOG] %c JSHandle@node @ https://www.fullhdfilmizlesene.now/minx/ftjs.1786843931.js:0
[  606954ms] [LOG] %c JSHandle@node @ https://www.fullhdfilmizlesene.now/minx/ftjs.1786843931.js:0
[  607455ms] [LOG] %c JSHandle@node @ https://www.fullhdfilmizlesene.now/minx/ftjs.1786843931.js:0
[  607952ms] [LOG] %c JSHandle@node @ https://www.fullhdfilmizlesene.now/minx/ftjs.1786843931.js:0
[  608450ms] [LOG] %c JSHandle@node @ https://www.fullhdfilmizlesene.now/minx/ftjs.1786843931.js:0
[  608949ms] [LOG] %c JSHandle@node @ https://www.fullhdfilmizlesene.now/minx/ftjs.1786843931.js:0
[  609461ms] [LOG] %c JSHandle@node @ https://www.fullhdfilmizlesene.now/minx/ftjs.1786843931.js:0
[  609959ms] [LOG] %c JSHandle@node @ https://www.fullhdfilmizlesene.now/minx/ftjs.1786843931.js:0
[  610456ms] [LOG] %c JSHandle@node @ https://www.fullhdfilmizlesene.now/minx/ftjs.1786843931.js:0
[  610952ms] [LOG] %c JSHandle@node @ https://www.fullhdfilmizlesene.now/minx/ftjs.1786843931.js:0
[  611451ms] [LOG] %c JSHandle@node @ https://www.fullhdfilmizlesene.now/minx/ftjs.1786843931.js:0
[  611962ms] [LOG] %c JSHandle@node @ https://www.fullhdfilmizlesene.now/minx/ftjs.1786843931.js:0
[  612462ms] [LOG] %c JSHandle@node @ https://www.fullhdfilmizlesene.now/minx/ftjs.1786843931.js:0
[  612960ms] [LOG] %c JSHandle@node @ https://www.fullhdfilmizlesene.now/minx/ftjs.1786843931.js:0
[  613460ms] [LOG] %c JSHandle@node @ https://www.fullhdfilmizlesene.now/minx/ftjs.1786843931.js:0
[  613956ms] [LOG] %c JSHandle@node @ https://www.fullhdfilmizlesene.now/minx/ftjs.1786843931.js:0
[  614453ms] [LOG] %c JSHandle@node @ https://www.fullhdfilmizlesene.now/minx/ftjs.1786843931.js:0
[  614950ms] [LOG] %c JSHandle@node @ https://www.fullhdfilmizlesene.now/minx/ftjs.1786843931.js:0
[  615451ms] [LOG] %c JSHandle@node @ https://www.fullhdfilmizlesene.now/minx/ftjs.1786843931.js:0
[  615949ms] [LOG] %c JSHandle@node @ https://www.fullhdfilmizlesene.now/minx/ftjs.1786843931.js:0
[  616455ms] [LOG] %c JSHandle@node @ https://www.fullhdfilmizlesene.now/minx/ftjs.1786843931.js:0
[  616949ms] [LOG] %c JSHandle@node @ https://www.fullhdfilmizlesene.now/minx/ftjs.1786843931.js:0
[  617452ms] [LOG] %c JSHandle@node @ https://www.fullhdfilmizlesene.now/minx/ftjs.1786843931.js:0
[  617953ms] [LOG] %c JSHandle@node @ https://www.fullhdfilmizlesene.now/minx/ftjs.1786843931.js:0
[  618449ms] [LOG] %c JSHandle@node @ https://www.fullhdfilmizlesene.now/minx/ftjs.1786843931.js:0
[  618962ms] [LOG] %c JSHandle@node @ https://www.fullhdfilmizlesene.now/minx/ftjs.1786843931.js:0
[  619462ms] [LOG] %c JSHandle@node @ https://www.fullhdfilmizlesene.now/minx/ftjs.1786843931.js:0
[  619961ms] [LOG] %c JSHandle@node @ https://www.fullhdfilmizlesene.now/minx/ftjs.1786843931.js:0
[  620461ms] [LOG] %c JSHandle@node @ https://www.fullhdfilmizlesene.now/minx/ftjs.1786843931.js:0
[  620958ms] [LOG] %c JSHandle@node @ https://www.fullhdfilmizlesene.now/minx/ftjs.1786843931.js:0
[  621458ms] [LOG] %c JSHandle@node @ https://www.fullhdfilmizlesene.now/minx/ftjs.1786843931.js:0
[  621955ms] [LOG] %c JSHandle@node @ https://www.fullhdfilmizlesene.now/minx/ftjs.1786843931.js:0
[  622450ms] [LOG] %c JSHandle@node @ https://www.fullhdfilmizlesene.now/minx/ftjs.1786843931.js:0
[  622960ms] [LOG] %c JSHandle@node @ https://www.fullhdfilmizlesene.now/minx/ftjs.1786843931.js:0
[  623463ms] [LOG] %c JSHandle@node @ https://www.fullhdfilmizlesene.now/minx/ftjs.1786843931.js:0
[  623961ms] [LOG] %c JSHandle@node @ https://www.fullhdfilmizlesene.now/minx/ftjs.1786843931.js:0
[  624461ms] [LOG] %c JSHandle@node @ https://www.fullhdfilmizlesene.now/minx/ftjs.1786843931.js:0
[  624958ms] [LOG] %c JSHandle@node @ https://www.fullhdfilmizlesene.now/minx/ftjs.1786843931.js:0
[  625449ms] [LOG] %c JSHandle@node @ https://www.fullhdfilmizlesene.now/minx/ftjs.1786843931.js:0
[  625953ms] [LOG] %c JSHandle@node @ https://www.fullhdfilmizlesene.now/minx/ftjs.1786843931.js:0
[  626450ms] [LOG] %c JSHandle@node @ https://www.fullhdfilmizlesene.now/minx/ftjs.1786843931.js:0
[  626961ms] [LOG] %c JSHandle@node @ https://www.fullhdfilmizlesene.now/minx/ftjs.1786843931.js:0
[  627459ms] [LOG] %c JSHandle@node @ https://www.fullhdfilmizlesene.now/minx/ftjs.1786843931.js:0
[  627957ms] [LOG] %c JSHandle@node @ https://www.fullhdfilmizlesene.now/minx/ftjs.1786843931.js:0
[  628453ms] [LOG] %c JSHandle@node @ https://www.fullhdfilmizlesene.now/minx/ftjs.1786843931.js:0
[  628953ms] [LOG] %c JSHandle@node @ https://www.fullhdfilmizlesene.now/minx/ftjs.1786843931.js:0
[  629452ms] [LOG] %c JSHandle@node @ https://www.fullhdfilmizlesene.now/minx/ftjs.1786843931.js:0
[  629949ms] [LOG] %c JSHandle@node @ https://www.fullhdfilmizlesene.now/minx/ftjs.1786843931.js:0
[  630449ms] [LOG] %c JSHandle@node @ https://www.fullhdfilmizlesene.now/minx/ftjs.1786843931.js:0
[  630963ms] [LOG] %c JSHandle@node @ https://www.fullhdfilmizlesene.now/minx/ftjs.1786843931.js:0
[  631458ms] [LOG] %c JSHandle@node @ https://www.fullhdfilmizlesene.now/minx/ftjs.1786843931.js:0
[  631958ms] [LOG] %c JSHandle@node @ https://www.fullhdfilmizlesene.now/minx/ftjs.1786843931.js:0
[  632451ms] [LOG] %c JSHandle@node @ https://www.fullhdfilmizlesene.now/minx/ftjs.1786843931.js:0
[  632959ms] [LOG] %c JSHandle@node @ https://www.fullhdfilmizlesene.now/minx/ftjs.1786843931.js:0
[  633451ms] [LOG] %c JSHandle@node @ https://www.fullhdfilmizlesene.now/minx/ftjs.1786843931.js:0
[  633955ms] [LOG] %c JSHandle@node @ https://www.fullhdfilmizlesene.now/minx/ftjs.1786843931.js:0
[  634453ms] [LOG] %c JSHandle@node @ https://www.fullhdfilmizlesene.now/minx/ftjs.1786843931.js:0
[  634952ms] [LOG] %c JSHandle@node @ https://www.fullhdfilmizlesene.now/minx/ftjs.1786843931.js:0
[  635449ms] [LOG] %c JSHandle@node @ https://www.fullhdfilmizlesene.now/minx/ftjs.1786843931.js:0
[  635949ms] [LOG] %c JSHandle@node @ https://www.fullhdfilmizlesene.now/minx/ftjs.1786843931.js:0
[  636461ms] [LOG] %c JSHandle@node @ https://www.fullhdfilmizlesene.now/minx/ftjs.1786843931.js:0
[  636957ms] [LOG] %c JSHandle@node @ https://www.fullhdfilmizlesene.now/minx/ftjs.1786843931.js:0
[  637459ms] [LOG] %c JSHandle@node @ https://www.fullhdfilmizlesene.now/minx/ftjs.1786843931.js:0
[  637961ms] [LOG] %c JSHandle@node @ https://www.fullhdfilmizlesene.now/minx/ftjs.1786843931.js:0
[  638459ms] [LOG] %c JSHandle@node @ https://www.fullhdfilmizlesene.now/minx/ftjs.1786843931.js:0
[  638957ms] [LOG] %c JSHandle@node @ https://www.fullhdfilmizlesene.now/minx/ftjs.1786843931.js:0
[  639456ms] [LOG] %c JSHandle@node @ https://www.fullhdfilmizlesene.now/minx/ftjs.1786843931.js:0
[  639954ms] [LOG] %c JSHandle@node @ https://www.fullhdfilmizlesene.now/minx/ftjs.1786843931.js:0
[  640453ms] [LOG] %c JSHandle@node @ https://www.fullhdfilmizlesene.now/minx/ftjs.1786843931.js:0
[  640951ms] [LOG] %c JSHandle@node @ https://www.fullhdfilmizlesene.now/minx/ftjs.1786843931.js:0
[  641454ms] [LOG] %c JSHandle@node @ https://www.fullhdfilmizlesene.now/minx/ftjs.1786843931.js:0
[  641950ms] [LOG] %c JSHandle@node @ https://www.fullhdfilmizlesene.now/minx/ftjs.1786843931.js:0
[  642452ms] [LOG] %c JSHandle@node @ https://www.fullhdfilmizlesene.now/minx/ftjs.1786843931.js:0
[  642952ms] [LOG] %c JSHandle@node @ https://www.fullhdfilmizlesene.now/minx/ftjs.1786843931.js:0
[  643452ms] [LOG] %c JSHandle@node @ https://www.fullhdfilmizlesene.now/minx/ftjs.1786843931.js:0
[  643952ms] [LOG] %c JSHandle@node @ https://www.fullhdfilmizlesene.now/minx/ftjs.1786843931.js:0
[  644461ms] [LOG] %c JSHandle@node @ https://www.fullhdfilmizlesene.now/minx/ftjs.1786843931.js:0
[  644963ms] [LOG] %c JSHandle@node @ https://www.fullhdfilmizlesene.now/minx/ftjs.1786843931.js:0
[  645460ms] [LOG] %c JSHandle@node @ https://www.fullhdfilmizlesene.now/minx/ftjs.1786843931.js:0
[  645960ms] [LOG] %c JSHandle@node @ https://www.fullhdfilmizlesene.now/minx/ftjs.1786843931.js:0
[  646462ms] [LOG] %c JSHandle@node @ https://www.fullhdfilmizlesene.now/minx/ftjs.1786843931.js:0
[  646956ms] [LOG] %c JSHandle@node @ https://www.fullhdfilmizlesene.now/minx/ftjs.1786843931.js:0
[  647459ms] [LOG] %c JSHandle@node @ https://www.fullhdfilmizlesene.now/minx/ftjs.1786843931.js:0
[  647957ms] [LOG] %c JSHandle@node @ https://www.fullhdfilmizlesene.now/minx/ftjs.1786843931.js:0
[  648456ms] [LOG] %c JSHandle@node @ https://www.fullhdfilmizlesene.now/minx/ftjs.1786843931.js:0
[  648950ms] [LOG] %c JSHandle@node @ https://www.fullhdfilmizlesene.now/minx/ftjs.1786843931.js:0
[  649455ms] [LOG] %c JSHandle@node @ https://www.fullhdfilmizlesene.now/minx/ftjs.1786843931.js:0
[  649954ms] [LOG] %c JSHandle@node @ https://www.fullhdfilmizlesene.now/minx/ftjs.1786843931.js:0
[  650455ms] [LOG] %c JSHandle@node @ https://www.fullhdfilmizlesene.now/minx/ftjs.1786843931.js:0
[  650953ms] [LOG] %c JSHandle@node @ https://www.fullhdfilmizlesene.now/minx/ftjs.1786843931.js:0
[  651455ms] [LOG] %c JSHandle@node @ https://www.fullhdfilmizlesene.now/minx/ftjs.1786843931.js:0
[  651956ms] [LOG] %c JSHandle@node @ https://www.fullhdfilmizlesene.now/minx/ftjs.1786843931.js:0
[  652453ms] [LOG] %c JSHandle@node @ https://www.fullhdfilmizlesene.now/minx/ftjs.1786843931.js:0
[  652957ms] [LOG] %c JSHandle@node @ https://www.fullhdfilmizlesene.now/minx/ftjs.1786843931.js:0
[  653458ms] [LOG] %c JSHandle@node @ https://www.fullhdfilmizlesene.now/minx/ftjs.1786843931.js:0
[  653954ms] [LOG] %c JSHandle@node @ https://www.fullhdfilmizlesene.now/minx/ftjs.1786843931.js:0
[  654449ms] [LOG] %c JSHandle@node @ https://www.fullhdfilmizlesene.now/minx/ftjs.1786843931.js:0
[  654949ms] [LOG] %c JSHandle@node @ https://www.fullhdfilmizlesene.now/minx/ftjs.1786843931.js:0
[  655463ms] [LOG] %c JSHandle@node @ https://www.fullhdfilmizlesene.now/minx/ftjs.1786843931.js:0
[  655949ms] [LOG] %c JSHandle@node @ https://www.fullhdfilmizlesene.now/minx/ftjs.1786843931.js:0
[  656462ms] [LOG] %c JSHandle@node @ https://www.fullhdfilmizlesene.now/minx/ftjs.1786843931.js:0
[  656961ms] [LOG] %c JSHandle@node @ https://www.fullhdfilmizlesene.now/minx/ftjs.1786843931.js:0
[  657461ms] [LOG] %c JSHandle@node @ https://www.fullhdfilmizlesene.now/minx/ftjs.1786843931.js:0
[  657950ms] [LOG] %c JSHandle@node @ https://www.fullhdfilmizlesene.now/minx/ftjs.1786843931.js:0
[  658463ms] [LOG] %c JSHandle@node @ https://www.fullhdfilmizlesene.now/minx/ftjs.1786843931.js:0
[  658963ms] [LOG] %c JSHandle@node @ https://www.fullhdfilmizlesene.now/minx/ftjs.1786843931.js:0
[  659461ms] [LOG] %c JSHandle@node @ https://www.fullhdfilmizlesene.now/minx/ftjs.1786843931.js:0
[  659961ms] [LOG] %c JSHandle@node @ https://www.fullhdfilmizlesene.now/minx/ftjs.1786843931.js:0
[  660449ms] [LOG] %c JSHandle@node @ https://www.fullhdfilmizlesene.now/minx/ftjs.1786843931.js:0
[  660951ms] [LOG] %c JSHandle@node @ https://www.fullhdfilmizlesene.now/minx/ftjs.1786843931.js:0
[  661454ms] [LOG] %c JSHandle@node @ https://www.fullhdfilmizlesene.now/minx/ftjs.1786843931.js:0
[  661958ms] [LOG] %c JSHandle@node @ https://www.fullhdfilmizlesene.now/minx/ftjs.1786843931.js:0
[  662456ms] [LOG] %c JSHandle@node @ https://www.fullhdfilmizlesene.now/minx/ftjs.1786843931.js:0
[  662957ms] [LOG] %c JSHandle@node @ https://www.fullhdfilmizlesene.now/minx/ftjs.1786843931.js:0
[  663457ms] [LOG] %c JSHandle@node @ https://www.fullhdfilmizlesene.now/minx/ftjs.1786843931.js:0
[  663959ms] [LOG] %c JSHandle@node @ https://www.fullhdfilmizlesene.now/minx/ftjs.1786843931.js:0
[  664455ms] [LOG] %c JSHandle@node @ https://www.fullhdfilmizlesene.now/minx/ftjs.1786843931.js:0
[  664958ms] [LOG] %c JSHandle@node @ https://www.fullhdfilmizlesene.now/minx/ftjs.1786843931.js:0
[  665456ms] [LOG] %c JSHandle@node @ https://www.fullhdfilmizlesene.now/minx/ftjs.1786843931.js:0
[  665957ms] [LOG] %c JSHandle@node @ https://www.fullhdfilmizlesene.now/minx/ftjs.1786843931.js:0
[  666459ms] [LOG] %c JSHandle@node @ https://www.fullhdfilmizlesene.now/minx/ftjs.1786843931.js:0
[  666956ms] [LOG] %c JSHandle@node @ https://www.fullhdfilmizlesene.now/minx/ftjs.1786843931.js:0
[  667456ms] [LOG] %c JSHandle@node @ https://www.fullhdfilmizlesene.now/minx/ftjs.1786843931.js:0
[  667958ms] [LOG] %c JSHandle@node @ https://www.fullhdfilmizlesene.now/minx/ftjs.1786843931.js:0
[  668458ms] [LOG] %c JSHandle@node @ https://www.fullhdfilmizlesene.now/minx/ftjs.1786843931.js:0
[  668961ms] [LOG] %c JSHandle@node @ https://www.fullhdfilmizlesene.now/minx/ftjs.1786843931.js:0
[  669461ms] [LOG] %c JSHandle@node @ https://www.fullhdfilmizlesene.now/minx/ftjs.1786843931.js:0
[  669959ms] [LOG] %c JSHandle@node @ https://www.fullhdfilmizlesene.now/minx/ftjs.1786843931.js:0
[  670458ms] [LOG] %c JSHandle@node @ https://www.fullhdfilmizlesene.now/minx/ftjs.1786843931.js:0
[  670957ms] [LOG] %c JSHandle@node @ https://www.fullhdfilmizlesene.now/minx/ftjs.1786843931.js:0
[  671461ms] [LOG] %c JSHandle@node @ https://www.fullhdfilmizlesene.now/minx/ftjs.1786843931.js:0
[  671960ms] [LOG] %c JSHandle@node @ https://www.fullhdfilmizlesene.now/minx/ftjs.1786843931.js:0
[  672459ms] [LOG] %c JSHandle@node @ https://www.fullhdfilmizlesene.now/minx/ftjs.1786843931.js:0
[  672955ms] [LOG] %c JSHandle@node @ https://www.fullhdfilmizlesene.now/minx/ftjs.1786843931.js:0
[  673456ms] [LOG] %c JSHandle@node @ https://www.fullhdfilmizlesene.now/minx/ftjs.1786843931.js:0
[  673951ms] [LOG] %c JSHandle@node @ https://www.fullhdfilmizlesene.now/minx/ftjs.1786843931.js:0
[  674456ms] [LOG] %c JSHandle@node @ https://www.fullhdfilmizlesene.now/minx/ftjs.1786843931.js:0
[  674954ms] [LOG] %c JSHandle@node @ https://www.fullhdfilmizlesene.now/minx/ftjs.1786843931.js:0
[  675452ms] [LOG] %c JSHandle@node @ https://www.fullhdfilmizlesene.now/minx/ftjs.1786843931.js:0
[  675954ms] [LOG] %c JSHandle@node @ https://www.fullhdfilmizlesene.now/minx/ftjs.1786843931.js:0
[  676451ms] [LOG] %c JSHandle@node @ https://www.fullhdfilmizlesene.now/minx/ftjs.1786843931.js:0
[  676960ms] [LOG] %c JSHandle@node @ https://www.fullhdfilmizlesene.now/minx/ftjs.1786843931.js:0
[  677461ms] [LOG] %c JSHandle@node @ https://www.fullhdfilmizlesene.now/minx/ftjs.1786843931.js:0
[  677962ms] [LOG] %c JSHandle@node @ https://www.fullhdfilmizlesene.now/minx/ftjs.1786843931.js:0
[  678462ms] [LOG] %c JSHandle@node @ https://www.fullhdfilmizlesene.now/minx/ftjs.1786843931.js:0
[  678960ms] [LOG] %c JSHandle@node @ https://www.fullhdfilmizlesene.now/minx/ftjs.1786843931.js:0
[  679455ms] [LOG] %c JSHandle@node @ https://www.fullhdfilmizlesene.now/minx/ftjs.1786843931.js:0
[  679962ms] [LOG] %c JSHandle@node @ https://www.fullhdfilmizlesene.now/minx/ftjs.1786843931.js:0
[  680455ms] [LOG] %c JSHandle@node @ https://www.fullhdfilmizlesene.now/minx/ftjs.1786843931.js:0
[  680953ms] [LOG] %c JSHandle@node @ https://www.fullhdfilmizlesene.now/minx/ftjs.1786843931.js:0
[  681450ms] [LOG] %c JSHandle@node @ https://www.fullhdfilmizlesene.now/minx/ftjs.1786843931.js:0
[  681949ms] [LOG] %c JSHandle@node @ https://www.fullhdfilmizlesene.now/minx/ftjs.1786843931.js:0
[  682450ms] [LOG] %c JSHandle@node @ https://www.fullhdfilmizlesene.now/minx/ftjs.1786843931.js:0
[  682950ms] [LOG] %c JSHandle@node @ https://www.fullhdfilmizlesene.now/minx/ftjs.1786843931.js:0
[  683449ms] [LOG] %c JSHandle@node @ https://www.fullhdfilmizlesene.now/minx/ftjs.1786843931.js:0
[  683950ms] [LOG] %c JSHandle@node @ https://www.fullhdfilmizlesene.now/minx/ftjs.1786843931.js:0
[  684451ms] [LOG] %c JSHandle@node @ https://www.fullhdfilmizlesene.now/minx/ftjs.1786843931.js:0
[  684953ms] [LOG] %c JSHandle@node @ https://www.fullhdfilmizlesene.now/minx/ftjs.1786843931.js:0
[  685452ms] [LOG] %c JSHandle@node @ https://www.fullhdfilmizlesene.now/minx/ftjs.1786843931.js:0
[  685953ms] [LOG] %c JSHandle@node @ https://www.fullhdfilmizlesene.now/minx/ftjs.1786843931.js:0
[  686454ms] [LOG] %c JSHandle@node @ https://www.fullhdfilmizlesene.now/minx/ftjs.1786843931.js:0
[  686958ms] [LOG] %c JSHandle@node @ https://www.fullhdfilmizlesene.now/minx/ftjs.1786843931.js:0
[  687457ms] [LOG] %c JSHandle@node @ https://www.fullhdfilmizlesene.now/minx/ftjs.1786843931.js:0
[  687959ms] [LOG] %c JSHandle@node @ https://www.fullhdfilmizlesene.now/minx/ftjs.1786843931.js:0
[  688460ms] [LOG] %c JSHandle@node @ https://www.fullhdfilmizlesene.now/minx/ftjs.1786843931.js:0
[  688962ms] [LOG] %c JSHandle@node @ https://www.fullhdfilmizlesene.now/minx/ftjs.1786843931.js:0
[  689450ms] [LOG] %c JSHandle@node @ https://www.fullhdfilmizlesene.now/minx/ftjs.1786843931.js:0
[  689963ms] [LOG] %c JSHandle@node @ https://www.fullhdfilmizlesene.now/minx/ftjs.1786843931.js:0
[  690461ms] [LOG] %c JSHandle@node @ https://www.fullhdfilmizlesene.now/minx/ftjs.1786843931.js:0
[  690961ms] [LOG] %c JSHandle@node @ https://www.fullhdfilmizlesene.now/minx/ftjs.1786843931.js:0
[  691459ms] [LOG] %c JSHandle@node @ https://www.fullhdfilmizlesene.now/minx/ftjs.1786843931.js:0
[  691958ms] [LOG] %c JSHandle@node @ https://www.fullhdfilmizlesene.now/minx/ftjs.1786843931.js:0
[  692458ms] [LOG] %c JSHandle@node @ https://www.fullhdfilmizlesene.now/minx/ftjs.1786843931.js:0
[  692958ms] [LOG] %c JSHandle@node @ https://www.fullhdfilmizlesene.now/minx/ftjs.1786843931.js:0
[  693456ms] [LOG] %c JSHandle@node @ https://www.fullhdfilmizlesene.now/minx/ftjs.1786843931.js:0
[  693955ms] [LOG] %c JSHandle@node @ https://www.fullhdfilmizlesene.now/minx/ftjs.1786843931.js:0
[  694454ms] [LOG] %c JSHandle@node @ https://www.fullhdfilmizlesene.now/minx/ftjs.1786843931.js:0
[  694951ms] [LOG] %c JSHandle@node @ https://www.fullhdfilmizlesene.now/minx/ftjs.1786843931.js:0
[  695451ms] [LOG] %c JSHandle@node @ https://www.fullhdfilmizlesene.now/minx/ftjs.1786843931.js:0
[  695964ms] [LOG] %c JSHandle@node @ https://www.fullhdfilmizlesene.now/minx/ftjs.1786843931.js:0
[  696453ms] [LOG] %c JSHandle@node @ https://www.fullhdfilmizlesene.now/minx/ftjs.1786843931.js:0
[  696955ms] [LOG] %c JSHandle@node @ https://www.fullhdfilmizlesene.now/minx/ftjs.1786843931.js:0
[  697455ms] [LOG] %c JSHandle@node @ https://www.fullhdfilmizlesene.now/minx/ftjs.1786843931.js:0
[  697953ms] [LOG] %c JSHandle@node @ https://www.fullhdfilmizlesene.now/minx/ftjs.1786843931.js:0
[  698453ms] [LOG] %c JSHandle@node @ https://www.fullhdfilmizlesene.now/minx/ftjs.1786843931.js:0
[  698957ms] [LOG] %c JSHandle@node @ https://www.fullhdfilmizlesene.now/minx/ftjs.1786843931.js:0
[  699457ms] [LOG] %c JSHandle@node @ https://www.fullhdfilmizlesene.now/minx/ftjs.1786843931.js:0
[  699956ms] [LOG] %c JSHandle@node @ https://www.fullhdfilmizlesene.now/minx/ftjs.1786843931.js:0
[  700457ms] [LOG] %c JSHandle@node @ https://www.fullhdfilmizlesene.now/minx/ftjs.1786843931.js:0
[  700957ms] [LOG] %c JSHandle@node @ https://www.fullhdfilmizlesene.now/minx/ftjs.1786843931.js:0
[  701459ms] [LOG] %c JSHandle@node @ https://www.fullhdfilmizlesene.now/minx/ftjs.1786843931.js:0
[  701956ms] [LOG] %c JSHandle@node @ https://www.fullhdfilmizlesene.now/minx/ftjs.1786843931.js:0
[  702455ms] [LOG] %c JSHandle@node @ https://www.fullhdfilmizlesene.now/minx/ftjs.1786843931.js:0
[  702963ms] [LOG] %c JSHandle@node @ https://www.fullhdfilmizlesene.now/minx/ftjs.1786843931.js:0
[  703449ms] [LOG] %c JSHandle@node @ https://www.fullhdfilmizlesene.now/minx/ftjs.1786843931.js:0
[  703950ms] [LOG] %c JSHandle@node @ https://www.fullhdfilmizlesene.now/minx/ftjs.1786843931.js:0
[  704450ms] [LOG] %c JSHandle@node @ https://www.fullhdfilmizlesene.now/minx/ftjs.1786843931.js:0
[  704963ms] [LOG] %c JSHandle@node @ https://www.fullhdfilmizlesene.now/minx/ftjs.1786843931.js:0
[  705450ms] [LOG] %c JSHandle@node @ https://www.fullhdfilmizlesene.now/minx/ftjs.1786843931.js:0
[  705963ms] [LOG] %c JSHandle@node @ https://www.fullhdfilmizlesene.now/minx/ftjs.1786843931.js:0
[  706460ms] [LOG] %c JSHandle@node @ https://www.fullhdfilmizlesene.now/minx/ftjs.1786843931.js:0
[  706961ms] [LOG] %c JSHandle@node @ https://www.fullhdfilmizlesene.now/minx/ftjs.1786843931.js:0
[  707450ms] [LOG] %c JSHandle@node @ https://www.fullhdfilmizlesene.now/minx/ftjs.1786843931.js:0
[  707957ms] [LOG] %c JSHandle@node @ https://www.fullhdfilmizlesene.now/minx/ftjs.1786843931.js:0
[  708450ms] [LOG] %c JSHandle@node @ https://www.fullhdfilmizlesene.now/minx/ftjs.1786843931.js:0
[  708954ms] [LOG] %c JSHandle@node @ https://www.fullhdfilmizlesene.now/minx/ftjs.1786843931.js:0
[  709456ms] [LOG] %c JSHandle@node @ https://www.fullhdfilmizlesene.now/minx/ftjs.1786843931.js:0
[  709955ms] [LOG] %c JSHandle@node @ https://www.fullhdfilmizlesene.now/minx/ftjs.1786843931.js:0
[  710453ms] [LOG] %c JSHandle@node @ https://www.fullhdfilmizlesene.now/minx/ftjs.1786843931.js:0
[  710953ms] [LOG] %c JSHandle@node @ https://www.fullhdfilmizlesene.now/minx/ftjs.1786843931.js:0
[  711450ms] [LOG] %c JSHandle@node @ https://www.fullhdfilmizlesene.now/minx/ftjs.1786843931.js:0
[  711963ms] [LOG] %c JSHandle@node @ https://www.fullhdfilmizlesene.now/minx/ftjs.1786843931.js:0
[  712464ms] [LOG] %c JSHandle@node @ https://www.fullhdfilmizlesene.now/minx/ftjs.1786843931.js:0
[  712962ms] [LOG] %c JSHandle@node @ https://www.fullhdfilmizlesene.now/minx/ftjs.1786843931.js:0
[  713459ms] [LOG] %c JSHandle@node @ https://www.fullhdfilmizlesene.now/minx/ftjs.1786843931.js:0
[  713949ms] [LOG] %c JSHandle@node @ https://www.fullhdfilmizlesene.now/minx/ftjs.1786843931.js:0
[  714463ms] [LOG] %c JSHandle@node @ https://www.fullhdfilmizlesene.now/minx/ftjs.1786843931.js:0
[  714948ms] [LOG] %c JSHandle@node @ https://www.fullhdfilmizlesene.now/minx/ftjs.1786843931.js:0
[  715462ms] [LOG] %c JSHandle@node @ https://www.fullhdfilmizlesene.now/minx/ftjs.1786843931.js:0
[  715961ms] [LOG] %c JSHandle@node @ https://www.fullhdfilmizlesene.now/minx/ftjs.1786843931.js:0
[  716461ms] [LOG] %c JSHandle@node @ https://www.fullhdfilmizlesene.now/minx/ftjs.1786843931.js:0
[  716960ms] [LOG] %c JSHandle@node @ https://www.fullhdfilmizlesene.now/minx/ftjs.1786843931.js:0
[  717459ms] [LOG] %c JSHandle@node @ https://www.fullhdfilmizlesene.now/minx/ftjs.1786843931.js:0
[  717957ms] [LOG] %c JSHandle@node @ https://www.fullhdfilmizlesene.now/minx/ftjs.1786843931.js:0
[  718457ms] [LOG] %c JSHandle@node @ https://www.fullhdfilmizlesene.now/minx/ftjs.1786843931.js:0
[  718953ms] [LOG] %c JSHandle@node @ https://www.fullhdfilmizlesene.now/minx/ftjs.1786843931.js:0
[  719454ms] [LOG] %c JSHandle@node @ https://www.fullhdfilmizlesene.now/minx/ftjs.1786843931.js:0
[  719951ms] [LOG] %c JSHandle@node @ https://www.fullhdfilmizlesene.now/minx/ftjs.1786843931.js:0
[  720463ms] [LOG] %c JSHandle@node @ https://www.fullhdfilmizlesene.now/minx/ftjs.1786843931.js:0
[  720949ms] [LOG] %c JSHandle@node @ https://www.fullhdfilmizlesene.now/minx/ftjs.1786843931.js:0
[  721452ms] [LOG] %c JSHandle@node @ https://www.fullhdfilmizlesene.now/minx/ftjs.1786843931.js:0
[  721952ms] [LOG] %c JSHandle@node @ https://www.fullhdfilmizlesene.now/minx/ftjs.1786843931.js:0
[  722450ms] [LOG] %c JSHandle@node @ https://www.fullhdfilmizlesene.now/minx/ftjs.1786843931.js:0
[  722952ms] [LOG] %c JSHandle@node @ https://www.fullhdfilmizlesene.now/minx/ftjs.1786843931.js:0
[  723449ms] [LOG] %c JSHandle@node @ https://www.fullhdfilmizlesene.now/minx/ftjs.1786843931.js:0
[  723950ms] [LOG] %c JSHandle@node @ https://www.fullhdfilmizlesene.now/minx/ftjs.1786843931.js:0
[  724448ms] [LOG] %c JSHandle@node @ https://www.fullhdfilmizlesene.now/minx/ftjs.1786843931.js:0
[  724961ms] [LOG] %c JSHandle@node @ https://www.fullhdfilmizlesene.now/minx/ftjs.1786843931.js:0
[  725460ms] [LOG] %c JSHandle@node @ https://www.fullhdfilmizlesene.now/minx/ftjs.1786843931.js:0
[  725948ms] [LOG] %c JSHandle@node @ https://www.fullhdfilmizlesene.now/minx/ftjs.1786843931.js:0
[  726450ms] [LOG] %c JSHandle@node @ https://www.fullhdfilmizlesene.now/minx/ftjs.1786843931.js:0
[  726950ms] [LOG] %c JSHandle@node @ https://www.fullhdfilmizlesene.now/minx/ftjs.1786843931.js:0
[  727452ms] [LOG] %c JSHandle@node @ https://www.fullhdfilmizlesene.now/minx/ftjs.1786843931.js:0
[  727951ms] [LOG] %c JSHandle@node @ https://www.fullhdfilmizlesene.now/minx/ftjs.1786843931.js:0
[  728450ms] [LOG] %c JSHandle@node @ https://www.fullhdfilmizlesene.now/minx/ftjs.1786843931.js:0
[  728953ms] [LOG] %c JSHandle@node @ https://www.fullhdfilmizlesene.now/minx/ftjs.1786843931.js:0
[  729455ms] [LOG] %c JSHandle@node @ https://www.fullhdfilmizlesene.now/minx/ftjs.1786843931.js:0
[  729958ms] [LOG] %c JSHandle@node @ https://www.fullhdfilmizlesene.now/minx/ftjs.1786843931.js:0
[  730454ms] [LOG] %c JSHandle@node @ https://www.fullhdfilmizlesene.now/minx/ftjs.1786843931.js:0
[  730952ms] [LOG] %c JSHandle@node @ https://www.fullhdfilmizlesene.now/minx/ftjs.1786843931.js:0
[  731448ms] [LOG] %c JSHandle@node @ https://www.fullhdfilmizlesene.now/minx/ftjs.1786843931.js:0
[  731951ms] [LOG] %c JSHandle@node @ https://www.fullhdfilmizlesene.now/minx/ftjs.1786843931.js:0
[  732449ms] [LOG] %c JSHandle@node @ https://www.fullhdfilmizlesene.now/minx/ftjs.1786843931.js:0
[  732963ms] [LOG] %c JSHandle@node @ https://www.fullhdfilmizlesene.now/minx/ftjs.1786843931.js:0
[  733448ms] [LOG] %c JSHandle@node @ https://www.fullhdfilmizlesene.now/minx/ftjs.1786843931.js:0
[  733961ms] [LOG] %c JSHandle@node @ https://www.fullhdfilmizlesene.now/minx/ftjs.1786843931.js:0
[  734459ms] [LOG] %c JSHandle@node @ https://www.fullhdfilmizlesene.now/minx/ftjs.1786843931.js:0
[  734961ms] [LOG] %c JSHandle@node @ https://www.fullhdfilmizlesene.now/minx/ftjs.1786843931.js:0
[  735456ms] [LOG] %c JSHandle@node @ https://www.fullhdfilmizlesene.now/minx/ftjs.1786843931.js:0
[  735956ms] [LOG] %c JSHandle@node @ https://www.fullhdfilmizlesene.now/minx/ftjs.1786843931.js:0
[  736457ms] [LOG] %c JSHandle@node @ https://www.fullhdfilmizlesene.now/minx/ftjs.1786843931.js:0
[  736955ms] [LOG] %c JSHandle@node @ https://www.fullhdfilmizlesene.now/minx/ftjs.1786843931.js:0
[  737456ms] [LOG] %c JSHandle@node @ https://www.fullhdfilmizlesene.now/minx/ftjs.1786843931.js:0
[  737952ms] [LOG] %c JSHandle@node @ https://www.fullhdfilmizlesene.now/minx/ftjs.1786843931.js:0
[  738450ms] [LOG] %c JSHandle@node @ https://www.fullhdfilmizlesene.now/minx/ftjs.1786843931.js:0
[  738962ms] [LOG] %c JSHandle@node @ https://www.fullhdfilmizlesene.now/minx/ftjs.1786843931.js:0
[  739458ms] [LOG] %c JSHandle@node @ https://www.fullhdfilmizlesene.now/minx/ftjs.1786843931.js:0
[  739951ms] [LOG] %c JSHandle@node @ https://www.fullhdfilmizlesene.now/minx/ftjs.1786843931.js:0
[  740454ms] [LOG] %c JSHandle@node @ https://www.fullhdfilmizlesene.now/minx/ftjs.1786843931.js:0
[  740957ms] [LOG] %c JSHandle@node @ https://www.fullhdfilmizlesene.now/minx/ftjs.1786843931.js:0
[  741458ms] [LOG] %c JSHandle@node @ https://www.fullhdfilmizlesene.now/minx/ftjs.1786843931.js:0
[  741950ms] [LOG] %c JSHandle@node @ https://www.fullhdfilmizlesene.now/minx/ftjs.1786843931.js:0
[  742453ms] [LOG] %c JSHandle@node @ https://www.fullhdfilmizlesene.now/minx/ftjs.1786843931.js:0
[  742952ms] [LOG] %c JSHandle@node @ https://www.fullhdfilmizlesene.now/minx/ftjs.1786843931.js:0
[  743449ms] [LOG] %c JSHandle@node @ https://www.fullhdfilmizlesene.now/minx/ftjs.1786843931.js:0
[  743963ms] [LOG] %c JSHandle@node @ https://www.fullhdfilmizlesene.now/minx/ftjs.1786843931.js:0
[  744461ms] [LOG] %c JSHandle@node @ https://www.fullhdfilmizlesene.now/minx/ftjs.1786843931.js:0
[  744963ms] [LOG] %c JSHandle@node @ https://www.fullhdfilmizlesene.now/minx/ftjs.1786843931.js:0
[  745464ms] [LOG] %c JSHandle@node @ https://www.fullhdfilmizlesene.now/minx/ftjs.1786843931.js:0
[  745962ms] [LOG] %c JSHandle@node @ https://www.fullhdfilmizlesene.now/minx/ftjs.1786843931.js:0
[  746463ms] [LOG] %c JSHandle@node @ https://www.fullhdfilmizlesene.now/minx/ftjs.1786843931.js:0
[  746962ms] [LOG] %c JSHandle@node @ https://www.fullhdfilmizlesene.now/minx/ftjs.1786843931.js:0
[  747459ms] [LOG] %c JSHandle@node @ https://www.fullhdfilmizlesene.now/minx/ftjs.1786843931.js:0
[  747961ms] [LOG] %c JSHandle@node @ https://www.fullhdfilmizlesene.now/minx/ftjs.1786843931.js:0
[  748459ms] [LOG] %c JSHandle@node @ https://www.fullhdfilmizlesene.now/minx/ftjs.1786843931.js:0
[  748954ms] [LOG] %c JSHandle@node @ https://www.fullhdfilmizlesene.now/minx/ftjs.1786843931.js:0
[  749454ms] [LOG] %c JSHandle@node @ https://www.fullhdfilmizlesene.now/minx/ftjs.1786843931.js:0
[  749956ms] [LOG] %c JSHandle@node @ https://www.fullhdfilmizlesene.now/minx/ftjs.1786843931.js:0
[  750454ms] [LOG] %c JSHandle@node @ https://www.fullhdfilmizlesene.now/minx/ftjs.1786843931.js:0
[  750957ms] [LOG] %c JSHandle@node @ https://www.fullhdfilmizlesene.now/minx/ftjs.1786843931.js:0
[  751455ms] [LOG] %c JSHandle@node @ https://www.fullhdfilmizlesene.now/minx/ftjs.1786843931.js:0
[  751954ms] [LOG] %c JSHandle@node @ https://www.fullhdfilmizlesene.now/minx/ftjs.1786843931.js:0
[  752451ms] [LOG] %c JSHandle@node @ https://www.fullhdfilmizlesene.now/minx/ftjs.1786843931.js:0
[  752950ms] [LOG] %c JSHandle@node @ https://www.fullhdfilmizlesene.now/minx/ftjs.1786843931.js:0
[  753462ms] [LOG] %c JSHandle@node @ https://www.fullhdfilmizlesene.now/minx/ftjs.1786843931.js:0
[  753960ms] [LOG] %c JSHandle@node @ https://www.fullhdfilmizlesene.now/minx/ftjs.1786843931.js:0
[  754459ms] [LOG] %c JSHandle@node @ https://www.fullhdfilmizlesene.now/minx/ftjs.1786843931.js:0
[  754956ms] [LOG] %c JSHandle@node @ https://www.fullhdfilmizlesene.now/minx/ftjs.1786843931.js:0
[  755454ms] [LOG] %c JSHandle@node @ https://www.fullhdfilmizlesene.now/minx/ftjs.1786843931.js:0
[  755955ms] [LOG] %c JSHandle@node @ https://www.fullhdfilmizlesene.now/minx/ftjs.1786843931.js:0
[  756452ms] [LOG] %c JSHandle@node @ https://www.fullhdfilmizlesene.now/minx/ftjs.1786843931.js:0
[  756953ms] [LOG] %c JSHandle@node @ https://www.fullhdfilmizlesene.now/minx/ftjs.1786843931.js:0
[  757453ms] [LOG] %c JSHandle@node @ https://www.fullhdfilmizlesene.now/minx/ftjs.1786843931.js:0
[  757949ms] [LOG] %c JSHandle@node @ https://www.fullhdfilmizlesene.now/minx/ftjs.1786843931.js:0
[  758461ms] [LOG] %c JSHandle@node @ https://www.fullhdfilmizlesene.now/minx/ftjs.1786843931.js:0
[  758959ms] [LOG] %c JSHandle@node @ https://www.fullhdfilmizlesene.now/minx/ftjs.1786843931.js:0
[  759458ms] [LOG] %c JSHandle@node @ https://www.fullhdfilmizlesene.now/minx/ftjs.1786843931.js:0
[  759954ms] [LOG] %c JSHandle@node @ https://www.fullhdfilmizlesene.now/minx/ftjs.1786843931.js:0
[  760452ms] [LOG] %c JSHandle@node @ https://www.fullhdfilmizlesene.now/minx/ftjs.1786843931.js:0
[  760950ms] [LOG] %c JSHandle@node @ https://www.fullhdfilmizlesene.now/minx/ftjs.1786843931.js:0
[  761451ms] [LOG] %c JSHandle@node @ https://www.fullhdfilmizlesene.now/minx/ftjs.1786843931.js:0
[  761963ms] [LOG] %c JSHandle@node @ https://www.fullhdfilmizlesene.now/minx/ftjs.1786843931.js:0
[  762463ms] [LOG] %c JSHandle@node @ https://www.fullhdfilmizlesene.now/minx/ftjs.1786843931.js:0
[  762961ms] [LOG] %c JSHandle@node @ https://www.fullhdfilmizlesene.now/minx/ftjs.1786843931.js:0
[  763457ms] [LOG] %c JSHandle@node @ https://www.fullhdfilmizlesene.now/minx/ftjs.1786843931.js:0
[  763958ms] [LOG] %c JSHandle@node @ https://www.fullhdfilmizlesene.now/minx/ftjs.1786843931.js:0
[  764459ms] [LOG] %c JSHandle@node @ https://www.fullhdfilmizlesene.now/minx/ftjs.1786843931.js:0
[  764956ms] [LOG] %c JSHandle@node @ https://www.fullhdfilmizlesene.now/minx/ftjs.1786843931.js:0
[  765458ms] [LOG] %c JSHandle@node @ https://www.fullhdfilmizlesene.now/minx/ftjs.1786843931.js:0
[  765958ms] [LOG] %c JSHandle@node @ https://www.fullhdfilmizlesene.now/minx/ftjs.1786843931.js:0
[  766455ms] [LOG] %c JSHandle@node @ https://www.fullhdfilmizlesene.now/minx/ftjs.1786843931.js:0
[  766951ms] [LOG] %c JSHandle@node @ https://www.fullhdfilmizlesene.now/minx/ftjs.1786843931.js:0
[  767450ms] [LOG] %c JSHandle@node @ https://www.fullhdfilmizlesene.now/minx/ftjs.1786843931.js:0
[  767949ms] [LOG] %c JSHandle@node @ https://www.fullhdfilmizlesene.now/minx/ftjs.1786843931.js:0
[  768457ms] [LOG] %c JSHandle@node @ https://www.fullhdfilmizlesene.now/minx/ftjs.1786843931.js:0
[  768953ms] [LOG] %c JSHandle@node @ https://www.fullhdfilmizlesene.now/minx/ftjs.1786843931.js:0
[  769453ms] [LOG] %c JSHandle@node @ https://www.fullhdfilmizlesene.now/minx/ftjs.1786843931.js:0
[  769951ms] [LOG] %c JSHandle@node @ https://www.fullhdfilmizlesene.now/minx/ftjs.1786843931.js:0
[  770463ms] [LOG] %c JSHandle@node @ https://www.fullhdfilmizlesene.now/minx/ftjs.1786843931.js:0
[  770962ms] [LOG] %c JSHandle@node @ https://www.fullhdfilmizlesene.now/minx/ftjs.1786843931.js:0
[  771463ms] [LOG] %c JSHandle@node @ https://www.fullhdfilmizlesene.now/minx/ftjs.1786843931.js:0
[  771957ms] [LOG] %c JSHandle@node @ https://www.fullhdfilmizlesene.now/minx/ftjs.1786843931.js:0
[  772451ms] [LOG] %c JSHandle@node @ https://www.fullhdfilmizlesene.now/minx/ftjs.1786843931.js:0
[  772962ms] [LOG] %c JSHandle@node @ https://www.fullhdfilmizlesene.now/minx/ftjs.1786843931.js:0
[  773458ms] [LOG] %c JSHandle@node @ https://www.fullhdfilmizlesene.now/minx/ftjs.1786843931.js:0
[  773959ms] [LOG] %c JSHandle@node @ https://www.fullhdfilmizlesene.now/minx/ftjs.1786843931.js:0
[  774458ms] [LOG] %c JSHandle@node @ https://www.fullhdfilmizlesene.now/minx/ftjs.1786843931.js:0
[  774957ms] [LOG] %c JSHandle@node @ https://www.fullhdfilmizlesene.now/minx/ftjs.1786843931.js:0
[  775456ms] [LOG] %c JSHandle@node @ https://www.fullhdfilmizlesene.now/minx/ftjs.1786843931.js:0
[  775955ms] [LOG] %c JSHandle@node @ https://www.fullhdfilmizlesene.now/minx/ftjs.1786843931.js:0
[  776456ms] [LOG] %c JSHandle@node @ https://www.fullhdfilmizlesene.now/minx/ftjs.1786843931.js:0
[  776951ms] [LOG] %c JSHandle@node @ https://www.fullhdfilmizlesene.now/minx/ftjs.1786843931.js:0
[  777459ms] [LOG] %c JSHandle@node @ https://www.fullhdfilmizlesene.now/minx/ftjs.1786843931.js:0
[  777956ms] [LOG] %c JSHandle@node @ https://www.fullhdfilmizlesene.now/minx/ftjs.1786843931.js:0
[  778456ms] [LOG] %c JSHandle@node @ https://www.fullhdfilmizlesene.now/minx/ftjs.1786843931.js:0
[  778951ms] [LOG] %c JSHandle@node @ https://www.fullhdfilmizlesene.now/minx/ftjs.1786843931.js:0
[  779451ms] [LOG] %c JSHandle@node @ https://www.fullhdfilmizlesene.now/minx/ftjs.1786843931.js:0
[  779950ms] [LOG] %c JSHandle@node @ https://www.fullhdfilmizlesene.now/minx/ftjs.1786843931.js:0
[  780450ms] [LOG] %c JSHandle@node @ https://www.fullhdfilmizlesene.now/minx/ftjs.1786843931.js:0
[  780964ms] [LOG] %c JSHandle@node @ https://www.fullhdfilmizlesene.now/minx/ftjs.1786843931.js:0
[  781461ms] [LOG] %c JSHandle@node @ https://www.fullhdfilmizlesene.now/minx/ftjs.1786843931.js:0
[  781960ms] [LOG] %c JSHandle@node @ https://www.fullhdfilmizlesene.now/minx/ftjs.1786843931.js:0
[  782456ms] [LOG] %c JSHandle@node @ https://www.fullhdfilmizlesene.now/minx/ftjs.1786843931.js:0
[  782954ms] [LOG] %c JSHandle@node @ https://www.fullhdfilmizlesene.now/minx/ftjs.1786843931.js:0
[  783456ms] [LOG] %c JSHandle@node @ https://www.fullhdfilmizlesene.now/minx/ftjs.1786843931.js:0
[  783955ms] [LOG] %c JSHandle@node @ https://www.fullhdfilmizlesene.now/minx/ftjs.1786843931.js:0
[  784451ms] [LOG] %c JSHandle@node @ https://www.fullhdfilmizlesene.now/minx/ftjs.1786843931.js:0
[  784963ms] [LOG] %c JSHandle@node @ https://www.fullhdfilmizlesene.now/minx/ftjs.1786843931.js:0
[  785462ms] [LOG] %c JSHandle@node @ https://www.fullhdfilmizlesene.now/minx/ftjs.1786843931.js:0
[  785960ms] [LOG] %c JSHandle@node @ https://www.fullhdfilmizlesene.now/minx/ftjs.1786843931.js:0
[  786455ms] [LOG] %c JSHandle@node @ https://www.fullhdfilmizlesene.now/minx/ftjs.1786843931.js:0
[  786950ms] [LOG] %c JSHandle@node @ https://www.fullhdfilmizlesene.now/minx/ftjs.1786843931.js:0
[  787449ms] [LOG] %c JSHandle@node @ https://www.fullhdfilmizlesene.now/minx/ftjs.1786843931.js:0
[  787962ms] [LOG] %c JSHandle@node @ https://www.fullhdfilmizlesene.now/minx/ftjs.1786843931.js:0
[  788462ms] [LOG] %c JSHandle@node @ https://www.fullhdfilmizlesene.now/minx/ftjs.1786843931.js:0
[  788961ms] [LOG] %c JSHandle@node @ https://www.fullhdfilmizlesene.now/minx/ftjs.1786843931.js:0
[  789449ms] [LOG] %c JSHandle@node @ https://www.fullhdfilmizlesene.now/minx/ftjs.1786843931.js:0
[  789959ms] [LOG] %c JSHandle@node @ https://www.fullhdfilmizlesene.now/minx/ftjs.1786843931.js:0
[  790456ms] [LOG] %c JSHandle@node @ https://www.fullhdfilmizlesene.now/minx/ftjs.1786843931.js:0
[  790955ms] [LOG] %c JSHandle@node @ https://www.fullhdfilmizlesene.now/minx/ftjs.1786843931.js:0
[  791451ms] [LOG] %c JSHandle@node @ https://www.fullhdfilmizlesene.now/minx/ftjs.1786843931.js:0
[  791949ms] [LOG] %c JSHandle@node @ https://www.fullhdfilmizlesene.now/minx/ftjs.1786843931.js:0
[  792454ms] [LOG] %c JSHandle@node @ https://www.fullhdfilmizlesene.now/minx/ftjs.1786843931.js:0
[  792959ms] [LOG] %c JSHandle@node @ https://www.fullhdfilmizlesene.now/minx/ftjs.1786843931.js:0
[  793454ms] [LOG] %c JSHandle@node @ https://www.fullhdfilmizlesene.now/minx/ftjs.1786843931.js:0
[  793949ms] [LOG] %c JSHandle@node @ https://www.fullhdfilmizlesene.now/minx/ftjs.1786843931.js:0
[  794462ms] [LOG] %c JSHandle@node @ https://www.fullhdfilmizlesene.now/minx/ftjs.1786843931.js:0
[  794960ms] [LOG] %c JSHandle@node @ https://www.fullhdfilmizlesene.now/minx/ftjs.1786843931.js:0
[  795456ms] [LOG] %c JSHandle@node @ https://www.fullhdfilmizlesene.now/minx/ftjs.1786843931.js:0
[  795953ms] [LOG] %c JSHandle@node @ https://www.fullhdfilmizlesene.now/minx/ftjs.1786843931.js:0
[  796450ms] [LOG] %c JSHandle@node @ https://www.fullhdfilmizlesene.now/minx/ftjs.1786843931.js:0
[  796953ms] [LOG] %c JSHandle@node @ https://www.fullhdfilmizlesene.now/minx/ftjs.1786843931.js:0
[  797452ms] [LOG] %c JSHandle@node @ https://www.fullhdfilmizlesene.now/minx/ftjs.1786843931.js:0
[  797961ms] [LOG] %c JSHandle@node @ https://www.fullhdfilmizlesene.now/minx/ftjs.1786843931.js:0
[  798458ms] [LOG] %c JSHandle@node @ https://www.fullhdfilmizlesene.now/minx/ftjs.1786843931.js:0
[  798958ms] [LOG] %c JSHandle@node @ https://www.fullhdfilmizlesene.now/minx/ftjs.1786843931.js:0
[  799460ms] [LOG] %c JSHandle@node @ https://www.fullhdfilmizlesene.now/minx/ftjs.1786843931.js:0
[  799961ms] [LOG] %c JSHandle@node @ https://www.fullhdfilmizlesene.now/minx/ftjs.1786843931.js:0
[  800459ms] [LOG] %c JSHandle@node @ https://www.fullhdfilmizlesene.now/minx/ftjs.1786843931.js:0
[  800955ms] [LOG] %c JSHandle@node @ https://www.fullhdfilmizlesene.now/minx/ftjs.1786843931.js:0
[  801449ms] [LOG] %c JSHandle@node @ https://www.fullhdfilmizlesene.now/minx/ftjs.1786843931.js:0
[  801948ms] [LOG] %c JSHandle@node @ https://www.fullhdfilmizlesene.now/minx/ftjs.1786843931.js:0
[  802450ms] [LOG] %c JSHandle@node @ https://www.fullhdfilmizlesene.now/minx/ftjs.1786843931.js:0
[  802950ms] [LOG] %c JSHandle@node @ https://www.fullhdfilmizlesene.now/minx/ftjs.1786843931.js:0
[  803460ms] [LOG] %c JSHandle@node @ https://www.fullhdfilmizlesene.now/minx/ftjs.1786843931.js:0
[  803949ms] [LOG] %c JSHandle@node @ https://www.fullhdfilmizlesene.now/minx/ftjs.1786843931.js:0
[  804460ms] [LOG] %c JSHandle@node @ https://www.fullhdfilmizlesene.now/minx/ftjs.1786843931.js:0
[  804957ms] [LOG] %c JSHandle@node @ https://www.fullhdfilmizlesene.now/minx/ftjs.1786843931.js:0
[  805454ms] [LOG] %c JSHandle@node @ https://www.fullhdfilmizlesene.now/minx/ftjs.1786843931.js:0
[  805948ms] [LOG] %c JSHandle@node @ https://www.fullhdfilmizlesene.now/minx/ftjs.1786843931.js:0
[  806462ms] [LOG] %c JSHandle@node @ https://www.fullhdfilmizlesene.now/minx/ftjs.1786843931.js:0
[  806949ms] [LOG] %c JSHandle@node @ https://www.fullhdfilmizlesene.now/minx/ftjs.1786843931.js:0
[  807449ms] [LOG] %c JSHandle@node @ https://www.fullhdfilmizlesene.now/minx/ftjs.1786843931.js:0
[  807963ms] [LOG] %c JSHandle@node @ https://www.fullhdfilmizlesene.now/minx/ftjs.1786843931.js:0
[  808461ms] [LOG] %c JSHandle@node @ https://www.fullhdfilmizlesene.now/minx/ftjs.1786843931.js:0
[  808960ms] [LOG] %c JSHandle@node @ https://www.fullhdfilmizlesene.now/minx/ftjs.1786843931.js:0
[  809459ms] [LOG] %c JSHandle@node @ https://www.fullhdfilmizlesene.now/minx/ftjs.1786843931.js:0
[  809955ms] [LOG] %c JSHandle@node @ https://www.fullhdfilmizlesene.now/minx/ftjs.1786843931.js:0
[  810455ms] [LOG] %c JSHandle@node @ https://www.fullhdfilmizlesene.now/minx/ftjs.1786843931.js:0
[  810953ms] [LOG] %c JSHandle@node @ https://www.fullhdfilmizlesene.now/minx/ftjs.1786843931.js:0
[  811449ms] [LOG] %c JSHandle@node @ https://www.fullhdfilmizlesene.now/minx/ftjs.1786843931.js:0
[  811948ms] [LOG] %c JSHandle@node @ https://www.fullhdfilmizlesene.now/minx/ftjs.1786843931.js:0
[  812450ms] [LOG] %c JSHandle@node @ https://www.fullhdfilmizlesene.now/minx/ftjs.1786843931.js:0
[  812962ms] [LOG] %c JSHandle@node @ https://www.fullhdfilmizlesene.now/minx/ftjs.1786843931.js:0
[  813448ms] [LOG] %c JSHandle@node @ https://www.fullhdfilmizlesene.now/minx/ftjs.1786843931.js:0
[  813958ms] [LOG] %c JSHandle@node @ https://www.fullhdfilmizlesene.now/minx/ftjs.1786843931.js:0
[  814448ms] [LOG] %c JSHandle@node @ https://www.fullhdfilmizlesene.now/minx/ftjs.1786843931.js:0
[  814956ms] [LOG] %c JSHandle@node @ https://www.fullhdfilmizlesene.now/minx/ftjs.1786843931.js:0
[  815448ms] [LOG] %c JSHandle@node @ https://www.fullhdfilmizlesene.now/minx/ftjs.1786843931.js:0
[  815962ms] [LOG] %c JSHandle@node @ https://www.fullhdfilmizlesene.now/minx/ftjs.1786843931.js:0
[  816449ms] [LOG] %c JSHandle@node @ https://www.fullhdfilmizlesene.now/minx/ftjs.1786843931.js:0
[  816961ms] [LOG] %c JSHandle@node @ https://www.fullhdfilmizlesene.now/minx/ftjs.1786843931.js:0
[  817462ms] [LOG] %c JSHandle@node @ https://www.fullhdfilmizlesene.now/minx/ftjs.1786843931.js:0
[  817958ms] [LOG] %c JSHandle@node @ https://www.fullhdfilmizlesene.now/minx/ftjs.1786843931.js:0
[  818454ms] [LOG] %c JSHandle@node @ https://www.fullhdfilmizlesene.now/minx/ftjs.1786843931.js:0
[  818954ms] [LOG] %c JSHandle@node @ https://www.fullhdfilmizlesene.now/minx/ftjs.1786843931.js:0
[  819450ms] [LOG] %c JSHandle@node @ https://www.fullhdfilmizlesene.now/minx/ftjs.1786843931.js:0
[  819950ms] [LOG] %c JSHandle@node @ https://www.fullhdfilmizlesene.now/minx/ftjs.1786843931.js:0
[  820462ms] [LOG] %c JSHandle@node @ https://www.fullhdfilmizlesene.now/minx/ftjs.1786843931.js:0
[  820949ms] [LOG] %c JSHandle@node @ https://www.fullhdfilmizlesene.now/minx/ftjs.1786843931.js:0
[  821448ms] [LOG] %c JSHandle@node @ https://www.fullhdfilmizlesene.now/minx/ftjs.1786843931.js:0
[  821963ms] [LOG] %c JSHandle@node @ https://www.fullhdfilmizlesene.now/minx/ftjs.1786843931.js:0
[  822463ms] [LOG] %c JSHandle@node @ https://www.fullhdfilmizlesene.now/minx/ftjs.1786843931.js:0
[  822962ms] [LOG] %c JSHandle@node @ https://www.fullhdfilmizlesene.now/minx/ftjs.1786843931.js:0
[  823459ms] [LOG] %c JSHandle@node @ https://www.fullhdfilmizlesene.now/minx/ftjs.1786843931.js:0
[  823957ms] [LOG] %c JSHandle@node @ https://www.fullhdfilmizlesene.now/minx/ftjs.1786843931.js:0
[  824456ms] [LOG] %c JSHandle@node @ https://www.fullhdfilmizlesene.now/minx/ftjs.1786843931.js:0
[  824953ms] [LOG] %c JSHandle@node @ https://www.fullhdfilmizlesene.now/minx/ftjs.1786843931.js:0
[  825452ms] [LOG] %c JSHandle@node @ https://www.fullhdfilmizlesene.now/minx/ftjs.1786843931.js:0
[  825965ms] [LOG] %c JSHandle@node @ https://www.fullhdfilmizlesene.now/minx/ftjs.1786843931.js:0
[  826462ms] [LOG] %c JSHandle@node @ https://www.fullhdfilmizlesene.now/minx/ftjs.1786843931.js:0
[  826963ms] [LOG] %c JSHandle@node @ https://www.fullhdfilmizlesene.now/minx/ftjs.1786843931.js:0
[  827450ms] [LOG] %c JSHandle@node @ https://www.fullhdfilmizlesene.now/minx/ftjs.1786843931.js:0
[  827962ms] [LOG] %c JSHandle@node @ https://www.fullhdfilmizlesene.now/minx/ftjs.1786843931.js:0
[  828455ms] [LOG] %c JSHandle@node @ https://www.fullhdfilmizlesene.now/minx/ftjs.1786843931.js:0
[  828956ms] [LOG] %c JSHandle@node @ https://www.fullhdfilmizlesene.now/minx/ftjs.1786843931.js:0
[  829452ms] [LOG] %c JSHandle@node @ https://www.fullhdfilmizlesene.now/minx/ftjs.1786843931.js:0
[  829951ms] [LOG] %c JSHandle@node @ https://www.fullhdfilmizlesene.now/minx/ftjs.1786843931.js:0
[  830451ms] [LOG] %c JSHandle@node @ https://www.fullhdfilmizlesene.now/minx/ftjs.1786843931.js:0
[  830962ms] [LOG] %c JSHandle@node @ https://www.fullhdfilmizlesene.now/minx/ftjs.1786843931.js:0
[  831463ms] [LOG] %c JSHandle@node @ https://www.fullhdfilmizlesene.now/minx/ftjs.1786843931.js:0
[  831963ms] [LOG] %c JSHandle@node @ https://www.fullhdfilmizlesene.now/minx/ftjs.1786843931.js:0
[  832464ms] [LOG] %c JSHandle@node @ https://www.fullhdfilmizlesene.now/minx/ftjs.1786843931.js:0
[  832963ms] [LOG] %c JSHandle@node @ https://www.fullhdfilmizlesene.now/minx/ftjs.1786843931.js:0
[  833460ms] [LOG] %c JSHandle@node @ https://www.fullhdfilmizlesene.now/minx/ftjs.1786843931.js:0
[  833958ms] [LOG] %c JSHandle@node @ https://www.fullhdfilmizlesene.now/minx/ftjs.1786843931.js:0
[  834458ms] [LOG] %c JSHandle@node @ https://www.fullhdfilmizlesene.now/minx/ftjs.1786843931.js:0
[  834953ms] [LOG] %c JSHandle@node @ https://www.fullhdfilmizlesene.now/minx/ftjs.1786843931.js:0
[  835451ms] [LOG] %c JSHandle@node @ https://www.fullhdfilmizlesene.now/minx/ftjs.1786843931.js:0
[  835951ms] [LOG] %c JSHandle@node @ https://www.fullhdfilmizlesene.now/minx/ftjs.1786843931.js:0
[  836454ms] [LOG] %c JSHandle@node @ https://www.fullhdfilmizlesene.now/minx/ftjs.1786843931.js:0
[  836951ms] [LOG] %c JSHandle@node @ https://www.fullhdfilmizlesene.now/minx/ftjs.1786843931.js:0
[  837450ms] [LOG] %c JSHandle@node @ https://www.fullhdfilmizlesene.now/minx/ftjs.1786843931.js:0
[  837950ms] [LOG] %c JSHandle@node @ https://www.fullhdfilmizlesene.now/minx/ftjs.1786843931.js:0
[  838450ms] [LOG] %c JSHandle@node @ https://www.fullhdfilmizlesene.now/minx/ftjs.1786843931.js:0
[  838964ms] [LOG] %c JSHandle@node @ https://www.fullhdfilmizlesene.now/minx/ftjs.1786843931.js:0
[  839461ms] [LOG] %c JSHandle@node @ https://www.fullhdfilmizlesene.now/minx/ftjs.1786843931.js:0
[  839957ms] [LOG] %c JSHandle@node @ https://www.fullhdfilmizlesene.now/minx/ftjs.1786843931.js:0
[  840458ms] [LOG] %c JSHandle@node @ https://www.fullhdfilmizlesene.now/minx/ftjs.1786843931.js:0
[  840954ms] [LOG] %c JSHandle@node @ https://www.fullhdfilmizlesene.now/minx/ftjs.1786843931.js:0
[  841451ms] [LOG] %c JSHandle@node @ https://www.fullhdfilmizlesene.now/minx/ftjs.1786843931.js:0
[  841963ms] [LOG] %c JSHandle@node @ https://www.fullhdfilmizlesene.now/minx/ftjs.1786843931.js:0
[  842461ms] [LOG] %c JSHandle@node @ https://www.fullhdfilmizlesene.now/minx/ftjs.1786843931.js:0
[  842960ms] [LOG] %c JSHandle@node @ https://www.fullhdfilmizlesene.now/minx/ftjs.1786843931.js:0
[  843459ms] [LOG] %c JSHandle@node @ https://www.fullhdfilmizlesene.now/minx/ftjs.1786843931.js:0
[  843955ms] [LOG] %c JSHandle@node @ https://www.fullhdfilmizlesene.now/minx/ftjs.1786843931.js:0
[  844457ms] [LOG] %c JSHandle@node @ https://www.fullhdfilmizlesene.now/minx/ftjs.1786843931.js:0
[  844949ms] [LOG] %c JSHandle@node @ https://www.fullhdfilmizlesene.now/minx/ftjs.1786843931.js:0
[  845462ms] [LOG] %c JSHandle@node @ https://www.fullhdfilmizlesene.now/minx/ftjs.1786843931.js:0
[  845960ms] [LOG] %c JSHandle@node @ https://www.fullhdfilmizlesene.now/minx/ftjs.1786843931.js:0
[  846458ms] [LOG] %c JSHandle@node @ https://www.fullhdfilmizlesene.now/minx/ftjs.1786843931.js:0
[  846949ms] [LOG] %c JSHandle@node @ https://www.fullhdfilmizlesene.now/minx/ftjs.1786843931.js:0
[  847460ms] [LOG] %c JSHandle@node @ https://www.fullhdfilmizlesene.now/minx/ftjs.1786843931.js:0
[  847958ms] [LOG] %c JSHandle@node @ https://www.fullhdfilmizlesene.now/minx/ftjs.1786843931.js:0
[  848455ms] [LOG] %c JSHandle@node @ https://www.fullhdfilmizlesene.now/minx/ftjs.1786843931.js:0
[  848956ms] [LOG] %c JSHandle@node @ https://www.fullhdfilmizlesene.now/minx/ftjs.1786843931.js:0
[  849457ms] [LOG] %c JSHandle@node @ https://www.fullhdfilmizlesene.now/minx/ftjs.1786843931.js:0
[  849949ms] [LOG] %c JSHandle@node @ https://www.fullhdfilmizlesene.now/minx/ftjs.1786843931.js:0
[  850452ms] [LOG] %c JSHandle@node @ https://www.fullhdfilmizlesene.now/minx/ftjs.1786843931.js:0
[  850948ms] [LOG] %c JSHandle@node @ https://www.fullhdfilmizlesene.now/minx/ftjs.1786843931.js:0
[  851450ms] [LOG] %c JSHandle@node @ https://www.fullhdfilmizlesene.now/minx/ftjs.1786843931.js:0
[  851951ms] [LOG] %c JSHandle@node @ https://www.fullhdfilmizlesene.now/minx/ftjs.1786843931.js:0
[  852450ms] [LOG] %c JSHandle@node @ https://www.fullhdfilmizlesene.now/minx/ftjs.1786843931.js:0
[  852961ms] [LOG] %c JSHandle@node @ https://www.fullhdfilmizlesene.now/minx/ftjs.1786843931.js:0
[  853459ms] [LOG] %c JSHandle@node @ https://www.fullhdfilmizlesene.now/minx/ftjs.1786843931.js:0
[  853959ms] [LOG] %c JSHandle@node @ https://www.fullhdfilmizlesene.now/minx/ftjs.1786843931.js:0
[  854455ms] [LOG] %c JSHandle@node @ https://www.fullhdfilmizlesene.now/minx/ftjs.1786843931.js:0
[  854951ms] [LOG] %c JSHandle@node @ https://www.fullhdfilmizlesene.now/minx/ftjs.1786843931.js:0
[  855462ms] [LOG] %c JSHandle@node @ https://www.fullhdfilmizlesene.now/minx/ftjs.1786843931.js:0
[  855961ms] [LOG] %c JSHandle@node @ https://www.fullhdfilmizlesene.now/minx/ftjs.1786843931.js:0
[  856457ms] [LOG] %c JSHandle@node @ https://www.fullhdfilmizlesene.now/minx/ftjs.1786843931.js:0
[  856949ms] [LOG] %c JSHandle@node @ https://www.fullhdfilmizlesene.now/minx/ftjs.1786843931.js:0
[  857461ms] [LOG] %c JSHandle@node @ https://www.fullhdfilmizlesene.now/minx/ftjs.1786843931.js:0
[  857960ms] [LOG] %c JSHandle@node @ https://www.fullhdfilmizlesene.now/minx/ftjs.1786843931.js:0
[  858458ms] [LOG] %c JSHandle@node @ https://www.fullhdfilmizlesene.now/minx/ftjs.1786843931.js:0
[  858957ms] [LOG] %c JSHandle@node @ https://www.fullhdfilmizlesene.now/minx/ftjs.1786843931.js:0
[  859455ms] [LOG] %c JSHandle@node @ https://www.fullhdfilmizlesene.now/minx/ftjs.1786843931.js:0
[  859953ms] [LOG] %c JSHandle@node @ https://www.fullhdfilmizlesene.now/minx/ftjs.1786843931.js:0
[  860452ms] [LOG] %c JSHandle@node @ https://www.fullhdfilmizlesene.now/minx/ftjs.1786843931.js:0
[  860951ms] [LOG] %c JSHandle@node @ https://www.fullhdfilmizlesene.now/minx/ftjs.1786843931.js:0
[  861449ms] [LOG] %c JSHandle@node @ https://www.fullhdfilmizlesene.now/minx/ftjs.1786843931.js:0
[  861949ms] [LOG] %c JSHandle@node @ https://www.fullhdfilmizlesene.now/minx/ftjs.1786843931.js:0
[  862461ms] [LOG] %c JSHandle@node @ https://www.fullhdfilmizlesene.now/minx/ftjs.1786843931.js:0
[  862960ms] [LOG] %c JSHandle@node @ https://www.fullhdfilmizlesene.now/minx/ftjs.1786843931.js:0
[  863458ms] [LOG] %c JSHandle@node @ https://www.fullhdfilmizlesene.now/minx/ftjs.1786843931.js:0
[  863956ms] [LOG] %c JSHandle@node @ https://www.fullhdfilmizlesene.now/minx/ftjs.1786843931.js:0
[  864456ms] [LOG] %c JSHandle@node @ https://www.fullhdfilmizlesene.now/minx/ftjs.1786843931.js:0
[  864954ms] [LOG] %c JSHandle@node @ https://www.fullhdfilmizlesene.now/minx/ftjs.1786843931.js:0
[  865451ms] [LOG] %c JSHandle@node @ https://www.fullhdfilmizlesene.now/minx/ftjs.1786843931.js:0
[  865949ms] [LOG] %c JSHandle@node @ https://www.fullhdfilmizlesene.now/minx/ftjs.1786843931.js:0
[  866449ms] [LOG] %c JSHandle@node @ https://www.fullhdfilmizlesene.now/minx/ftjs.1786843931.js:0
[  866958ms] [LOG] %c JSHandle@node @ https://www.fullhdfilmizlesene.now/minx/ftjs.1786843931.js:0
[  867454ms] [LOG] %c JSHandle@node @ https://www.fullhdfilmizlesene.now/minx/ftjs.1786843931.js:0
[  867952ms] [LOG] %c JSHandle@node @ https://www.fullhdfilmizlesene.now/minx/ftjs.1786843931.js:0
[  868452ms] [LOG] %c JSHandle@node @ https://www.fullhdfilmizlesene.now/minx/ftjs.1786843931.js:0
[  868951ms] [LOG] %c JSHandle@node @ https://www.fullhdfilmizlesene.now/minx/ftjs.1786843931.js:0
[  869449ms] [LOG] %c JSHandle@node @ https://www.fullhdfilmizlesene.now/minx/ftjs.1786843931.js:0
[  869949ms] [LOG] %c JSHandle@node @ https://www.fullhdfilmizlesene.now/minx/ftjs.1786843931.js:0
[  870460ms] [LOG] %c JSHandle@node @ https://www.fullhdfilmizlesene.now/minx/ftjs.1786843931.js:0
[  870959ms] [LOG] %c JSHandle@node @ https://www.fullhdfilmizlesene.now/minx/ftjs.1786843931.js:0
[  871457ms] [LOG] %c JSHandle@node @ https://www.fullhdfilmizlesene.now/minx/ftjs.1786843931.js:0
[  871959ms] [LOG] %c JSHandle@node @ https://www.fullhdfilmizlesene.now/minx/ftjs.1786843931.js:0
[  872458ms] [LOG] %c JSHandle@node @ https://www.fullhdfilmizlesene.now/minx/ftjs.1786843931.js:0
[  872961ms] [LOG] %c JSHandle@node @ https://www.fullhdfilmizlesene.now/minx/ftjs.1786843931.js:0
[  873461ms] [LOG] %c JSHandle@node @ https://www.fullhdfilmizlesene.now/minx/ftjs.1786843931.js:0
[  873960ms] [LOG] %c JSHandle@node @ https://www.fullhdfilmizlesene.now/minx/ftjs.1786843931.js:0
[  874455ms] [LOG] %c JSHandle@node @ https://www.fullhdfilmizlesene.now/minx/ftjs.1786843931.js:0
[  874949ms] [LOG] %c JSHandle@node @ https://www.fullhdfilmizlesene.now/minx/ftjs.1786843931.js:0
[  875460ms] [LOG] %c JSHandle@node @ https://www.fullhdfilmizlesene.now/minx/ftjs.1786843931.js:0
[  875959ms] [LOG] %c JSHandle@node @ https://www.fullhdfilmizlesene.now/minx/ftjs.1786843931.js:0
[  876460ms] [LOG] %c JSHandle@node @ https://www.fullhdfilmizlesene.now/minx/ftjs.1786843931.js:0
[  876956ms] [LOG] %c JSHandle@node @ https://www.fullhdfilmizlesene.now/minx/ftjs.1786843931.js:0
[  877457ms] [LOG] %c JSHandle@node @ https://www.fullhdfilmizlesene.now/minx/ftjs.1786843931.js:0
[  877949ms] [LOG] %c JSHandle@node @ https://www.fullhdfilmizlesene.now/minx/ftjs.1786843931.js:0
[  878452ms] [LOG] %c JSHandle@node @ https://www.fullhdfilmizlesene.now/minx/ftjs.1786843931.js:0
[  878955ms] [LOG] %c JSHandle@node @ https://www.fullhdfilmizlesene.now/minx/ftjs.1786843931.js:0
[  879451ms] [LOG] %c JSHandle@node @ https://www.fullhdfilmizlesene.now/minx/ftjs.1786843931.js:0
[  879950ms] [LOG] %c JSHandle@node @ https://www.fullhdfilmizlesene.now/minx/ftjs.1786843931.js:0
[  880454ms] [LOG] %c JSHandle@node @ https://www.fullhdfilmizlesene.now/minx/ftjs.1786843931.js:0
[  880951ms] [LOG] %c JSHandle@node @ https://www.fullhdfilmizlesene.now/minx/ftjs.1786843931.js:0
[  881454ms] [LOG] %c JSHandle@node @ https://www.fullhdfilmizlesene.now/minx/ftjs.1786843931.js:0
[  881951ms] [LOG] %c JSHandle@node @ https://www.fullhdfilmizlesene.now/minx/ftjs.1786843931.js:0
[  882452ms] [LOG] %c JSHandle@node @ https://www.fullhdfilmizlesene.now/minx/ftjs.1786843931.js:0
[  882952ms] [LOG] %c JSHandle@node @ https://www.fullhdfilmizlesene.now/minx/ftjs.1786843931.js:0
[  883464ms] [LOG] %c JSHandle@node @ https://www.fullhdfilmizlesene.now/minx/ftjs.1786843931.js:0
[  883961ms] [LOG] %c JSHandle@node @ https://www.fullhdfilmizlesene.now/minx/ftjs.1786843931.js:0
[  884462ms] [LOG] %c JSHandle@node @ https://www.fullhdfilmizlesene.now/minx/ftjs.1786843931.js:0
[  884960ms] [LOG] %c JSHandle@node @ https://www.fullhdfilmizlesene.now/minx/ftjs.1786843931.js:0
[  885458ms] [LOG] %c JSHandle@node @ https://www.fullhdfilmizlesene.now/minx/ftjs.1786843931.js:0
[  885957ms] [LOG] %c JSHandle@node @ https://www.fullhdfilmizlesene.now/minx/ftjs.1786843931.js:0
[  886457ms] [LOG] %c JSHandle@node @ https://www.fullhdfilmizlesene.now/minx/ftjs.1786843931.js:0
[  886955ms] [LOG] %c JSHandle@node @ https://www.fullhdfilmizlesene.now/minx/ftjs.1786843931.js:0
[  887453ms] [LOG] %c JSHandle@node @ https://www.fullhdfilmizlesene.now/minx/ftjs.1786843931.js:0
[  887954ms] [LOG] %c JSHandle@node @ https://www.fullhdfilmizlesene.now/minx/ftjs.1786843931.js:0
[  888454ms] [LOG] %c JSHandle@node @ https://www.fullhdfilmizlesene.now/minx/ftjs.1786843931.js:0
[  888953ms] [LOG] %c JSHandle@node @ https://www.fullhdfilmizlesene.now/minx/ftjs.1786843931.js:0
[  889451ms] [LOG] %c JSHandle@node @ https://www.fullhdfilmizlesene.now/minx/ftjs.1786843931.js:0
[  889950ms] [LOG] %c JSHandle@node @ https://www.fullhdfilmizlesene.now/minx/ftjs.1786843931.js:0
[  890449ms] [LOG] %c JSHandle@node @ https://www.fullhdfilmizlesene.now/minx/ftjs.1786843931.js:0
[  890952ms] [LOG] %c JSHandle@node @ https://www.fullhdfilmizlesene.now/minx/ftjs.1786843931.js:0
[  891457ms] [LOG] %c JSHandle@node @ https://www.fullhdfilmizlesene.now/minx/ftjs.1786843931.js:0
[  891955ms] [LOG] %c JSHandle@node @ https://www.fullhdfilmizlesene.now/minx/ftjs.1786843931.js:0
[  892455ms] [LOG] %c JSHandle@node @ https://www.fullhdfilmizlesene.now/minx/ftjs.1786843931.js:0
[  892953ms] [LOG] %c JSHandle@node @ https://www.fullhdfilmizlesene.now/minx/ftjs.1786843931.js:0
[  893449ms] [LOG] %c JSHandle@node @ https://www.fullhdfilmizlesene.now/minx/ftjs.1786843931.js:0
[  893954ms] [LOG] %c JSHandle@node @ https://www.fullhdfilmizlesene.now/minx/ftjs.1786843931.js:0
[  894456ms] [LOG] %c JSHandle@node @ https://www.fullhdfilmizlesene.now/minx/ftjs.1786843931.js:0
[  894953ms] [LOG] %c JSHandle@node @ https://www.fullhdfilmizlesene.now/minx/ftjs.1786843931.js:0
[  895450ms] [LOG] %c JSHandle@node @ https://www.fullhdfilmizlesene.now/minx/ftjs.1786843931.js:0
[  895961ms] [LOG] %c JSHandle@node @ https://www.fullhdfilmizlesene.now/minx/ftjs.1786843931.js:0
[  896452ms] [LOG] %c JSHandle@node @ https://www.fullhdfilmizlesene.now/minx/ftjs.1786843931.js:0
[  896949ms] [LOG] %c JSHandle@node @ https://www.fullhdfilmizlesene.now/minx/ftjs.1786843931.js:0
[  897460ms] [LOG] %c JSHandle@node @ https://www.fullhdfilmizlesene.now/minx/ftjs.1786843931.js:0
[  897957ms] [LOG] %c JSHandle@node @ https://www.fullhdfilmizlesene.now/minx/ftjs.1786843931.js:0
[  898459ms] [LOG] %c JSHandle@node @ https://www.fullhdfilmizlesene.now/minx/ftjs.1786843931.js:0
[  898958ms] [LOG] %c JSHandle@node @ https://www.fullhdfilmizlesene.now/minx/ftjs.1786843931.js:0
[  899456ms] [LOG] %c JSHandle@node @ https://www.fullhdfilmizlesene.now/minx/ftjs.1786843931.js:0
[  899955ms] [LOG] %c JSHandle@node @ https://www.fullhdfilmizlesene.now/minx/ftjs.1786843931.js:0
[  900452ms] [LOG] %c JSHandle@node @ https://www.fullhdfilmizlesene.now/minx/ftjs.1786843931.js:0
[  900949ms] [LOG] %c JSHandle@node @ https://www.fullhdfilmizlesene.now/minx/ftjs.1786843931.js:0
[  901452ms] [LOG] %c JSHandle@node @ https://www.fullhdfilmizlesene.now/minx/ftjs.1786843931.js:0
[  901953ms] [LOG] %c JSHandle@node @ https://www.fullhdfilmizlesene.now/minx/ftjs.1786843931.js:0
[  902452ms] [LOG] %c JSHandle@node @ https://www.fullhdfilmizlesene.now/minx/ftjs.1786843931.js:0
[  902952ms] [LOG] %c JSHandle@node @ https://www.fullhdfilmizlesene.now/minx/ftjs.1786843931.js:0
[  903449ms] [LOG] %c JSHandle@node @ https://www.fullhdfilmizlesene.now/minx/ftjs.1786843931.js:0
[  903962ms] [LOG] %c JSHandle@node @ https://www.fullhdfilmizlesene.now/minx/ftjs.1786843931.js:0
[  904461ms] [LOG] %c JSHandle@node @ https://www.fullhdfilmizlesene.now/minx/ftjs.1786843931.js:0
[  904958ms] [LOG] %c JSHandle@node @ https://www.fullhdfilmizlesene.now/minx/ftjs.1786843931.js:0
[  905458ms] [LOG] %c JSHandle@node @ https://www.fullhdfilmizlesene.now/minx/ftjs.1786843931.js:0
[  905957ms] [LOG] %c JSHandle@node @ https://www.fullhdfilmizlesene.now/minx/ftjs.1786843931.js:0
[  906456ms] [LOG] %c JSHandle@node @ https://www.fullhdfilmizlesene.now/minx/ftjs.1786843931.js:0
[  906955ms] [LOG] %c JSHandle@node @ https://www.fullhdfilmizlesene.now/minx/ftjs.1786843931.js:0
[  907449ms] [LOG] %c JSHandle@node @ https://www.fullhdfilmizlesene.now/minx/ftjs.1786843931.js:0
[  907962ms] [LOG] %c JSHandle@node @ https://www.fullhdfilmizlesene.now/minx/ftjs.1786843931.js:0
[  908461ms] [LOG] %c JSHandle@node @ https://www.fullhdfilmizlesene.now/minx/ftjs.1786843931.js:0
[  908955ms] [LOG] %c JSHandle@node @ https://www.fullhdfilmizlesene.now/minx/ftjs.1786843931.js:0
[  909456ms] [LOG] %c JSHandle@node @ https://www.fullhdfilmizlesene.now/minx/ftjs.1786843931.js:0
[  909956ms] [LOG] %c JSHandle@node @ https://www.fullhdfilmizlesene.now/minx/ftjs.1786843931.js:0
[  910449ms] [LOG] %c JSHandle@node @ https://www.fullhdfilmizlesene.now/minx/ftjs.1786843931.js:0
[  910954ms] [LOG] %c JSHandle@node @ https://www.fullhdfilmizlesene.now/minx/ftjs.1786843931.js:0
[  911450ms] [LOG] %c JSHandle@node @ https://www.fullhdfilmizlesene.now/minx/ftjs.1786843931.js:0
[  911962ms] [LOG] %c JSHandle@node @ https://www.fullhdfilmizlesene.now/minx/ftjs.1786843931.js:0
[  912462ms] [LOG] %c JSHandle@node @ https://www.fullhdfilmizlesene.now/minx/ftjs.1786843931.js:0
[  912963ms] [LOG] %c JSHandle@node @ https://www.fullhdfilmizlesene.now/minx/ftjs.1786843931.js:0
[  913461ms] [LOG] %c JSHandle@node @ https://www.fullhdfilmizlesene.now/minx/ftjs.1786843931.js:0
[  913962ms] [LOG] %c JSHandle@node @ https://www.fullhdfilmizlesene.now/minx/ftjs.1786843931.js:0
[  914457ms] [LOG] %c JSHandle@node @ https://www.fullhdfilmizlesene.now/minx/ftjs.1786843931.js:0
[  914955ms] [LOG] %c JSHandle@node @ https://www.fullhdfilmizlesene.now/minx/ftjs.1786843931.js:0
[  915455ms] [LOG] %c JSHandle@node @ https://www.fullhdfilmizlesene.now/minx/ftjs.1786843931.js:0
[  915954ms] [LOG] %c JSHandle@node @ https://www.fullhdfilmizlesene.now/minx/ftjs.1786843931.js:0
[  916454ms] [LOG] %c JSHandle@node @ https://www.fullhdfilmizlesene.now/minx/ftjs.1786843931.js:0
[  916954ms] [LOG] %c JSHandle@node @ https://www.fullhdfilmizlesene.now/minx/ftjs.1786843931.js:0
[  917452ms] [LOG] %c JSHandle@node @ https://www.fullhdfilmizlesene.now/minx/ftjs.1786843931.js:0
[  917952ms] [LOG] %c JSHandle@node @ https://www.fullhdfilmizlesene.now/minx/ftjs.1786843931.js:0
[  918450ms] [LOG] %c JSHandle@node @ https://www.fullhdfilmizlesene.now/minx/ftjs.1786843931.js:0
[  918952ms] [LOG] %c JSHandle@node @ https://www.fullhdfilmizlesene.now/minx/ftjs.1786843931.js:0
[  919452ms] [LOG] %c JSHandle@node @ https://www.fullhdfilmizlesene.now/minx/ftjs.1786843931.js:0
[  919953ms] [LOG] %c JSHandle@node @ https://www.fullhdfilmizlesene.now/minx/ftjs.1786843931.js:0
[  920463ms] [LOG] %c JSHandle@node @ https://www.fullhdfilmizlesene.now/minx/ftjs.1786843931.js:0
[  920963ms] [LOG] %c JSHandle@node @ https://www.fullhdfilmizlesene.now/minx/ftjs.1786843931.js:0
[  921463ms] [LOG] %c JSHandle@node @ https://www.fullhdfilmizlesene.now/minx/ftjs.1786843931.js:0
[  921959ms] [LOG] %c JSHandle@node @ https://www.fullhdfilmizlesene.now/minx/ftjs.1786843931.js:0
[  922454ms] [LOG] %c JSHandle@node @ https://www.fullhdfilmizlesene.now/minx/ftjs.1786843931.js:0
[  922952ms] [LOG] %c JSHandle@node @ https://www.fullhdfilmizlesene.now/minx/ftjs.1786843931.js:0
[  923451ms] [LOG] %c JSHandle@node @ https://www.fullhdfilmizlesene.now/minx/ftjs.1786843931.js:0
[  923963ms] [LOG] %c JSHandle@node @ https://www.fullhdfilmizlesene.now/minx/ftjs.1786843931.js:0
[  924449ms] [LOG] %c JSHandle@node @ https://www.fullhdfilmizlesene.now/minx/ftjs.1786843931.js:0
[  924960ms] [LOG] %c JSHandle@node @ https://www.fullhdfilmizlesene.now/minx/ftjs.1786843931.js:0
[  925461ms] [LOG] %c JSHandle@node @ https://www.fullhdfilmizlesene.now/minx/ftjs.1786843931.js:0
[  925963ms] [LOG] %c JSHandle@node @ https://www.fullhdfilmizlesene.now/minx/ftjs.1786843931.js:0
[  926459ms] [LOG] %c JSHandle@node @ https://www.fullhdfilmizlesene.now/minx/ftjs.1786843931.js:0
[  926957ms] [LOG] %c JSHandle@node @ https://www.fullhdfilmizlesene.now/minx/ftjs.1786843931.js:0
[  927452ms] [LOG] %c JSHandle@node @ https://www.fullhdfilmizlesene.now/minx/ftjs.1786843931.js:0
[  927952ms] [LOG] %c JSHandle@node @ https://www.fullhdfilmizlesene.now/minx/ftjs.1786843931.js:0
[  928463ms] [LOG] %c JSHandle@node @ https://www.fullhdfilmizlesene.now/minx/ftjs.1786843931.js:0
[  928950ms] [LOG] %c JSHandle@node @ https://www.fullhdfilmizlesene.now/minx/ftjs.1786843931.js:0
[  929461ms] [LOG] %c JSHandle@node @ https://www.fullhdfilmizlesene.now/minx/ftjs.1786843931.js:0
[  929957ms] [LOG] %c JSHandle@node @ https://www.fullhdfilmizlesene.now/minx/ftjs.1786843931.js:0
[  930455ms] [LOG] %c JSHandle@node @ https://www.fullhdfilmizlesene.now/minx/ftjs.1786843931.js:0
[  930956ms] [LOG] %c JSHandle@node @ https://www.fullhdfilmizlesene.now/minx/ftjs.1786843931.js:0
[  931452ms] [LOG] %c JSHandle@node @ https://www.fullhdfilmizlesene.now/minx/ftjs.1786843931.js:0
[  931951ms] [LOG] %c JSHandle@node @ https://www.fullhdfilmizlesene.now/minx/ftjs.1786843931.js:0
[  932462ms] [LOG] %c JSHandle@node @ https://www.fullhdfilmizlesene.now/minx/ftjs.1786843931.js:0
[  932957ms] [LOG] %c JSHandle@node @ https://www.fullhdfilmizlesene.now/minx/ftjs.1786843931.js:0
[  933453ms] [LOG] %c JSHandle@node @ https://www.fullhdfilmizlesene.now/minx/ftjs.1786843931.js:0
[  933952ms] [LOG] %c JSHandle@node @ https://www.fullhdfilmizlesene.now/minx/ftjs.1786843931.js:0
[  934454ms] [LOG] %c JSHandle@node @ https://www.fullhdfilmizlesene.now/minx/ftjs.1786843931.js:0
[  934952ms] [LOG] %c JSHandle@node @ https://www.fullhdfilmizlesene.now/minx/ftjs.1786843931.js:0
[  935459ms] [LOG] %c JSHandle@node @ https://www.fullhdfilmizlesene.now/minx/ftjs.1786843931.js:0
[  935956ms] [LOG] %c JSHandle@node @ https://www.fullhdfilmizlesene.now/minx/ftjs.1786843931.js:0
[  936453ms] [LOG] %c JSHandle@node @ https://www.fullhdfilmizlesene.now/minx/ftjs.1786843931.js:0
[  936953ms] [LOG] %c JSHandle@node @ https://www.fullhdfilmizlesene.now/minx/ftjs.1786843931.js:0
[  937452ms] [LOG] %c JSHandle@node @ https://www.fullhdfilmizlesene.now/minx/ftjs.1786843931.js:0
[  937964ms] [LOG] %c JSHandle@node @ https://www.fullhdfilmizlesene.now/minx/ftjs.1786843931.js:0
[  938461ms] [LOG] %c JSHandle@node @ https://www.fullhdfilmizlesene.now/minx/ftjs.1786843931.js:0
[  938958ms] [LOG] %c JSHandle@node @ https://www.fullhdfilmizlesene.now/minx/ftjs.1786843931.js:0
[  939454ms] [LOG] %c JSHandle@node @ https://www.fullhdfilmizlesene.now/minx/ftjs.1786843931.js:0
[  939956ms] [LOG] %c JSHandle@node @ https://www.fullhdfilmizlesene.now/minx/ftjs.1786843931.js:0
[  940457ms] [LOG] %c JSHandle@node @ https://www.fullhdfilmizlesene.now/minx/ftjs.1786843931.js:0
[  940953ms] [LOG] %c JSHandle@node @ https://www.fullhdfilmizlesene.now/minx/ftjs.1786843931.js:0
[  941454ms] [LOG] %c JSHandle@node @ https://www.fullhdfilmizlesene.now/minx/ftjs.1786843931.js:0
[  941957ms] [LOG] %c JSHandle@node @ https://www.fullhdfilmizlesene.now/minx/ftjs.1786843931.js:0
[  942456ms] [LOG] %c JSHandle@node @ https://www.fullhdfilmizlesene.now/minx/ftjs.1786843931.js:0
[  942950ms] [LOG] %c JSHandle@node @ https://www.fullhdfilmizlesene.now/minx/ftjs.1786843931.js:0
[  943454ms] [LOG] %c JSHandle@node @ https://www.fullhdfilmizlesene.now/minx/ftjs.1786843931.js:0
[  943951ms] [LOG] %c JSHandle@node @ https://www.fullhdfilmizlesene.now/minx/ftjs.1786843931.js:0
[  944461ms] [LOG] %c JSHandle@node @ https://www.fullhdfilmizlesene.now/minx/ftjs.1786843931.js:0
[  944959ms] [LOG] %c JSHandle@node @ https://www.fullhdfilmizlesene.now/minx/ftjs.1786843931.js:0
[  945461ms] [LOG] %c JSHandle@node @ https://www.fullhdfilmizlesene.now/minx/ftjs.1786843931.js:0
[  945959ms] [LOG] %c JSHandle@node @ https://www.fullhdfilmizlesene.now/minx/ftjs.1786843931.js:0
[  946458ms] [LOG] %c JSHandle@node @ https://www.fullhdfilmizlesene.now/minx/ftjs.1786843931.js:0
[  946958ms] [LOG] %c JSHandle@node @ https://www.fullhdfilmizlesene.now/minx/ftjs.1786843931.js:0
[  947456ms] [LOG] %c JSHandle@node @ https://www.fullhdfilmizlesene.now/minx/ftjs.1786843931.js:0
[  947952ms] [LOG] %c JSHandle@node @ https://www.fullhdfilmizlesene.now/minx/ftjs.1786843931.js:0
[  948463ms] [LOG] %c JSHandle@node @ https://www.fullhdfilmizlesene.now/minx/ftjs.1786843931.js:0
[  948952ms] [LOG] %c JSHandle@node @ https://www.fullhdfilmizlesene.now/minx/ftjs.1786843931.js:0
[  949453ms] [LOG] %c JSHandle@node @ https://www.fullhdfilmizlesene.now/minx/ftjs.1786843931.js:0
[  949952ms] [LOG] %c JSHandle@node @ https://www.fullhdfilmizlesene.now/minx/ftjs.1786843931.js:0
[  950449ms] [LOG] %c JSHandle@node @ https://www.fullhdfilmizlesene.now/minx/ftjs.1786843931.js:0
[  950961ms] [LOG] %c JSHandle@node @ https://www.fullhdfilmizlesene.now/minx/ftjs.1786843931.js:0
[  951462ms] [LOG] %c JSHandle@node @ https://www.fullhdfilmizlesene.now/minx/ftjs.1786843931.js:0
[  951958ms] [LOG] %c JSHandle@node @ https://www.fullhdfilmizlesene.now/minx/ftjs.1786843931.js:0
[  952458ms] [LOG] %c JSHandle@node @ https://www.fullhdfilmizlesene.now/minx/ftjs.1786843931.js:0
[  952955ms] [LOG] %c JSHandle@node @ https://www.fullhdfilmizlesene.now/minx/ftjs.1786843931.js:0
[  953452ms] [LOG] %c JSHandle@node @ https://www.fullhdfilmizlesene.now/minx/ftjs.1786843931.js:0
[  953950ms] [LOG] %c JSHandle@node @ https://www.fullhdfilmizlesene.now/minx/ftjs.1786843931.js:0
[  954463ms] [LOG] %c JSHandle@node @ https://www.fullhdfilmizlesene.now/minx/ftjs.1786843931.js:0
[  954959ms] [LOG] %c JSHandle@node @ https://www.fullhdfilmizlesene.now/minx/ftjs.1786843931.js:0
[  955458ms] [LOG] %c JSHandle@node @ https://www.fullhdfilmizlesene.now/minx/ftjs.1786843931.js:0
[  955955ms] [LOG] %c JSHandle@node @ https://www.fullhdfilmizlesene.now/minx/ftjs.1786843931.js:0
[  956452ms] [LOG] %c JSHandle@node @ https://www.fullhdfilmizlesene.now/minx/ftjs.1786843931.js:0
[  956951ms] [LOG] %c JSHandle@node @ https://www.fullhdfilmizlesene.now/minx/ftjs.1786843931.js:0
[  957452ms] [LOG] %c JSHandle@node @ https://www.fullhdfilmizlesene.now/minx/ftjs.1786843931.js:0
[  957950ms] [LOG] %c JSHandle@node @ https://www.fullhdfilmizlesene.now/minx/ftjs.1786843931.js:0
[  958448ms] [LOG] %c JSHandle@node @ https://www.fullhdfilmizlesene.now/minx/ftjs.1786843931.js:0
[  958963ms] [LOG] %c JSHandle@node @ https://www.fullhdfilmizlesene.now/minx/ftjs.1786843931.js:0
[  959463ms] [LOG] %c JSHandle@node @ https://www.fullhdfilmizlesene.now/minx/ftjs.1786843931.js:0
[  959963ms] [LOG] %c JSHandle@node @ https://www.fullhdfilmizlesene.now/minx/ftjs.1786843931.js:0
[  960450ms] [LOG] %c JSHandle@node @ https://www.fullhdfilmizlesene.now/minx/ftjs.1786843931.js:0
[  960961ms] [LOG] %c JSHandle@node @ https://www.fullhdfilmizlesene.now/minx/ftjs.1786843931.js:0
[  961459ms] [LOG] %c JSHandle@node @ https://www.fullhdfilmizlesene.now/minx/ftjs.1786843931.js:0
[  961961ms] [LOG] %c JSHandle@node @ https://www.fullhdfilmizlesene.now/minx/ftjs.1786843931.js:0
[  962459ms] [LOG] %c JSHandle@node @ https://www.fullhdfilmizlesene.now/minx/ftjs.1786843931.js:0
[  962955ms] [LOG] %c JSHandle@node @ https://www.fullhdfilmizlesene.now/minx/ftjs.1786843931.js:0
[  963454ms] [LOG] %c JSHandle@node @ https://www.fullhdfilmizlesene.now/minx/ftjs.1786843931.js:0
[  963951ms] [LOG] %c JSHandle@node @ https://www.fullhdfilmizlesene.now/minx/ftjs.1786843931.js:0
[  964450ms] [LOG] %c JSHandle@node @ https://www.fullhdfilmizlesene.now/minx/ftjs.1786843931.js:0
[  964951ms] [LOG] %c JSHandle@node @ https://www.fullhdfilmizlesene.now/minx/ftjs.1786843931.js:0
[  965463ms] [LOG] %c JSHandle@node @ https://www.fullhdfilmizlesene.now/minx/ftjs.1786843931.js:0
[  965959ms] [LOG] %c JSHandle@node @ https://www.fullhdfilmizlesene.now/minx/ftjs.1786843931.js:0
[  966458ms] [LOG] %c JSHandle@node @ https://www.fullhdfilmizlesene.now/minx/ftjs.1786843931.js:0
[  966954ms] [LOG] %c JSHandle@node @ https://www.fullhdfilmizlesene.now/minx/ftjs.1786843931.js:0
[  967454ms] [LOG] %c JSHandle@node @ https://www.fullhdfilmizlesene.now/minx/ftjs.1786843931.js:0
[  967956ms] [LOG] %c JSHandle@node @ https://www.fullhdfilmizlesene.now/minx/ftjs.1786843931.js:0
[  968457ms] [LOG] %c JSHandle@node @ https://www.fullhdfilmizlesene.now/minx/ftjs.1786843931.js:0
[  968952ms] [LOG] %c JSHandle@node @ https://www.fullhdfilmizlesene.now/minx/ftjs.1786843931.js:0
[  969462ms] [LOG] %c JSHandle@node @ https://www.fullhdfilmizlesene.now/minx/ftjs.1786843931.js:0
[  969963ms] [LOG] %c JSHandle@node @ https://www.fullhdfilmizlesene.now/minx/ftjs.1786843931.js:0
[  970461ms] [LOG] %c JSHandle@node @ https://www.fullhdfilmizlesene.now/minx/ftjs.1786843931.js:0
[  970959ms] [LOG] %c JSHandle@node @ https://www.fullhdfilmizlesene.now/minx/ftjs.1786843931.js:0
[  971456ms] [LOG] %c JSHandle@node @ https://www.fullhdfilmizlesene.now/minx/ftjs.1786843931.js:0
[  971956ms] [LOG] %c JSHandle@node @ https://www.fullhdfilmizlesene.now/minx/ftjs.1786843931.js:0
[  972452ms] [LOG] %c JSHandle@node @ https://www.fullhdfilmizlesene.now/minx/ftjs.1786843931.js:0
[  972950ms] [LOG] %c JSHandle@node @ https://www.fullhdfilmizlesene.now/minx/ftjs.1786843931.js:0
[  973460ms] [LOG] %c JSHandle@node @ https://www.fullhdfilmizlesene.now/minx/ftjs.1786843931.js:0
[  973959ms] [LOG] %c JSHandle@node @ https://www.fullhdfilmizlesene.now/minx/ftjs.1786843931.js:0
[  974460ms] [LOG] %c JSHandle@node @ https://www.fullhdfilmizlesene.now/minx/ftjs.1786843931.js:0
[  974956ms] [LOG] %c JSHandle@node @ https://www.fullhdfilmizlesene.now/minx/ftjs.1786843931.js:0
[  975450ms] [LOG] %c JSHandle@node @ https://www.fullhdfilmizlesene.now/minx/ftjs.1786843931.js:0
[  975963ms] [LOG] %c JSHandle@node @ https://www.fullhdfilmizlesene.now/minx/ftjs.1786843931.js:0
[  976462ms] [LOG] %c JSHandle@node @ https://www.fullhdfilmizlesene.now/minx/ftjs.1786843931.js:0
[  976959ms] [LOG] %c JSHandle@node @ https://www.fullhdfilmizlesene.now/minx/ftjs.1786843931.js:0
[  977456ms] [LOG] %c JSHandle@node @ https://www.fullhdfilmizlesene.now/minx/ftjs.1786843931.js:0
[  977953ms] [LOG] %c JSHandle@node @ https://www.fullhdfilmizlesene.now/minx/ftjs.1786843931.js:0
[  978451ms] [LOG] %c JSHandle@node @ https://www.fullhdfilmizlesene.now/minx/ftjs.1786843931.js:0
[  978953ms] [LOG] %c JSHandle@node @ https://www.fullhdfilmizlesene.now/minx/ftjs.1786843931.js:0
[  979451ms] [LOG] %c JSHandle@node @ https://www.fullhdfilmizlesene.now/minx/ftjs.1786843931.js:0
[  979962ms] [LOG] %c JSHandle@node @ https://www.fullhdfilmizlesene.now/minx/ftjs.1786843931.js:0
[  980462ms] [LOG] %c JSHandle@node @ https://www.fullhdfilmizlesene.now/minx/ftjs.1786843931.js:0
[  980958ms] [LOG] %c JSHandle@node @ https://www.fullhdfilmizlesene.now/minx/ftjs.1786843931.js:0
[  981456ms] [LOG] %c JSHandle@node @ https://www.fullhdfilmizlesene.now/minx/ftjs.1786843931.js:0
[  981958ms] [LOG] %c JSHandle@node @ https://www.fullhdfilmizlesene.now/minx/ftjs.1786843931.js:0
[  982456ms] [LOG] %c JSHandle@node @ https://www.fullhdfilmizlesene.now/minx/ftjs.1786843931.js:0
[  982955ms] [LOG] %c JSHandle@node @ https://www.fullhdfilmizlesene.now/minx/ftjs.1786843931.js:0
[  983450ms] [LOG] %c JSHandle@node @ https://www.fullhdfilmizlesene.now/minx/ftjs.1786843931.js:0
[  983949ms] [LOG] %c JSHandle@node @ https://www.fullhdfilmizlesene.now/minx/ftjs.1786843931.js:0
[  984449ms] [LOG] %c JSHandle@node @ https://www.fullhdfilmizlesene.now/minx/ftjs.1786843931.js:0
[  984960ms] [LOG] %c JSHandle@node @ https://www.fullhdfilmizlesene.now/minx/ftjs.1786843931.js:0
[  985458ms] [LOG] %c JSHandle@node @ https://www.fullhdfilmizlesene.now/minx/ftjs.1786843931.js:0
[  985956ms] [LOG] %c JSHandle@node @ https://www.fullhdfilmizlesene.now/minx/ftjs.1786843931.js:0
[  986457ms] [LOG] %c JSHandle@node @ https://www.fullhdfilmizlesene.now/minx/ftjs.1786843931.js:0
[  986958ms] [LOG] %c JSHandle@node @ https://www.fullhdfilmizlesene.now/minx/ftjs.1786843931.js:0
[  987457ms] [LOG] %c JSHandle@node @ https://www.fullhdfilmizlesene.now/minx/ftjs.1786843931.js:0
[  987959ms] [LOG] %c JSHandle@node @ https://www.fullhdfilmizlesene.now/minx/ftjs.1786843931.js:0
[  988460ms] [LOG] %c JSHandle@node @ https://www.fullhdfilmizlesene.now/minx/ftjs.1786843931.js:0
[  988960ms] [LOG] %c JSHandle@node @ https://www.fullhdfilmizlesene.now/minx/ftjs.1786843931.js:0
[  989460ms] [LOG] %c JSHandle@node @ https://www.fullhdfilmizlesene.now/minx/ftjs.1786843931.js:0
[  989959ms] [LOG] %c JSHandle@node @ https://www.fullhdfilmizlesene.now/minx/ftjs.1786843931.js:0
[  990459ms] [LOG] %c JSHandle@node @ https://www.fullhdfilmizlesene.now/minx/ftjs.1786843931.js:0
[  990956ms] [LOG] %c JSHandle@node @ https://www.fullhdfilmizlesene.now/minx/ftjs.1786843931.js:0
[  991453ms] [LOG] %c JSHandle@node @ https://www.fullhdfilmizlesene.now/minx/ftjs.1786843931.js:0
[  991952ms] [LOG] %c JSHandle@node @ https://www.fullhdfilmizlesene.now/minx/ftjs.1786843931.js:0
[  992449ms] [LOG] %c JSHandle@node @ https://www.fullhdfilmizlesene.now/minx/ftjs.1786843931.js:0
[  992950ms] [LOG] %c JSHandle@node @ https://www.fullhdfilmizlesene.now/minx/ftjs.1786843931.js:0
[  993451ms] [LOG] %c JSHandle@node @ https://www.fullhdfilmizlesene.now/minx/ftjs.1786843931.js:0
[  993950ms] [LOG] %c JSHandle@node @ https://www.fullhdfilmizlesene.now/minx/ftjs.1786843931.js:0
[  994451ms] [LOG] %c JSHandle@node @ https://www.fullhdfilmizlesene.now/minx/ftjs.1786843931.js:0
[  994949ms] [LOG] %c JSHandle@node @ https://www.fullhdfilmizlesene.now/minx/ftjs.1786843931.js:0
[  995463ms] [LOG] %c JSHandle@node @ https://www.fullhdfilmizlesene.now/minx/ftjs.1786843931.js:0
[  995961ms] [LOG] %c JSHandle@node @ https://www.fullhdfilmizlesene.now/minx/ftjs.1786843931.js:0
[  996461ms] [LOG] %c JSHandle@node @ https://www.fullhdfilmizlesene.now/minx/ftjs.1786843931.js:0
[  996963ms] [LOG] %c JSHandle@node @ https://www.fullhdfilmizlesene.now/minx/ftjs.1786843931.js:0
[  997456ms] [LOG] %c JSHandle@node @ https://www.fullhdfilmizlesene.now/minx/ftjs.1786843931.js:0
[  997953ms] [LOG] %c JSHandle@node @ https://www.fullhdfilmizlesene.now/minx/ftjs.1786843931.js:0
[  998456ms] [LOG] %c JSHandle@node @ https://www.fullhdfilmizlesene.now/minx/ftjs.1786843931.js:0
[  998954ms] [LOG] %c JSHandle@node @ https://www.fullhdfilmizlesene.now/minx/ftjs.1786843931.js:0
[  999451ms] [LOG] %c JSHandle@node @ https://www.fullhdfilmizlesene.now/minx/ftjs.1786843931.js:0
[  999952ms] [LOG] %c JSHandle@node @ https://www.fullhdfilmizlesene.now/minx/ftjs.1786843931.js:0
[ 1000449ms] [LOG] %c JSHandle@node @ https://www.fullhdfilmizlesene.now/minx/ftjs.1786843931.js:0
[ 1000950ms] [LOG] %c JSHandle@node @ https://www.fullhdfilmizlesene.now/minx/ftjs.1786843931.js:0
[ 1001453ms] [LOG] %c JSHandle@node @ https://www.fullhdfilmizlesene.now/minx/ftjs.1786843931.js:0
[ 1001954ms] [LOG] %c JSHandle@node @ https://www.fullhdfilmizlesene.now/minx/ftjs.1786843931.js:0
[ 1002449ms] [LOG] %c JSHandle@node @ https://www.fullhdfilmizlesene.now/minx/ftjs.1786843931.js:0
[ 1002952ms] [LOG] %c JSHandle@node @ https://www.fullhdfilmizlesene.now/minx/ftjs.1786843931.js:0
[ 1003455ms] [LOG] %c JSHandle@node @ https://www.fullhdfilmizlesene.now/minx/ftjs.1786843931.js:0
[ 1003953ms] [LOG] %c JSHandle@node @ https://www.fullhdfilmizlesene.now/minx/ftjs.1786843931.js:0
[ 1004462ms] [LOG] %c JSHandle@node @ https://www.fullhdfilmizlesene.now/minx/ftjs.1786843931.js:0
[ 1004951ms] [LOG] %c JSHandle@node @ https://www.fullhdfilmizlesene.now/minx/ftjs.1786843931.js:0
[ 1005459ms] [LOG] %c JSHandle@node @ https://www.fullhdfilmizlesene.now/minx/ftjs.1786843931.js:0
[ 1005956ms] [LOG] %c JSHandle@node @ https://www.fullhdfilmizlesene.now/minx/ftjs.1786843931.js:0
[ 1006454ms] [LOG] %c JSHandle@node @ https://www.fullhdfilmizlesene.now/minx/ftjs.1786843931.js:0
[ 1006954ms] [LOG] %c JSHandle@node @ https://www.fullhdfilmizlesene.now/minx/ftjs.1786843931.js:0
[ 1007454ms] [LOG] %c JSHandle@node @ https://www.fullhdfilmizlesene.now/minx/ftjs.1786843931.js:0
[ 1007953ms] [LOG] %c JSHandle@node @ https://www.fullhdfilmizlesene.now/minx/ftjs.1786843931.js:0
[ 1008449ms] [LOG] %c JSHandle@node @ https://www.fullhdfilmizlesene.now/minx/ftjs.1786843931.js:0
[ 1008957ms] [LOG] %c JSHandle@node @ https://www.fullhdfilmizlesene.now/minx/ftjs.1786843931.js:0
[ 1009455ms] [LOG] %c JSHandle@node @ https://www.fullhdfilmizlesene.now/minx/ftjs.1786843931.js:0
[ 1009956ms] [LOG] %c JSHandle@node @ https://www.fullhdfilmizlesene.now/minx/ftjs.1786843931.js:0
[ 1010449ms] [LOG] %c JSHandle@node @ https://www.fullhdfilmizlesene.now/minx/ftjs.1786843931.js:0
[ 1010956ms] [LOG] %c JSHandle@node @ https://www.fullhdfilmizlesene.now/minx/ftjs.1786843931.js:0
[ 1011454ms] [LOG] %c JSHandle@node @ https://www.fullhdfilmizlesene.now/minx/ftjs.1786843931.js:0
[ 1011956ms] [LOG] %c JSHandle@node @ https://www.fullhdfilmizlesene.now/minx/ftjs.1786843931.js:0
[ 1012457ms] [LOG] %c JSHandle@node @ https://www.fullhdfilmizlesene.now/minx/ftjs.1786843931.js:0
[ 1012956ms] [LOG] %c JSHandle@node @ https://www.fullhdfilmizlesene.now/minx/ftjs.1786843931.js:0
[ 1013459ms] [LOG] %c JSHandle@node @ https://www.fullhdfilmizlesene.now/minx/ftjs.1786843931.js:0
[ 1013960ms] [LOG] %c JSHandle@node @ https://www.fullhdfilmizlesene.now/minx/ftjs.1786843931.js:0
[ 1014459ms] [LOG] %c JSHandle@node @ https://www.fullhdfilmizlesene.now/minx/ftjs.1786843931.js:0
[ 1014951ms] [LOG] %c JSHandle@node @ https://www.fullhdfilmizlesene.now/minx/ftjs.1786843931.js:0
[ 1015450ms] [LOG] %c JSHandle@node @ https://www.fullhdfilmizlesene.now/minx/ftjs.1786843931.js:0
[ 1015950ms] [LOG] %c JSHandle@node @ https://www.fullhdfilmizlesene.now/minx/ftjs.1786843931.js:0
[ 1016449ms] [LOG] %c JSHandle@node @ https://www.fullhdfilmizlesene.now/minx/ftjs.1786843931.js:0
[ 1016950ms] [LOG] %c JSHandle@node @ https://www.fullhdfilmizlesene.now/minx/ftjs.1786843931.js:0
[ 1017463ms] [LOG] %c JSHandle@node @ https://www.fullhdfilmizlesene.now/minx/ftjs.1786843931.js:0
[ 1017964ms] [LOG] %c JSHandle@node @ https://www.fullhdfilmizlesene.now/minx/ftjs.1786843931.js:0
[ 1018463ms] [LOG] %c JSHandle@node @ https://www.fullhdfilmizlesene.now/minx/ftjs.1786843931.js:0
[ 1018963ms] [LOG] %c JSHandle@node @ https://www.fullhdfilmizlesene.now/minx/ftjs.1786843931.js:0
[ 1019463ms] [LOG] %c JSHandle@node @ https://www.fullhdfilmizlesene.now/minx/ftjs.1786843931.js:0
[ 1019960ms] [LOG] %c JSHandle@node @ https://www.fullhdfilmizlesene.now/minx/ftjs.1786843931.js:0
[ 1020459ms] [LOG] %c JSHandle@node @ https://www.fullhdfilmizlesene.now/minx/ftjs.1786843931.js:0
[ 1020957ms] [LOG] %c JSHandle@node @ https://www.fullhdfilmizlesene.now/minx/ftjs.1786843931.js:0
[ 1021453ms] [LOG] %c JSHandle@node @ https://www.fullhdfilmizlesene.now/minx/ftjs.1786843931.js:0
[ 1021952ms] [LOG] %c JSHandle@node @ https://www.fullhdfilmizlesene.now/minx/ftjs.1786843931.js:0
[ 1022450ms] [LOG] %c JSHandle@node @ https://www.fullhdfilmizlesene.now/minx/ftjs.1786843931.js:0
[ 1022963ms] [LOG] %c JSHandle@node @ https://www.fullhdfilmizlesene.now/minx/ftjs.1786843931.js:0
[ 1023460ms] [LOG] %c JSHandle@node @ https://www.fullhdfilmizlesene.now/minx/ftjs.1786843931.js:0
[ 1023958ms] [LOG] %c JSHandle@node @ https://www.fullhdfilmizlesene.now/minx/ftjs.1786843931.js:0
[ 1024459ms] [LOG] %c JSHandle@node @ https://www.fullhdfilmizlesene.now/minx/ftjs.1786843931.js:0
[ 1024951ms] [LOG] %c JSHandle@node @ https://www.fullhdfilmizlesene.now/minx/ftjs.1786843931.js:0
[ 1025453ms] [LOG] %c JSHandle@node @ https://www.fullhdfilmizlesene.now/minx/ftjs.1786843931.js:0
[ 1025950ms] [LOG] %c JSHandle@node @ https://www.fullhdfilmizlesene.now/minx/ftjs.1786843931.js:0
[ 1026463ms] [LOG] %c JSHandle@node @ https://www.fullhdfilmizlesene.now/minx/ftjs.1786843931.js:0
[ 1026963ms] [LOG] %c JSHandle@node @ https://www.fullhdfilmizlesene.now/minx/ftjs.1786843931.js:0
[ 1027462ms] [LOG] %c JSHandle@node @ https://www.fullhdfilmizlesene.now/minx/ftjs.1786843931.js:0
[ 1027960ms] [LOG] %c JSHandle@node @ https://www.fullhdfilmizlesene.now/minx/ftjs.1786843931.js:0
[ 1028463ms] [LOG] %c JSHandle@node @ https://www.fullhdfilmizlesene.now/minx/ftjs.1786843931.js:0
[ 1028959ms] [LOG] %c JSHandle@node @ https://www.fullhdfilmizlesene.now/minx/ftjs.1786843931.js:0
[ 1029460ms] [LOG] %c JSHandle@node @ https://www.fullhdfilmizlesene.now/minx/ftjs.1786843931.js:0
[ 1029958ms] [LOG] %c JSHandle@node @ https://www.fullhdfilmizlesene.now/minx/ftjs.1786843931.js:0
[ 1030461ms] [LOG] %c JSHandle@node @ https://www.fullhdfilmizlesene.now/minx/ftjs.1786843931.js:0
[ 1030962ms] [LOG] %c JSHandle@node @ https://www.fullhdfilmizlesene.now/minx/ftjs.1786843931.js:0
[ 1031459ms] [LOG] %c JSHandle@node @ https://www.fullhdfilmizlesene.now/minx/ftjs.1786843931.js:0
[ 1031959ms] [LOG] %c JSHandle@node @ https://www.fullhdfilmizlesene.now/minx/ftjs.1786843931.js:0
[ 1032458ms] [LOG] %c JSHandle@node @ https://www.fullhdfilmizlesene.now/minx/ftjs.1786843931.js:0
[ 1032956ms] [LOG] %c JSHandle@node @ https://www.fullhdfilmizlesene.now/minx/ftjs.1786843931.js:0
[ 1033448ms] [LOG] %c JSHandle@node @ https://www.fullhdfilmizlesene.now/minx/ftjs.1786843931.js:0
[ 1033961ms] [LOG] %c JSHandle@node @ https://www.fullhdfilmizlesene.now/minx/ftjs.1786843931.js:0
[ 1034463ms] [LOG] %c JSHandle@node @ https://www.fullhdfilmizlesene.now/minx/ftjs.1786843931.js:0
[ 1034949ms] [LOG] %c JSHandle@node @ https://www.fullhdfilmizlesene.now/minx/ftjs.1786843931.js:0
[ 1035461ms] [LOG] %c JSHandle@node @ https://www.fullhdfilmizlesene.now/minx/ftjs.1786843931.js:0
[ 1035956ms] [LOG] %c JSHandle@node @ https://www.fullhdfilmizlesene.now/minx/ftjs.1786843931.js:0
[ 1036453ms] [LOG] %c JSHandle@node @ https://www.fullhdfilmizlesene.now/minx/ftjs.1786843931.js:0
[ 1036952ms] [LOG] %c JSHandle@node @ https://www.fullhdfilmizlesene.now/minx/ftjs.1786843931.js:0
[ 1037452ms] [LOG] %c JSHandle@node @ https://www.fullhdfilmizlesene.now/minx/ftjs.1786843931.js:0
[ 1037953ms] [LOG] %c JSHandle@node @ https://www.fullhdfilmizlesene.now/minx/ftjs.1786843931.js:0
[ 1038452ms] [LOG] %c JSHandle@node @ https://www.fullhdfilmizlesene.now/minx/ftjs.1786843931.js:0
[ 1038951ms] [LOG] %c JSHandle@node @ https://www.fullhdfilmizlesene.now/minx/ftjs.1786843931.js:0
[ 1039452ms] [LOG] %c JSHandle@node @ https://www.fullhdfilmizlesene.now/minx/ftjs.1786843931.js:0
[ 1039953ms] [LOG] %c JSHandle@node @ https://www.fullhdfilmizlesene.now/minx/ftjs.1786843931.js:0
[ 1040449ms] [LOG] %c JSHandle@node @ https://www.fullhdfilmizlesene.now/minx/ftjs.1786843931.js:0
[ 1040949ms] [LOG] %c JSHandle@node @ https://www.fullhdfilmizlesene.now/minx/ftjs.1786843931.js:0
[ 1041462ms] [LOG] %c JSHandle@node @ https://www.fullhdfilmizlesene.now/minx/ftjs.1786843931.js:0
[ 1041950ms] [LOG] %c JSHandle@node @ https://www.fullhdfilmizlesene.now/minx/ftjs.1786843931.js:0
[ 1042448ms] [LOG] %c JSHandle@node @ https://www.fullhdfilmizlesene.now/minx/ftjs.1786843931.js:0
[ 1042959ms] [LOG] %c JSHandle@node @ https://www.fullhdfilmizlesene.now/minx/ftjs.1786843931.js:0
[ 1043460ms] [LOG] %c JSHandle@node @ https://www.fullhdfilmizlesene.now/minx/ftjs.1786843931.js:0
[ 1043957ms] [LOG] %c JSHandle@node @ https://www.fullhdfilmizlesene.now/minx/ftjs.1786843931.js:0
[ 1044456ms] [LOG] %c JSHandle@node @ https://www.fullhdfilmizlesene.now/minx/ftjs.1786843931.js:0
[ 1044951ms] [LOG] %c JSHandle@node @ https://www.fullhdfilmizlesene.now/minx/ftjs.1786843931.js:0
[ 1045461ms] [LOG] %c JSHandle@node @ https://www.fullhdfilmizlesene.now/minx/ftjs.1786843931.js:0
[ 1045948ms] [LOG] %c JSHandle@node @ https://www.fullhdfilmizlesene.now/minx/ftjs.1786843931.js:0
[ 1046462ms] [LOG] %c JSHandle@node @ https://www.fullhdfilmizlesene.now/minx/ftjs.1786843931.js:0
[ 1046958ms] [LOG] %c JSHandle@node @ https://www.fullhdfilmizlesene.now/minx/ftjs.1786843931.js:0
[ 1047457ms] [LOG] %c JSHandle@node @ https://www.fullhdfilmizlesene.now/minx/ftjs.1786843931.js:0
[ 1047956ms] [LOG] %c JSHandle@node @ https://www.fullhdfilmizlesene.now/minx/ftjs.1786843931.js:0
[ 1048457ms] [LOG] %c JSHandle@node @ https://www.fullhdfilmizlesene.now/minx/ftjs.1786843931.js:0
[ 1048954ms] [LOG] %c JSHandle@node @ https://www.fullhdfilmizlesene.now/minx/ftjs.1786843931.js:0
[ 1049456ms] [LOG] %c JSHandle@node @ https://www.fullhdfilmizlesene.now/minx/ftjs.1786843931.js:0
[ 1049958ms] [LOG] %c JSHandle@node @ https://www.fullhdfilmizlesene.now/minx/ftjs.1786843931.js:0
[ 1050456ms] [LOG] %c JSHandle@node @ https://www.fullhdfilmizlesene.now/minx/ftjs.1786843931.js:0
[ 1050953ms] [LOG] %c JSHandle@node @ https://www.fullhdfilmizlesene.now/minx/ftjs.1786843931.js:0
[ 1051451ms] [LOG] %c JSHandle@node @ https://www.fullhdfilmizlesene.now/minx/ftjs.1786843931.js:0
[ 1051953ms] [LOG] %c JSHandle@node @ https://www.fullhdfilmizlesene.now/minx/ftjs.1786843931.js:0
[ 1052453ms] [LOG] %c JSHandle@node @ https://www.fullhdfilmizlesene.now/minx/ftjs.1786843931.js:0
[ 1052953ms] [LOG] %c JSHandle@node @ https://www.fullhdfilmizlesene.now/minx/ftjs.1786843931.js:0
[ 1053450ms] [LOG] %c JSHandle@node @ https://www.fullhdfilmizlesene.now/minx/ftjs.1786843931.js:0
[ 1053950ms] [LOG] %c JSHandle@node @ https://www.fullhdfilmizlesene.now/minx/ftjs.1786843931.js:0
[ 1054451ms] [LOG] %c JSHandle@node @ https://www.fullhdfilmizlesene.now/minx/ftjs.1786843931.js:0
[ 1054963ms] [LOG] %c JSHandle@node @ https://www.fullhdfilmizlesene.now/minx/ftjs.1786843931.js:0
[ 1055461ms] [LOG] %c JSHandle@node @ https://www.fullhdfilmizlesene.now/minx/ftjs.1786843931.js:0
[ 1055949ms] [LOG] %c JSHandle@node @ https://www.fullhdfilmizlesene.now/minx/ftjs.1786843931.js:0
[ 1056462ms] [LOG] %c JSHandle@node @ https://www.fullhdfilmizlesene.now/minx/ftjs.1786843931.js:0
[ 1056949ms] [LOG] %c JSHandle@node @ https://www.fullhdfilmizlesene.now/minx/ftjs.1786843931.js:0
[ 1057464ms] [LOG] %c JSHandle@node @ https://www.fullhdfilmizlesene.now/minx/ftjs.1786843931.js:0
[ 1057960ms] [LOG] %c JSHandle@node @ https://www.fullhdfilmizlesene.now/minx/ftjs.1786843931.js:0
[ 1058461ms] [LOG] %c JSHandle@node @ https://www.fullhdfilmizlesene.now/minx/ftjs.1786843931.js:0
[ 1058960ms] [LOG] %c JSHandle@node @ https://www.fullhdfilmizlesene.now/minx/ftjs.1786843931.js:0
[ 1059460ms] [LOG] %c JSHandle@node @ https://www.fullhdfilmizlesene.now/minx/ftjs.1786843931.js:0
[ 1059960ms] [LOG] %c JSHandle@node @ https://www.fullhdfilmizlesene.now/minx/ftjs.1786843931.js:0
[ 1060458ms] [LOG] %c JSHandle@node @ https://www.fullhdfilmizlesene.now/minx/ftjs.1786843931.js:0
[ 1060955ms] [LOG] %c JSHandle@node @ https://www.fullhdfilmizlesene.now/minx/ftjs.1786843931.js:0
[ 1061456ms] [LOG] %c JSHandle@node @ https://www.fullhdfilmizlesene.now/minx/ftjs.1786843931.js:0
[ 1061953ms] [LOG] %c JSHandle@node @ https://www.fullhdfilmizlesene.now/minx/ftjs.1786843931.js:0
[ 1062453ms] [LOG] %c JSHandle@node @ https://www.fullhdfilmizlesene.now/minx/ftjs.1786843931.js:0
[ 1062951ms] [LOG] %c JSHandle@node @ https://www.fullhdfilmizlesene.now/minx/ftjs.1786843931.js:0
[ 1063463ms] [LOG] %c JSHandle@node @ https://www.fullhdfilmizlesene.now/minx/ftjs.1786843931.js:0
[ 1063963ms] [LOG] %c JSHandle@node @ https://www.fullhdfilmizlesene.now/minx/ftjs.1786843931.js:0
[ 1064464ms] [LOG] %c JSHandle@node @ https://www.fullhdfilmizlesene.now/minx/ftjs.1786843931.js:0
[ 1064959ms] [LOG] %c JSHandle@node @ https://www.fullhdfilmizlesene.now/minx/ftjs.1786843931.js:0
[ 1065449ms] [LOG] %c JSHandle@node @ https://www.fullhdfilmizlesene.now/minx/ftjs.1786843931.js:0
[ 1065954ms] [LOG] %c JSHandle@node @ https://www.fullhdfilmizlesene.now/minx/ftjs.1786843931.js:0
[ 1066453ms] [LOG] %c JSHandle@node @ https://www.fullhdfilmizlesene.now/minx/ftjs.1786843931.js:0
[ 1066954ms] [LOG] %c JSHandle@node @ https://www.fullhdfilmizlesene.now/minx/ftjs.1786843931.js:0
[ 1067451ms] [LOG] %c JSHandle@node @ https://www.fullhdfilmizlesene.now/minx/ftjs.1786843931.js:0
[ 1067949ms] [LOG] %c JSHandle@node @ https://www.fullhdfilmizlesene.now/minx/ftjs.1786843931.js:0
[ 1068461ms] [LOG] %c JSHandle@node @ https://www.fullhdfilmizlesene.now/minx/ftjs.1786843931.js:0
[ 1068960ms] [LOG] %c JSHandle@node @ https://www.fullhdfilmizlesene.now/minx/ftjs.1786843931.js:0
[ 1069458ms] [LOG] %c JSHandle@node @ https://www.fullhdfilmizlesene.now/minx/ftjs.1786843931.js:0
[ 1069958ms] [LOG] %c JSHandle@node @ https://www.fullhdfilmizlesene.now/minx/ftjs.1786843931.js:0
[ 1070455ms] [LOG] %c JSHandle@node @ https://www.fullhdfilmizlesene.now/minx/ftjs.1786843931.js:0
[ 1070954ms] [LOG] %c JSHandle@node @ https://www.fullhdfilmizlesene.now/minx/ftjs.1786843931.js:0
[ 1071451ms] [LOG] %c JSHandle@node @ https://www.fullhdfilmizlesene.now/minx/ftjs.1786843931.js:0
[ 1071955ms] [LOG] %c JSHandle@node @ https://www.fullhdfilmizlesene.now/minx/ftjs.1786843931.js:0
[ 1072456ms] [LOG] %c JSHandle@node @ https://www.fullhdfilmizlesene.now/minx/ftjs.1786843931.js:0
[ 1072959ms] [LOG] %c JSHandle@node @ https://www.fullhdfilmizlesene.now/minx/ftjs.1786843931.js:0
[ 1073450ms] [LOG] %c JSHandle@node @ https://www.fullhdfilmizlesene.now/minx/ftjs.1786843931.js:0
[ 1073950ms] [LOG] %c JSHandle@node @ https://www.fullhdfilmizlesene.now/minx/ftjs.1786843931.js:0
[ 1074449ms] [LOG] %c JSHandle@node @ https://www.fullhdfilmizlesene.now/minx/ftjs.1786843931.js:0
[ 1074953ms] [LOG] %c JSHandle@node @ https://www.fullhdfilmizlesene.now/minx/ftjs.1786843931.js:0
[ 1075449ms] [LOG] %c JSHandle@node @ https://www.fullhdfilmizlesene.now/minx/ftjs.1786843931.js:0
[ 1075964ms] [LOG] %c JSHandle@node @ https://www.fullhdfilmizlesene.now/minx/ftjs.1786843931.js:0
[ 1076463ms] [LOG] %c JSHandle@node @ https://www.fullhdfilmizlesene.now/minx/ftjs.1786843931.js:0
[ 1076949ms] [LOG] %c JSHandle@node @ https://www.fullhdfilmizlesene.now/minx/ftjs.1786843931.js:0
[ 1077460ms] [LOG] %c JSHandle@node @ https://www.fullhdfilmizlesene.now/minx/ftjs.1786843931.js:0
[ 1077964ms] [LOG] %c JSHandle@node @ https://www.fullhdfilmizlesene.now/minx/ftjs.1786843931.js:0
[ 1078461ms] [LOG] %c JSHandle@node @ https://www.fullhdfilmizlesene.now/minx/ftjs.1786843931.js:0
[ 1078950ms] [LOG] %c JSHandle@node @ https://www.fullhdfilmizlesene.now/minx/ftjs.1786843931.js:0
[ 1079451ms] [LOG] %c JSHandle@node @ https://www.fullhdfilmizlesene.now/minx/ftjs.1786843931.js:0
[ 1079953ms] [LOG] %c JSHandle@node @ https://www.fullhdfilmizlesene.now/minx/ftjs.1786843931.js:0
[ 1080451ms] [LOG] %c JSHandle@node @ https://www.fullhdfilmizlesene.now/minx/ftjs.1786843931.js:0
[ 1080950ms] [LOG] %c JSHandle@node @ https://www.fullhdfilmizlesene.now/minx/ftjs.1786843931.js:0
[ 1081459ms] [LOG] %c JSHandle@node @ https://www.fullhdfilmizlesene.now/minx/ftjs.1786843931.js:0
[ 1081957ms] [LOG] %c JSHandle@node @ https://www.fullhdfilmizlesene.now/minx/ftjs.1786843931.js:0
[ 1082454ms] [LOG] %c JSHandle@node @ https://www.fullhdfilmizlesene.now/minx/ftjs.1786843931.js:0
[ 1082957ms] [LOG] %c JSHandle@node @ https://www.fullhdfilmizlesene.now/minx/ftjs.1786843931.js:0
[ 1083453ms] [LOG] %c JSHandle@node @ https://www.fullhdfilmizlesene.now/minx/ftjs.1786843931.js:0
[ 1083949ms] [LOG] %c JSHandle@node @ https://www.fullhdfilmizlesene.now/minx/ftjs.1786843931.js:0
[ 1084463ms] [LOG] %c JSHandle@node @ https://www.fullhdfilmizlesene.now/minx/ftjs.1786843931.js:0
[ 1084957ms] [LOG] %c JSHandle@node @ https://www.fullhdfilmizlesene.now/minx/ftjs.1786843931.js:0
[ 1085457ms] [LOG] %c JSHandle@node @ https://www.fullhdfilmizlesene.now/minx/ftjs.1786843931.js:0
[ 1085958ms] [LOG] %c JSHandle@node @ https://www.fullhdfilmizlesene.now/minx/ftjs.1786843931.js:0
[ 1086454ms] [LOG] %c JSHandle@node @ https://www.fullhdfilmizlesene.now/minx/ftjs.1786843931.js:0
[ 1086953ms] [LOG] %c JSHandle@node @ https://www.fullhdfilmizlesene.now/minx/ftjs.1786843931.js:0
[ 1087450ms] [LOG] %c JSHandle@node @ https://www.fullhdfilmizlesene.now/minx/ftjs.1786843931.js:0
[ 1087963ms] [LOG] %c JSHandle@node @ https://www.fullhdfilmizlesene.now/minx/ftjs.1786843931.js:0
[ 1088452ms] [LOG] %c JSHandle@node @ https://www.fullhdfilmizlesene.now/minx/ftjs.1786843931.js:0
[ 1088954ms] [LOG] %c JSHandle@node @ https://www.fullhdfilmizlesene.now/minx/ftjs.1786843931.js:0
[ 1089455ms] [LOG] %c JSHandle@node @ https://www.fullhdfilmizlesene.now/minx/ftjs.1786843931.js:0
[ 1089957ms] [LOG] %c JSHandle@node @ https://www.fullhdfilmizlesene.now/minx/ftjs.1786843931.js:0
[ 1090451ms] [LOG] %c JSHandle@node @ https://www.fullhdfilmizlesene.now/minx/ftjs.1786843931.js:0
[ 1090954ms] [LOG] %c JSHandle@node @ https://www.fullhdfilmizlesene.now/minx/ftjs.1786843931.js:0
[ 1091454ms] [LOG] %c JSHandle@node @ https://www.fullhdfilmizlesene.now/minx/ftjs.1786843931.js:0
[ 1091957ms] [LOG] %c JSHandle@node @ https://www.fullhdfilmizlesene.now/minx/ftjs.1786843931.js:0
[ 1092453ms] [LOG] %c JSHandle@node @ https://www.fullhdfilmizlesene.now/minx/ftjs.1786843931.js:0
[ 1092953ms] [LOG] %c JSHandle@node @ https://www.fullhdfilmizlesene.now/minx/ftjs.1786843931.js:0
[ 1093451ms] [LOG] %c JSHandle@node @ https://www.fullhdfilmizlesene.now/minx/ftjs.1786843931.js:0
[ 1093951ms] [LOG] %c JSHandle@node @ https://www.fullhdfilmizlesene.now/minx/ftjs.1786843931.js:0
[ 1094449ms] [LOG] %c JSHandle@node @ https://www.fullhdfilmizlesene.now/minx/ftjs.1786843931.js:0
[ 1094958ms] [LOG] %c JSHandle@node @ https://www.fullhdfilmizlesene.now/minx/ftjs.1786843931.js:0
[ 1095458ms] [LOG] %c JSHandle@node @ https://www.fullhdfilmizlesene.now/minx/ftjs.1786843931.js:0
[ 1095956ms] [LOG] %c JSHandle@node @ https://www.fullhdfilmizlesene.now/minx/ftjs.1786843931.js:0
[ 1096452ms] [LOG] %c JSHandle@node @ https://www.fullhdfilmizlesene.now/minx/ftjs.1786843931.js:0
[ 1096955ms] [LOG] %c JSHandle@node @ https://www.fullhdfilmizlesene.now/minx/ftjs.1786843931.js:0
[ 1097448ms] [LOG] %c JSHandle@node @ https://www.fullhdfilmizlesene.now/minx/ftjs.1786843931.js:0
[ 1097953ms] [LOG] %c JSHandle@node @ https://www.fullhdfilmizlesene.now/minx/ftjs.1786843931.js:0
[ 1098450ms] [LOG] %c JSHandle@node @ https://www.fullhdfilmizlesene.now/minx/ftjs.1786843931.js:0
[ 1098952ms] [LOG] %c JSHandle@node @ https://www.fullhdfilmizlesene.now/minx/ftjs.1786843931.js:0
[ 1099453ms] [LOG] %c JSHandle@node @ https://www.fullhdfilmizlesene.now/minx/ftjs.1786843931.js:0
[ 1099952ms] [LOG] %c JSHandle@node @ https://www.fullhdfilmizlesene.now/minx/ftjs.1786843931.js:0
[ 1100452ms] [LOG] %c JSHandle@node @ https://www.fullhdfilmizlesene.now/minx/ftjs.1786843931.js:0
[ 1100952ms] [LOG] %c JSHandle@node @ https://www.fullhdfilmizlesene.now/minx/ftjs.1786843931.js:0
[ 1101453ms] [LOG] %c JSHandle@node @ https://www.fullhdfilmizlesene.now/minx/ftjs.1786843931.js:0
[ 1101949ms] [LOG] %c JSHandle@node @ https://www.fullhdfilmizlesene.now/minx/ftjs.1786843931.js:0
[ 1102461ms] [LOG] %c JSHandle@node @ https://www.fullhdfilmizlesene.now/minx/ftjs.1786843931.js:0
[ 1102957ms] [LOG] %c JSHandle@node @ https://www.fullhdfilmizlesene.now/minx/ftjs.1786843931.js:0
[ 1103460ms] [LOG] %c JSHandle@node @ https://www.fullhdfilmizlesene.now/minx/ftjs.1786843931.js:0
[ 1103953ms] [LOG] %c JSHandle@node @ https://www.fullhdfilmizlesene.now/minx/ftjs.1786843931.js:0
[ 1104451ms] [LOG] %c JSHandle@node @ https://www.fullhdfilmizlesene.now/minx/ftjs.1786843931.js:0
[ 1104950ms] [LOG] %c JSHandle@node @ https://www.fullhdfilmizlesene.now/minx/ftjs.1786843931.js:0
[ 1105449ms] [LOG] %c JSHandle@node @ https://www.fullhdfilmizlesene.now/minx/ftjs.1786843931.js:0
[ 1105963ms] [LOG] %c JSHandle@node @ https://www.fullhdfilmizlesene.now/minx/ftjs.1786843931.js:0
[ 1106462ms] [LOG] %c JSHandle@node @ https://www.fullhdfilmizlesene.now/minx/ftjs.1786843931.js:0
[ 1106964ms] [LOG] %c JSHandle@node @ https://www.fullhdfilmizlesene.now/minx/ftjs.1786843931.js:0
[ 1107463ms] [LOG] %c JSHandle@node @ https://www.fullhdfilmizlesene.now/minx/ftjs.1786843931.js:0
[ 1107962ms] [LOG] %c JSHandle@node @ https://www.fullhdfilmizlesene.now/minx/ftjs.1786843931.js:0
[ 1108461ms] [LOG] %c JSHandle@node @ https://www.fullhdfilmizlesene.now/minx/ftjs.1786843931.js:0
[ 1108958ms] [LOG] %c JSHandle@node @ https://www.fullhdfilmizlesene.now/minx/ftjs.1786843931.js:0
[ 1109455ms] [LOG] %c JSHandle@node @ https://www.fullhdfilmizlesene.now/minx/ftjs.1786843931.js:0
[ 1109954ms] [LOG] %c JSHandle@node @ https://www.fullhdfilmizlesene.now/minx/ftjs.1786843931.js:0
[ 1110458ms] [LOG] %c JSHandle@node @ https://www.fullhdfilmizlesene.now/minx/ftjs.1786843931.js:0
[ 1110955ms] [LOG] %c JSHandle@node @ https://www.fullhdfilmizlesene.now/minx/ftjs.1786843931.js:0
[ 1111459ms] [LOG] %c JSHandle@node @ https://www.fullhdfilmizlesene.now/minx/ftjs.1786843931.js:0
[ 1111962ms] [LOG] %c JSHandle@node @ https://www.fullhdfilmizlesene.now/minx/ftjs.1786843931.js:0
[ 1112451ms] [LOG] %c JSHandle@node @ https://www.fullhdfilmizlesene.now/minx/ftjs.1786843931.js:0
[ 1112951ms] [LOG] %c JSHandle@node @ https://www.fullhdfilmizlesene.now/minx/ftjs.1786843931.js:0
[ 1113449ms] [LOG] %c JSHandle@node @ https://www.fullhdfilmizlesene.now/minx/ftjs.1786843931.js:0
[ 1113951ms] [LOG] %c JSHandle@node @ https://www.fullhdfilmizlesene.now/minx/ftjs.1786843931.js:0
[ 1114456ms] [LOG] %c JSHandle@node @ https://www.fullhdfilmizlesene.now/minx/ftjs.1786843931.js:0
[ 1114949ms] [LOG] %c JSHandle@node @ https://www.fullhdfilmizlesene.now/minx/ftjs.1786843931.js:0
[ 1115449ms] [LOG] %c JSHandle@node @ https://www.fullhdfilmizlesene.now/minx/ftjs.1786843931.js:0
[ 1115950ms] [LOG] %c JSHandle@node @ https://www.fullhdfilmizlesene.now/minx/ftjs.1786843931.js:0
[ 1116449ms] [LOG] %c JSHandle@node @ https://www.fullhdfilmizlesene.now/minx/ftjs.1786843931.js:0
[ 1116961ms] [LOG] %c JSHandle@node @ https://www.fullhdfilmizlesene.now/minx/ftjs.1786843931.js:0
[ 1117462ms] [LOG] %c JSHandle@node @ https://www.fullhdfilmizlesene.now/minx/ftjs.1786843931.js:0
[ 1117958ms] [LOG] %c JSHandle@node @ https://www.fullhdfilmizlesene.now/minx/ftjs.1786843931.js:0
[ 1118458ms] [LOG] %c JSHandle@node @ https://www.fullhdfilmizlesene.now/minx/ftjs.1786843931.js:0
[ 1118955ms] [LOG] %c JSHandle@node @ https://www.fullhdfilmizlesene.now/minx/ftjs.1786843931.js:0
[ 1119458ms] [LOG] %c JSHandle@node @ https://www.fullhdfilmizlesene.now/minx/ftjs.1786843931.js:0
[ 1119956ms] [LOG] %c JSHandle@node @ https://www.fullhdfilmizlesene.now/minx/ftjs.1786843931.js:0
[ 1120455ms] [LOG] %c JSHandle@node @ https://www.fullhdfilmizlesene.now/minx/ftjs.1786843931.js:0
[ 1120956ms] [LOG] %c JSHandle@node @ https://www.fullhdfilmizlesene.now/minx/ftjs.1786843931.js:0
[ 1121454ms] [LOG] %c JSHandle@node @ https://www.fullhdfilmizlesene.now/minx/ftjs.1786843931.js:0
[ 1121954ms] [LOG] %c JSHandle@node @ https://www.fullhdfilmizlesene.now/minx/ftjs.1786843931.js:0
[ 1122449ms] [LOG] %c JSHandle@node @ https://www.fullhdfilmizlesene.now/minx/ftjs.1786843931.js:0
[ 1122961ms] [LOG] %c JSHandle@node @ https://www.fullhdfilmizlesene.now/minx/ftjs.1786843931.js:0
[ 1123460ms] [LOG] %c JSHandle@node @ https://www.fullhdfilmizlesene.now/minx/ftjs.1786843931.js:0
[ 1123959ms] [LOG] %c JSHandle@node @ https://www.fullhdfilmizlesene.now/minx/ftjs.1786843931.js:0
[ 1124459ms] [LOG] %c JSHandle@node @ https://www.fullhdfilmizlesene.now/minx/ftjs.1786843931.js:0
[ 1124956ms] [LOG] %c JSHandle@node @ https://www.fullhdfilmizlesene.now/minx/ftjs.1786843931.js:0
[ 1125455ms] [LOG] %c JSHandle@node @ https://www.fullhdfilmizlesene.now/minx/ftjs.1786843931.js:0
[ 1125952ms] [LOG] %c JSHandle@node @ https://www.fullhdfilmizlesene.now/minx/ftjs.1786843931.js:0
[ 1126455ms] [LOG] %c JSHandle@node @ https://www.fullhdfilmizlesene.now/minx/ftjs.1786843931.js:0
[ 1126950ms] [LOG] %c JSHandle@node @ https://www.fullhdfilmizlesene.now/minx/ftjs.1786843931.js:0
[ 1127463ms] [LOG] %c JSHandle@node @ https://www.fullhdfilmizlesene.now/minx/ftjs.1786843931.js:0
[ 1127949ms] [LOG] %c JSHandle@node @ https://www.fullhdfilmizlesene.now/minx/ftjs.1786843931.js:0
[ 1128462ms] [LOG] %c JSHandle@node @ https://www.fullhdfilmizlesene.now/minx/ftjs.1786843931.js:0
[ 1128963ms] [LOG] %c JSHandle@node @ https://www.fullhdfilmizlesene.now/minx/ftjs.1786843931.js:0
[ 1129463ms] [LOG] %c JSHandle@node @ https://www.fullhdfilmizlesene.now/minx/ftjs.1786843931.js:0
[ 1129962ms] [LOG] %c JSHandle@node @ https://www.fullhdfilmizlesene.now/minx/ftjs.1786843931.js:0
[ 1130463ms] [LOG] %c JSHandle@node @ https://www.fullhdfilmizlesene.now/minx/ftjs.1786843931.js:0
[ 1130949ms] [LOG] %c JSHandle@node @ https://www.fullhdfilmizlesene.now/minx/ftjs.1786843931.js:0
[ 1131450ms] [LOG] %c JSHandle@node @ https://www.fullhdfilmizlesene.now/minx/ftjs.1786843931.js:0
[ 1131951ms] [LOG] %c JSHandle@node @ https://www.fullhdfilmizlesene.now/minx/ftjs.1786843931.js:0
[ 1132454ms] [LOG] %c JSHandle@node @ https://www.fullhdfilmizlesene.now/minx/ftjs.1786843931.js:0
[ 1132952ms] [LOG] %c JSHandle@node @ https://www.fullhdfilmizlesene.now/minx/ftjs.1786843931.js:0
[ 1133455ms] [LOG] %c JSHandle@node @ https://www.fullhdfilmizlesene.now/minx/ftjs.1786843931.js:0
[ 1133959ms] [LOG] %c JSHandle@node @ https://www.fullhdfilmizlesene.now/minx/ftjs.1786843931.js:0
[ 1134460ms] [LOG] %c JSHandle@node @ https://www.fullhdfilmizlesene.now/minx/ftjs.1786843931.js:0
[ 1134956ms] [LOG] %c JSHandle@node @ https://www.fullhdfilmizlesene.now/minx/ftjs.1786843931.js:0
[ 1135448ms] [LOG] %c JSHandle@node @ https://www.fullhdfilmizlesene.now/minx/ftjs.1786843931.js:0
[ 1135953ms] [LOG] %c JSHandle@node @ https://www.fullhdfilmizlesene.now/minx/ftjs.1786843931.js:0
[ 1136453ms] [LOG] %c JSHandle@node @ https://www.fullhdfilmizlesene.now/minx/ftjs.1786843931.js:0
[ 1136951ms] [LOG] %c JSHandle@node @ https://www.fullhdfilmizlesene.now/minx/ftjs.1786843931.js:0
[ 1137464ms] [LOG] %c JSHandle@node @ https://www.fullhdfilmizlesene.now/minx/ftjs.1786843931.js:0
[ 1137963ms] [LOG] %c JSHandle@node @ https://www.fullhdfilmizlesene.now/minx/ftjs.1786843931.js:0
[ 1138460ms] [LOG] %c JSHandle@node @ https://www.fullhdfilmizlesene.now/minx/ftjs.1786843931.js:0
[ 1138958ms] [LOG] %c JSHandle@node @ https://www.fullhdfilmizlesene.now/minx/ftjs.1786843931.js:0
[ 1139458ms] [LOG] %c JSHandle@node @ https://www.fullhdfilmizlesene.now/minx/ftjs.1786843931.js:0
[ 1139954ms] [LOG] %c JSHandle@node @ https://www.fullhdfilmizlesene.now/minx/ftjs.1786843931.js:0
[ 1140453ms] [LOG] %c JSHandle@node @ https://www.fullhdfilmizlesene.now/minx/ftjs.1786843931.js:0
[ 1140949ms] [LOG] %c JSHandle@node @ https://www.fullhdfilmizlesene.now/minx/ftjs.1786843931.js:0
[ 1141448ms] [LOG] %c JSHandle@node @ https://www.fullhdfilmizlesene.now/minx/ftjs.1786843931.js:0
[ 1141964ms] [LOG] %c JSHandle@node @ https://www.fullhdfilmizlesene.now/minx/ftjs.1786843931.js:0
[ 1142464ms] [LOG] %c JSHandle@node @ https://www.fullhdfilmizlesene.now/minx/ftjs.1786843931.js:0
[ 1142959ms] [LOG] %c JSHandle@node @ https://www.fullhdfilmizlesene.now/minx/ftjs.1786843931.js:0
[ 1143454ms] [LOG] %c JSHandle@node @ https://www.fullhdfilmizlesene.now/minx/ftjs.1786843931.js:0
[ 1143956ms] [LOG] %c JSHandle@node @ https://www.fullhdfilmizlesene.now/minx/ftjs.1786843931.js:0
[ 1144453ms] [LOG] %c JSHandle@node @ https://www.fullhdfilmizlesene.now/minx/ftjs.1786843931.js:0
[ 1144963ms] [LOG] %c JSHandle@node @ https://www.fullhdfilmizlesene.now/minx/ftjs.1786843931.js:0
[ 1145448ms] [LOG] %c JSHandle@node @ https://www.fullhdfilmizlesene.now/minx/ftjs.1786843931.js:0
[ 1145949ms] [LOG] %c JSHandle@node @ https://www.fullhdfilmizlesene.now/minx/ftjs.1786843931.js:0
[ 1146463ms] [LOG] %c JSHandle@node @ https://www.fullhdfilmizlesene.now/minx/ftjs.1786843931.js:0
[ 1146949ms] [LOG] %c JSHandle@node @ https://www.fullhdfilmizlesene.now/minx/ftjs.1786843931.js:0
[ 1147463ms] [LOG] %c JSHandle@node @ https://www.fullhdfilmizlesene.now/minx/ftjs.1786843931.js:0
[ 1147962ms] [LOG] %c JSHandle@node @ https://www.fullhdfilmizlesene.now/minx/ftjs.1786843931.js:0
[ 1148460ms] [LOG] %c JSHandle@node @ https://www.fullhdfilmizlesene.now/minx/ftjs.1786843931.js:0
[ 1148949ms] [LOG] %c JSHandle@node @ https://www.fullhdfilmizlesene.now/minx/ftjs.1786843931.js:0
[ 1149459ms] [LOG] %c JSHandle@node @ https://www.fullhdfilmizlesene.now/minx/ftjs.1786843931.js:0
[ 1149954ms] [LOG] %c JSHandle@node @ https://www.fullhdfilmizlesene.now/minx/ftjs.1786843931.js:0
[ 1150450ms] [LOG] %c JSHandle@node @ https://www.fullhdfilmizlesene.now/minx/ftjs.1786843931.js:0
[ 1150950ms] [LOG] %c JSHandle@node @ https://www.fullhdfilmizlesene.now/minx/ftjs.1786843931.js:0
[ 1151460ms] [LOG] %c JSHandle@node @ https://www.fullhdfilmizlesene.now/minx/ftjs.1786843931.js:0
[ 1151961ms] [LOG] %c JSHandle@node @ https://www.fullhdfilmizlesene.now/minx/ftjs.1786843931.js:0
[ 1152459ms] [LOG] %c JSHandle@node @ https://www.fullhdfilmizlesene.now/minx/ftjs.1786843931.js:0
[ 1152957ms] [LOG] %c JSHandle@node @ https://www.fullhdfilmizlesene.now/minx/ftjs.1786843931.js:0
[ 1153449ms] [LOG] %c JSHandle@node @ https://www.fullhdfilmizlesene.now/minx/ftjs.1786843931.js:0
[ 1153956ms] [LOG] %c JSHandle@node @ https://www.fullhdfilmizlesene.now/minx/ftjs.1786843931.js:0
[ 1154450ms] [LOG] %c JSHandle@node @ https://www.fullhdfilmizlesene.now/minx/ftjs.1786843931.js:0
[ 1154962ms] [LOG] %c JSHandle@node @ https://www.fullhdfilmizlesene.now/minx/ftjs.1786843931.js:0
[ 1155449ms] [LOG] %c JSHandle@node @ https://www.fullhdfilmizlesene.now/minx/ftjs.1786843931.js:0
[ 1155956ms] [LOG] %c JSHandle@node @ https://www.fullhdfilmizlesene.now/minx/ftjs.1786843931.js:0
[ 1156454ms] [LOG] %c JSHandle@node @ https://www.fullhdfilmizlesene.now/minx/ftjs.1786843931.js:0
[ 1156949ms] [LOG] %c JSHandle@node @ https://www.fullhdfilmizlesene.now/minx/ftjs.1786843931.js:0
[ 1157449ms] [LOG] %c JSHandle@node @ https://www.fullhdfilmizlesene.now/minx/ftjs.1786843931.js:0
[ 1157961ms] [LOG] %c JSHandle@node @ https://www.fullhdfilmizlesene.now/minx/ftjs.1786843931.js:0
[ 1158460ms] [LOG] %c JSHandle@node @ https://www.fullhdfilmizlesene.now/minx/ftjs.1786843931.js:0
[ 1158957ms] [LOG] %c JSHandle@node @ https://www.fullhdfilmizlesene.now/minx/ftjs.1786843931.js:0
[ 1159456ms] [LOG] %c JSHandle@node @ https://www.fullhdfilmizlesene.now/minx/ftjs.1786843931.js:0
[ 1159954ms] [LOG] %c JSHandle@node @ https://www.fullhdfilmizlesene.now/minx/ftjs.1786843931.js:0
[ 1160454ms] [LOG] %c JSHandle@node @ https://www.fullhdfilmizlesene.now/minx/ftjs.1786843931.js:0
[ 1160952ms] [LOG] %c JSHandle@node @ https://www.fullhdfilmizlesene.now/minx/ftjs.1786843931.js:0
[ 1161449ms] [LOG] %c JSHandle@node @ https://www.fullhdfilmizlesene.now/minx/ftjs.1786843931.js:0
[ 1161949ms] [LOG] %c JSHandle@node @ https://www.fullhdfilmizlesene.now/minx/ftjs.1786843931.js:0
[ 1162459ms] [LOG] %c JSHandle@node @ https://www.fullhdfilmizlesene.now/minx/ftjs.1786843931.js:0
[ 1162959ms] [LOG] %c JSHandle@node @ https://www.fullhdfilmizlesene.now/minx/ftjs.1786843931.js:0
[ 1163458ms] [LOG] %c JSHandle@node @ https://www.fullhdfilmizlesene.now/minx/ftjs.1786843931.js:0
[ 1163956ms] [LOG] %c JSHandle@node @ https://www.fullhdfilmizlesene.now/minx/ftjs.1786843931.js:0
[ 1164453ms] [LOG] %c JSHandle@node @ https://www.fullhdfilmizlesene.now/minx/ftjs.1786843931.js:0
[ 1164951ms] [LOG] %c JSHandle@node @ https://www.fullhdfilmizlesene.now/minx/ftjs.1786843931.js:0
[ 1165448ms] [LOG] %c JSHandle@node @ https://www.fullhdfilmizlesene.now/minx/ftjs.1786843931.js:0
[ 1165962ms] [LOG] %c JSHandle@node @ https://www.fullhdfilmizlesene.now/minx/ftjs.1786843931.js:0
[ 1166460ms] [LOG] %c JSHandle@node @ https://www.fullhdfilmizlesene.now/minx/ftjs.1786843931.js:0
[ 1166957ms] [LOG] %c JSHandle@node @ https://www.fullhdfilmizlesene.now/minx/ftjs.1786843931.js:0
[ 1167457ms] [LOG] %c JSHandle@node @ https://www.fullhdfilmizlesene.now/minx/ftjs.1786843931.js:0
[ 1167955ms] [LOG] %c JSHandle@node @ https://www.fullhdfilmizlesene.now/minx/ftjs.1786843931.js:0
[ 1168455ms] [LOG] %c JSHandle@node @ https://www.fullhdfilmizlesene.now/minx/ftjs.1786843931.js:0
[ 1168953ms] [LOG] %c JSHandle@node @ https://www.fullhdfilmizlesene.now/minx/ftjs.1786843931.js:0
[ 1169453ms] [LOG] %c JSHandle@node @ https://www.fullhdfilmizlesene.now/minx/ftjs.1786843931.js:0
[ 1169954ms] [LOG] %c JSHandle@node @ https://www.fullhdfilmizlesene.now/minx/ftjs.1786843931.js:0
[ 1170459ms] [LOG] %c JSHandle@node @ https://www.fullhdfilmizlesene.now/minx/ftjs.1786843931.js:0
[ 1170962ms] [LOG] %c JSHandle@node @ https://www.fullhdfilmizlesene.now/minx/ftjs.1786843931.js:0
[ 1171449ms] [LOG] %c JSHandle@node @ https://www.fullhdfilmizlesene.now/minx/ftjs.1786843931.js:0
[ 1171949ms] [LOG] %c JSHandle@node @ https://www.fullhdfilmizlesene.now/minx/ftjs.1786843931.js:0
[ 1172449ms] [LOG] %c JSHandle@node @ https://www.fullhdfilmizlesene.now/minx/ftjs.1786843931.js:0
[ 1172961ms] [LOG] %c JSHandle@node @ https://www.fullhdfilmizlesene.now/minx/ftjs.1786843931.js:0
[ 1173450ms] [LOG] %c JSHandle@node @ https://www.fullhdfilmizlesene.now/minx/ftjs.1786843931.js:0
[ 1173950ms] [LOG] %c JSHandle@node @ https://www.fullhdfilmizlesene.now/minx/ftjs.1786843931.js:0
[ 1174463ms] [LOG] %c JSHandle@node @ https://www.fullhdfilmizlesene.now/minx/ftjs.1786843931.js:0
[ 1174962ms] [LOG] %c JSHandle@node @ https://www.fullhdfilmizlesene.now/minx/ftjs.1786843931.js:0
[ 1175458ms] [LOG] %c JSHandle@node @ https://www.fullhdfilmizlesene.now/minx/ftjs.1786843931.js:0
[ 1175960ms] [LOG] %c JSHandle@node @ https://www.fullhdfilmizlesene.now/minx/ftjs.1786843931.js:0
[ 1176460ms] [LOG] %c JSHandle@node @ https://www.fullhdfilmizlesene.now/minx/ftjs.1786843931.js:0
[ 1176958ms] [LOG] %c JSHandle@node @ https://www.fullhdfilmizlesene.now/minx/ftjs.1786843931.js:0
[ 1177455ms] [LOG] %c JSHandle@node @ https://www.fullhdfilmizlesene.now/minx/ftjs.1786843931.js:0
[ 1177953ms] [LOG] %c JSHandle@node @ https://www.fullhdfilmizlesene.now/minx/ftjs.1786843931.js:0
[ 1178451ms] [LOG] %c JSHandle@node @ https://www.fullhdfilmizlesene.now/minx/ftjs.1786843931.js:0
[ 1178949ms] [LOG] %c JSHandle@node @ https://www.fullhdfilmizlesene.now/minx/ftjs.1786843931.js:0
[ 1179460ms] [LOG] %c JSHandle@node @ https://www.fullhdfilmizlesene.now/minx/ftjs.1786843931.js:0
[ 1179959ms] [LOG] %c JSHandle@node @ https://www.fullhdfilmizlesene.now/minx/ftjs.1786843931.js:0
[ 1180457ms] [LOG] %c JSHandle@node @ https://www.fullhdfilmizlesene.now/minx/ftjs.1786843931.js:0
[ 1180955ms] [LOG] %c JSHandle@node @ https://www.fullhdfilmizlesene.now/minx/ftjs.1786843931.js:0
[ 1181455ms] [LOG] %c JSHandle@node @ https://www.fullhdfilmizlesene.now/minx/ftjs.1786843931.js:0
[ 1181955ms] [LOG] %c JSHandle@node @ https://www.fullhdfilmizlesene.now/minx/ftjs.1786843931.js:0
[ 1182452ms] [LOG] %c JSHandle@node @ https://www.fullhdfilmizlesene.now/minx/ftjs.1786843931.js:0
[ 1182952ms] [LOG] %c JSHandle@node @ https://www.fullhdfilmizlesene.now/minx/ftjs.1786843931.js:0
[ 1183461ms] [LOG] %c JSHandle@node @ https://www.fullhdfilmizlesene.now/minx/ftjs.1786843931.js:0
[ 1183963ms] [LOG] %c JSHandle@node @ https://www.fullhdfilmizlesene.now/minx/ftjs.1786843931.js:0
[ 1184452ms] [LOG] %c JSHandle@node @ https://www.fullhdfilmizlesene.now/minx/ftjs.1786843931.js:0
[ 1184962ms] [LOG] %c JSHandle@node @ https://www.fullhdfilmizlesene.now/minx/ftjs.1786843931.js:0
[ 1185457ms] [LOG] %c JSHandle@node @ https://www.fullhdfilmizlesene.now/minx/ftjs.1786843931.js:0
[ 1185954ms] [LOG] %c JSHandle@node @ https://www.fullhdfilmizlesene.now/minx/ftjs.1786843931.js:0
[ 1186457ms] [LOG] %c JSHandle@node @ https://www.fullhdfilmizlesene.now/minx/ftjs.1786843931.js:0
[ 1186959ms] [LOG] %c JSHandle@node @ https://www.fullhdfilmizlesene.now/minx/ftjs.1786843931.js:0
[ 1187459ms] [LOG] %c JSHandle@node @ https://www.fullhdfilmizlesene.now/minx/ftjs.1786843931.js:0
[ 1187957ms] [LOG] %c JSHandle@node @ https://www.fullhdfilmizlesene.now/minx/ftjs.1786843931.js:0
[ 1188456ms] [LOG] %c JSHandle@node @ https://www.fullhdfilmizlesene.now/minx/ftjs.1786843931.js:0
[ 1188955ms] [LOG] %c JSHandle@node @ https://www.fullhdfilmizlesene.now/minx/ftjs.1786843931.js:0
[ 1189454ms] [LOG] %c JSHandle@node @ https://www.fullhdfilmizlesene.now/minx/ftjs.1786843931.js:0
[ 1189954ms] [LOG] %c JSHandle@node @ https://www.fullhdfilmizlesene.now/minx/ftjs.1786843931.js:0
[ 1190453ms] [LOG] %c JSHandle@node @ https://www.fullhdfilmizlesene.now/minx/ftjs.1786843931.js:0
[ 1190954ms] [LOG] %c JSHandle@node @ https://www.fullhdfilmizlesene.now/minx/ftjs.1786843931.js:0
[ 1191451ms] [LOG] %c JSHandle@node @ https://www.fullhdfilmizlesene.now/minx/ftjs.1786843931.js:0
[ 1191953ms] [LOG] %c JSHandle@node @ https://www.fullhdfilmizlesene.now/minx/ftjs.1786843931.js:0
[ 1192455ms] [LOG] %c JSHandle@node @ https://www.fullhdfilmizlesene.now/minx/ftjs.1786843931.js:0
[ 1192957ms] [LOG] %c JSHandle@node @ https://www.fullhdfilmizlesene.now/minx/ftjs.1786843931.js:0
[ 1193455ms] [LOG] %c JSHandle@node @ https://www.fullhdfilmizlesene.now/minx/ftjs.1786843931.js:0
[ 1193954ms] [LOG] %c JSHandle@node @ https://www.fullhdfilmizlesene.now/minx/ftjs.1786843931.js:0
[ 1194451ms] [LOG] %c JSHandle@node @ https://www.fullhdfilmizlesene.now/minx/ftjs.1786843931.js:0
[ 1194960ms] [LOG] %c JSHandle@node @ https://www.fullhdfilmizlesene.now/minx/ftjs.1786843931.js:0
[ 1195456ms] [LOG] %c JSHandle@node @ https://www.fullhdfilmizlesene.now/minx/ftjs.1786843931.js:0
[ 1195956ms] [LOG] %c JSHandle@node @ https://www.fullhdfilmizlesene.now/minx/ftjs.1786843931.js:0
[ 1196449ms] [LOG] %c JSHandle@node @ https://www.fullhdfilmizlesene.now/minx/ftjs.1786843931.js:0
[ 1196963ms] [LOG] %c JSHandle@node @ https://www.fullhdfilmizlesene.now/minx/ftjs.1786843931.js:0
[ 1197461ms] [LOG] %c JSHandle@node @ https://www.fullhdfilmizlesene.now/minx/ftjs.1786843931.js:0
[ 1197960ms] [LOG] %c JSHandle@node @ https://www.fullhdfilmizlesene.now/minx/ftjs.1786843931.js:0
[ 1198455ms] [LOG] %c JSHandle@node @ https://www.fullhdfilmizlesene.now/minx/ftjs.1786843931.js:0
[ 1198953ms] [LOG] %c JSHandle@node @ https://www.fullhdfilmizlesene.now/minx/ftjs.1786843931.js:0
[ 1199452ms] [LOG] %c JSHandle@node @ https://www.fullhdfilmizlesene.now/minx/ftjs.1786843931.js:0
[ 1199950ms] [LOG] %c JSHandle@node @ https://www.fullhdfilmizlesene.now/minx/ftjs.1786843931.js:0
[ 1200464ms] [LOG] %c JSHandle@node @ https://www.fullhdfilmizlesene.now/minx/ftjs.1786843931.js:0
[ 1200960ms] [LOG] %c JSHandle@node @ https://www.fullhdfilmizlesene.now/minx/ftjs.1786843931.js:0
[ 1201457ms] [LOG] %c JSHandle@node @ https://www.fullhdfilmizlesene.now/minx/ftjs.1786843931.js:0
[ 1201957ms] [LOG] %c JSHandle@node @ https://www.fullhdfilmizlesene.now/minx/ftjs.1786843931.js:0
[ 1202455ms] [LOG] %c JSHandle@node @ https://www.fullhdfilmizlesene.now/minx/ftjs.1786843931.js:0
[ 1202959ms] [LOG] %c JSHandle@node @ https://www.fullhdfilmizlesene.now/minx/ftjs.1786843931.js:0
[ 1203455ms] [LOG] %c JSHandle@node @ https://www.fullhdfilmizlesene.now/minx/ftjs.1786843931.js:0
[ 1203954ms] [LOG] %c JSHandle@node @ https://www.fullhdfilmizlesene.now/minx/ftjs.1786843931.js:0
[ 1204452ms] [LOG] %c JSHandle@node @ https://www.fullhdfilmizlesene.now/minx/ftjs.1786843931.js:0
[ 1204953ms] [LOG] %c JSHandle@node @ https://www.fullhdfilmizlesene.now/minx/ftjs.1786843931.js:0
[ 1205464ms] [LOG] %c JSHandle@node @ https://www.fullhdfilmizlesene.now/minx/ftjs.1786843931.js:0
[ 1205959ms] [LOG] %c JSHandle@node @ https://www.fullhdfilmizlesene.now/minx/ftjs.1786843931.js:0
[ 1206461ms] [LOG] %c JSHandle@node @ https://www.fullhdfilmizlesene.now/minx/ftjs.1786843931.js:0
[ 1206958ms] [LOG] %c JSHandle@node @ https://www.fullhdfilmizlesene.now/minx/ftjs.1786843931.js:0
[ 1207456ms] [LOG] %c JSHandle@node @ https://www.fullhdfilmizlesene.now/minx/ftjs.1786843931.js:0
[ 1207953ms] [LOG] %c JSHandle@node @ https://www.fullhdfilmizlesene.now/minx/ftjs.1786843931.js:0
[ 1208452ms] [LOG] %c JSHandle@node @ https://www.fullhdfilmizlesene.now/minx/ftjs.1786843931.js:0
[ 1208950ms] [LOG] %c JSHandle@node @ https://www.fullhdfilmizlesene.now/minx/ftjs.1786843931.js:0
[ 1209452ms] [LOG] %c JSHandle@node @ https://www.fullhdfilmizlesene.now/minx/ftjs.1786843931.js:0
[ 1209951ms] [LOG] %c JSHandle@node @ https://www.fullhdfilmizlesene.now/minx/ftjs.1786843931.js:0
[ 1210449ms] [LOG] %c JSHandle@node @ https://www.fullhdfilmizlesene.now/minx/ftjs.1786843931.js:0
[ 1210963ms] [LOG] %c JSHandle@node @ https://www.fullhdfilmizlesene.now/minx/ftjs.1786843931.js:0
[ 1211458ms] [LOG] %c JSHandle@node @ https://www.fullhdfilmizlesene.now/minx/ftjs.1786843931.js:0
[ 1211959ms] [LOG] %c JSHandle@node @ https://www.fullhdfilmizlesene.now/minx/ftjs.1786843931.js:0
[ 1212458ms] [LOG] %c JSHandle@node @ https://www.fullhdfilmizlesene.now/minx/ftjs.1786843931.js:0
[ 1212956ms] [LOG] %c JSHandle@node @ https://www.fullhdfilmizlesene.now/minx/ftjs.1786843931.js:0
[ 1213453ms] [LOG] %c JSHandle@node @ https://www.fullhdfilmizlesene.now/minx/ftjs.1786843931.js:0
[ 1213950ms] [LOG] %c JSHandle@node @ https://www.fullhdfilmizlesene.now/minx/ftjs.1786843931.js:0
[ 1214452ms] [LOG] %c JSHandle@node @ https://www.fullhdfilmizlesene.now/minx/ftjs.1786843931.js:0
[ 1214951ms] [LOG] %c JSHandle@node @ https://www.fullhdfilmizlesene.now/minx/ftjs.1786843931.js:0
[ 1215463ms] [LOG] %c JSHandle@node @ https://www.fullhdfilmizlesene.now/minx/ftjs.1786843931.js:0
[ 1215950ms] [LOG] %c JSHandle@node @ https://www.fullhdfilmizlesene.now/minx/ftjs.1786843931.js:0
[ 1216452ms] [LOG] %c JSHandle@node @ https://www.fullhdfilmizlesene.now/minx/ftjs.1786843931.js:0
[ 1216957ms] [LOG] %c JSHandle@node @ https://www.fullhdfilmizlesene.now/minx/ftjs.1786843931.js:0
[ 1217457ms] [LOG] %c JSHandle@node @ https://www.fullhdfilmizlesene.now/minx/ftjs.1786843931.js:0
[ 1217955ms] [LOG] %c JSHandle@node @ https://www.fullhdfilmizlesene.now/minx/ftjs.1786843931.js:0
[ 1218457ms] [LOG] %c JSHandle@node @ https://www.fullhdfilmizlesene.now/minx/ftjs.1786843931.js:0
[ 1218961ms] [LOG] %c JSHandle@node @ https://www.fullhdfilmizlesene.now/minx/ftjs.1786843931.js:0
[ 1219462ms] [LOG] %c JSHandle@node @ https://www.fullhdfilmizlesene.now/minx/ftjs.1786843931.js:0
[ 1219959ms] [LOG] %c JSHandle@node @ https://www.fullhdfilmizlesene.now/minx/ftjs.1786843931.js:0
[ 1220457ms] [LOG] %c JSHandle@node @ https://www.fullhdfilmizlesene.now/minx/ftjs.1786843931.js:0
[ 1220957ms] [LOG] %c JSHandle@node @ https://www.fullhdfilmizlesene.now/minx/ftjs.1786843931.js:0
[ 1221453ms] [LOG] %c JSHandle@node @ https://www.fullhdfilmizlesene.now/minx/ftjs.1786843931.js:0
[ 1221952ms] [LOG] %c JSHandle@node @ https://www.fullhdfilmizlesene.now/minx/ftjs.1786843931.js:0
[ 1222450ms] [LOG] %c JSHandle@node @ https://www.fullhdfilmizlesene.now/minx/ftjs.1786843931.js:0
[ 1222963ms] [LOG] %c JSHandle@node @ https://www.fullhdfilmizlesene.now/minx/ftjs.1786843931.js:0
[ 1223462ms] [LOG] %c JSHandle@node @ https://www.fullhdfilmizlesene.now/minx/ftjs.1786843931.js:0
[ 1223962ms] [LOG] %c JSHandle@node @ https://www.fullhdfilmizlesene.now/minx/ftjs.1786843931.js:0
[ 1224461ms] [LOG] %c JSHandle@node @ https://www.fullhdfilmizlesene.now/minx/ftjs.1786843931.js:0
[ 1224957ms] [LOG] %c JSHandle@node @ https://www.fullhdfilmizlesene.now/minx/ftjs.1786843931.js:0
[ 1225456ms] [LOG] %c JSHandle@node @ https://www.fullhdfilmizlesene.now/minx/ftjs.1786843931.js:0
[ 1225953ms] [LOG] %c JSHandle@node @ https://www.fullhdfilmizlesene.now/minx/ftjs.1786843931.js:0
[ 1226452ms] [LOG] %c JSHandle@node @ https://www.fullhdfilmizlesene.now/minx/ftjs.1786843931.js:0
[ 1226951ms] [LOG] %c JSHandle@node @ https://www.fullhdfilmizlesene.now/minx/ftjs.1786843931.js:0
[ 1227451ms] [LOG] %c JSHandle@node @ https://www.fullhdfilmizlesene.now/minx/ftjs.1786843931.js:0
[ 1227951ms] [LOG] %c JSHandle@node @ https://www.fullhdfilmizlesene.now/minx/ftjs.1786843931.js:0
[ 1228449ms] [LOG] %c JSHandle@node @ https://www.fullhdfilmizlesene.now/minx/ftjs.1786843931.js:0
[ 1228950ms] [LOG] %c JSHandle@node @ https://www.fullhdfilmizlesene.now/minx/ftjs.1786843931.js:0
[ 1229450ms] [LOG] %c JSHandle@node @ https://www.fullhdfilmizlesene.now/minx/ftjs.1786843931.js:0
[ 1229950ms] [LOG] %c JSHandle@node @ https://www.fullhdfilmizlesene.now/minx/ftjs.1786843931.js:0
[ 1230463ms] [LOG] %c JSHandle@node @ https://www.fullhdfilmizlesene.now/minx/ftjs.1786843931.js:0
[ 1230961ms] [LOG] %c JSHandle@node @ https://www.fullhdfilmizlesene.now/minx/ftjs.1786843931.js:0
[ 1231462ms] [LOG] %c JSHandle@node @ https://www.fullhdfilmizlesene.now/minx/ftjs.1786843931.js:0
[ 1231962ms] [LOG] %c JSHandle@node @ https://www.fullhdfilmizlesene.now/minx/ftjs.1786843931.js:0
[ 1232461ms] [LOG] %c JSHandle@node @ https://www.fullhdfilmizlesene.now/minx/ftjs.1786843931.js:0
[ 1232959ms] [LOG] %c JSHandle@node @ https://www.fullhdfilmizlesene.now/minx/ftjs.1786843931.js:0
[ 1233459ms] [LOG] %c JSHandle@node @ https://www.fullhdfilmizlesene.now/minx/ftjs.1786843931.js:0
[ 1233957ms] [LOG] %c JSHandle@node @ https://www.fullhdfilmizlesene.now/minx/ftjs.1786843931.js:0
[ 1234458ms] [LOG] %c JSHandle@node @ https://www.fullhdfilmizlesene.now/minx/ftjs.1786843931.js:0
[ 1234953ms] [LOG] %c JSHandle@node @ https://www.fullhdfilmizlesene.now/minx/ftjs.1786843931.js:0
[ 1235450ms] [LOG] %c JSHandle@node @ https://www.fullhdfilmizlesene.now/minx/ftjs.1786843931.js:0
[ 1235954ms] [LOG] %c JSHandle@node @ https://www.fullhdfilmizlesene.now/minx/ftjs.1786843931.js:0
[ 1236455ms] [LOG] %c JSHandle@node @ https://www.fullhdfilmizlesene.now/minx/ftjs.1786843931.js:0
[ 1236957ms] [LOG] %c JSHandle@node @ https://www.fullhdfilmizlesene.now/minx/ftjs.1786843931.js:0
[ 1237455ms] [LOG] %c JSHandle@node @ https://www.fullhdfilmizlesene.now/minx/ftjs.1786843931.js:0
[ 1237954ms] [LOG] %c JSHandle@node @ https://www.fullhdfilmizlesene.now/minx/ftjs.1786843931.js:0
[ 1238453ms] [LOG] %c JSHandle@node @ https://www.fullhdfilmizlesene.now/minx/ftjs.1786843931.js:0
[ 1238951ms] [LOG] %c JSHandle@node @ https://www.fullhdfilmizlesene.now/minx/ftjs.1786843931.js:0
[ 1239449ms] [LOG] %c JSHandle@node @ https://www.fullhdfilmizlesene.now/minx/ftjs.1786843931.js:0
[ 1239962ms] [LOG] %c JSHandle@node @ https://www.fullhdfilmizlesene.now/minx/ftjs.1786843931.js:0
[ 1240461ms] [LOG] %c JSHandle@node @ https://www.fullhdfilmizlesene.now/minx/ftjs.1786843931.js:0
[ 1240955ms] [LOG] %c JSHandle@node @ https://www.fullhdfilmizlesene.now/minx/ftjs.1786843931.js:0
[ 1241453ms] [LOG] %c JSHandle@node @ https://www.fullhdfilmizlesene.now/minx/ftjs.1786843931.js:0
[ 1241950ms] [LOG] %c JSHandle@node @ https://www.fullhdfilmizlesene.now/minx/ftjs.1786843931.js:0
[ 1242449ms] [LOG] %c JSHandle@node @ https://www.fullhdfilmizlesene.now/minx/ftjs.1786843931.js:0
[ 1242950ms] [LOG] %c JSHandle@node @ https://www.fullhdfilmizlesene.now/minx/ftjs.1786843931.js:0
[ 1243463ms] [LOG] %c JSHandle@node @ https://www.fullhdfilmizlesene.now/minx/ftjs.1786843931.js:0
[ 1243950ms] [LOG] %c JSHandle@node @ https://www.fullhdfilmizlesene.now/minx/ftjs.1786843931.js:0
[ 1244452ms] [LOG] %c JSHandle@node @ https://www.fullhdfilmizlesene.now/minx/ftjs.1786843931.js:0
[ 1244951ms] [LOG] %c JSHandle@node @ https://www.fullhdfilmizlesene.now/minx/ftjs.1786843931.js:0
[ 1245459ms] [LOG] %c JSHandle@node @ https://www.fullhdfilmizlesene.now/minx/ftjs.1786843931.js:0
[ 1245960ms] [LOG] %c JSHandle@node @ https://www.fullhdfilmizlesene.now/minx/ftjs.1786843931.js:0
[ 1246463ms] [LOG] %c JSHandle@node @ https://www.fullhdfilmizlesene.now/minx/ftjs.1786843931.js:0
[ 1246958ms] [LOG] %c JSHandle@node @ https://www.fullhdfilmizlesene.now/minx/ftjs.1786843931.js:0
[ 1247462ms] [LOG] %c JSHandle@node @ https://www.fullhdfilmizlesene.now/minx/ftjs.1786843931.js:0
[ 1247958ms] [LOG] %c JSHandle@node @ https://www.fullhdfilmizlesene.now/minx/ftjs.1786843931.js:0
[ 1248455ms] [LOG] %c JSHandle@node @ https://www.fullhdfilmizlesene.now/minx/ftjs.1786843931.js:0
[ 1248949ms] [LOG] %c JSHandle@node @ https://www.fullhdfilmizlesene.now/minx/ftjs.1786843931.js:0
[ 1249449ms] [LOG] %c JSHandle@node @ https://www.fullhdfilmizlesene.now/minx/ftjs.1786843931.js:0
[ 1249949ms] [LOG] %c JSHandle@node @ https://www.fullhdfilmizlesene.now/minx/ftjs.1786843931.js:0
[ 1250462ms] [LOG] %c JSHandle@node @ https://www.fullhdfilmizlesene.now/minx/ftjs.1786843931.js:0
[ 1250951ms] [LOG] %c JSHandle@node @ https://www.fullhdfilmizlesene.now/minx/ftjs.1786843931.js:0
[ 1251455ms] [LOG] %c JSHandle@node @ https://www.fullhdfilmizlesene.now/minx/ftjs.1786843931.js:0
[ 1251958ms] [LOG] %c JSHandle@node @ https://www.fullhdfilmizlesene.now/minx/ftjs.1786843931.js:0
[ 1252459ms] [LOG] %c JSHandle@node @ https://www.fullhdfilmizlesene.now/minx/ftjs.1786843931.js:0
[ 1252963ms] [LOG] %c JSHandle@node @ https://www.fullhdfilmizlesene.now/minx/ftjs.1786843931.js:0
[ 1253452ms] [LOG] %c JSHandle@node @ https://www.fullhdfilmizlesene.now/minx/ftjs.1786843931.js:0
[ 1253957ms] [LOG] %c JSHandle@node @ https://www.fullhdfilmizlesene.now/minx/ftjs.1786843931.js:0
[ 1254449ms] [LOG] %c JSHandle@node @ https://www.fullhdfilmizlesene.now/minx/ftjs.1786843931.js:0
[ 1254950ms] [LOG] %c JSHandle@node @ https://www.fullhdfilmizlesene.now/minx/ftjs.1786843931.js:0
[ 1255449ms] [LOG] %c JSHandle@node @ https://www.fullhdfilmizlesene.now/minx/ftjs.1786843931.js:0
[ 1255949ms] [LOG] %c JSHandle@node @ https://www.fullhdfilmizlesene.now/minx/ftjs.1786843931.js:0
[ 1256450ms] [LOG] %c JSHandle@node @ https://www.fullhdfilmizlesene.now/minx/ftjs.1786843931.js:0
[ 1256950ms] [LOG] %c JSHandle@node @ https://www.fullhdfilmizlesene.now/minx/ftjs.1786843931.js:0
[ 1257449ms] [LOG] %c JSHandle@node @ https://www.fullhdfilmizlesene.now/minx/ftjs.1786843931.js:0
[ 1257963ms] [LOG] %c JSHandle@node @ https://www.fullhdfilmizlesene.now/minx/ftjs.1786843931.js:0
[ 1258459ms] [LOG] %c JSHandle@node @ https://www.fullhdfilmizlesene.now/minx/ftjs.1786843931.js:0
[ 1258959ms] [LOG] %c JSHandle@node @ https://www.fullhdfilmizlesene.now/minx/ftjs.1786843931.js:0
[ 1259461ms] [LOG] %c JSHandle@node @ https://www.fullhdfilmizlesene.now/minx/ftjs.1786843931.js:0
[ 1259958ms] [LOG] %c JSHandle@node @ https://www.fullhdfilmizlesene.now/minx/ftjs.1786843931.js:0
[ 1260458ms] [LOG] %c JSHandle@node @ https://www.fullhdfilmizlesene.now/minx/ftjs.1786843931.js:0
[ 1260956ms] [LOG] %c JSHandle@node @ https://www.fullhdfilmizlesene.now/minx/ftjs.1786843931.js:0
[ 1261452ms] [LOG] %c JSHandle@node @ https://www.fullhdfilmizlesene.now/minx/ftjs.1786843931.js:0
[ 1261949ms] [LOG] %c JSHandle@node @ https://www.fullhdfilmizlesene.now/minx/ftjs.1786843931.js:0
[ 1262449ms] [LOG] %c JSHandle@node @ https://www.fullhdfilmizlesene.now/minx/ftjs.1786843931.js:0
[ 1262963ms] [LOG] %c JSHandle@node @ https://www.fullhdfilmizlesene.now/minx/ftjs.1786843931.js:0
[ 1263464ms] [LOG] %c JSHandle@node @ https://www.fullhdfilmizlesene.now/minx/ftjs.1786843931.js:0
[ 1263962ms] [LOG] %c JSHandle@node @ https://www.fullhdfilmizlesene.now/minx/ftjs.1786843931.js:0
[ 1264463ms] [LOG] %c JSHandle@node @ https://www.fullhdfilmizlesene.now/minx/ftjs.1786843931.js:0
[ 1264960ms] [LOG] %c JSHandle@node @ https://www.fullhdfilmizlesene.now/minx/ftjs.1786843931.js:0
[ 1265455ms] [LOG] %c JSHandle@node @ https://www.fullhdfilmizlesene.now/minx/ftjs.1786843931.js:0
[ 1265953ms] [LOG] %c JSHandle@node @ https://www.fullhdfilmizlesene.now/minx/ftjs.1786843931.js:0
[ 1266452ms] [LOG] %c JSHandle@node @ https://www.fullhdfilmizlesene.now/minx/ftjs.1786843931.js:0
[ 1266951ms] [LOG] %c JSHandle@node @ https://www.fullhdfilmizlesene.now/minx/ftjs.1786843931.js:0
[ 1267449ms] [LOG] %c JSHandle@node @ https://www.fullhdfilmizlesene.now/minx/ftjs.1786843931.js:0
[ 1267962ms] [LOG] %c JSHandle@node @ https://www.fullhdfilmizlesene.now/minx/ftjs.1786843931.js:0
[ 1268460ms] [LOG] %c JSHandle@node @ https://www.fullhdfilmizlesene.now/minx/ftjs.1786843931.js:0
[ 1268961ms] [LOG] %c JSHandle@node @ https://www.fullhdfilmizlesene.now/minx/ftjs.1786843931.js:0
[ 1269458ms] [LOG] %c JSHandle@node @ https://www.fullhdfilmizlesene.now/minx/ftjs.1786843931.js:0
[ 1269957ms] [LOG] %c JSHandle@node @ https://www.fullhdfilmizlesene.now/minx/ftjs.1786843931.js:0
[ 1270455ms] [LOG] %c JSHandle@node @ https://www.fullhdfilmizlesene.now/minx/ftjs.1786843931.js:0
[ 1270953ms] [LOG] %c JSHandle@node @ https://www.fullhdfilmizlesene.now/minx/ftjs.1786843931.js:0
[ 1271450ms] [LOG] %c JSHandle@node @ https://www.fullhdfilmizlesene.now/minx/ftjs.1786843931.js:0
[ 1271962ms] [LOG] %c JSHandle@node @ https://www.fullhdfilmizlesene.now/minx/ftjs.1786843931.js:0
[ 1272463ms] [LOG] %c JSHandle@node @ https://www.fullhdfilmizlesene.now/minx/ftjs.1786843931.js:0
[ 1272958ms] [LOG] %c JSHandle@node @ https://www.fullhdfilmizlesene.now/minx/ftjs.1786843931.js:0
[ 1273459ms] [LOG] %c JSHandle@node @ https://www.fullhdfilmizlesene.now/minx/ftjs.1786843931.js:0
[ 1273958ms] [LOG] %c JSHandle@node @ https://www.fullhdfilmizlesene.now/minx/ftjs.1786843931.js:0
[ 1274455ms] [LOG] %c JSHandle@node @ https://www.fullhdfilmizlesene.now/minx/ftjs.1786843931.js:0
[ 1274952ms] [LOG] %c JSHandle@node @ https://www.fullhdfilmizlesene.now/minx/ftjs.1786843931.js:0
[ 1275449ms] [LOG] %c JSHandle@node @ https://www.fullhdfilmizlesene.now/minx/ftjs.1786843931.js:0
[ 1275949ms] [LOG] %c JSHandle@node @ https://www.fullhdfilmizlesene.now/minx/ftjs.1786843931.js:0
[ 1276464ms] [LOG] %c JSHandle@node @ https://www.fullhdfilmizlesene.now/minx/ftjs.1786843931.js:0
[ 1276949ms] [LOG] %c JSHandle@node @ https://www.fullhdfilmizlesene.now/minx/ftjs.1786843931.js:0
[ 1277463ms] [LOG] %c JSHandle@node @ https://www.fullhdfilmizlesene.now/minx/ftjs.1786843931.js:0
[ 1277949ms] [LOG] %c JSHandle@node @ https://www.fullhdfilmizlesene.now/minx/ftjs.1786843931.js:0
[ 1278460ms] [LOG] %c JSHandle@node @ https://www.fullhdfilmizlesene.now/minx/ftjs.1786843931.js:0
[ 1278960ms] [LOG] %c JSHandle@node @ https://www.fullhdfilmizlesene.now/minx/ftjs.1786843931.js:0
[ 1279463ms] [LOG] %c JSHandle@node @ https://www.fullhdfilmizlesene.now/minx/ftjs.1786843931.js:0
[ 1279963ms] [LOG] %c JSHandle@node @ https://www.fullhdfilmizlesene.now/minx/ftjs.1786843931.js:0
[ 1280460ms] [LOG] %c JSHandle@node @ https://www.fullhdfilmizlesene.now/minx/ftjs.1786843931.js:0
[ 1280959ms] [LOG] %c JSHandle@node @ https://www.fullhdfilmizlesene.now/minx/ftjs.1786843931.js:0
[ 1281460ms] [LOG] %c JSHandle@node @ https://www.fullhdfilmizlesene.now/minx/ftjs.1786843931.js:0
[ 1281961ms] [LOG] %c JSHandle@node @ https://www.fullhdfilmizlesene.now/minx/ftjs.1786843931.js:0
[ 1282459ms] [LOG] %c JSHandle@node @ https://www.fullhdfilmizlesene.now/minx/ftjs.1786843931.js:0
[ 1282960ms] [LOG] %c JSHandle@node @ https://www.fullhdfilmizlesene.now/minx/ftjs.1786843931.js:0
[ 1283459ms] [LOG] %c JSHandle@node @ https://www.fullhdfilmizlesene.now/minx/ftjs.1786843931.js:0
[ 1283957ms] [LOG] %c JSHandle@node @ https://www.fullhdfilmizlesene.now/minx/ftjs.1786843931.js:0
[ 1284449ms] [LOG] %c JSHandle@node @ https://www.fullhdfilmizlesene.now/minx/ftjs.1786843931.js:0
[ 1284953ms] [LOG] %c JSHandle@node @ https://www.fullhdfilmizlesene.now/minx/ftjs.1786843931.js:0
[ 1285453ms] [LOG] %c JSHandle@node @ https://www.fullhdfilmizlesene.now/minx/ftjs.1786843931.js:0
[ 1285951ms] [LOG] %c JSHandle@node @ https://www.fullhdfilmizlesene.now/minx/ftjs.1786843931.js:0
[ 1286454ms] [LOG] %c JSHandle@node @ https://www.fullhdfilmizlesene.now/minx/ftjs.1786843931.js:0
[ 1286954ms] [LOG] %c JSHandle@node @ https://www.fullhdfilmizlesene.now/minx/ftjs.1786843931.js:0
[ 1287454ms] [LOG] %c JSHandle@node @ https://www.fullhdfilmizlesene.now/minx/ftjs.1786843931.js:0
[ 1287950ms] [LOG] %c JSHandle@node @ https://www.fullhdfilmizlesene.now/minx/ftjs.1786843931.js:0
[ 1288449ms] [LOG] %c JSHandle@node @ https://www.fullhdfilmizlesene.now/minx/ftjs.1786843931.js:0
[ 1288963ms] [LOG] %c JSHandle@node @ https://www.fullhdfilmizlesene.now/minx/ftjs.1786843931.js:0
[ 1289460ms] [LOG] %c JSHandle@node @ https://www.fullhdfilmizlesene.now/minx/ftjs.1786843931.js:0
[ 1289960ms] [LOG] %c JSHandle@node @ https://www.fullhdfilmizlesene.now/minx/ftjs.1786843931.js:0
[ 1290458ms] [LOG] %c JSHandle@node @ https://www.fullhdfilmizlesene.now/minx/ftjs.1786843931.js:0
[ 1290957ms] [LOG] %c JSHandle@node @ https://www.fullhdfilmizlesene.now/minx/ftjs.1786843931.js:0
[ 1291456ms] [LOG] %c JSHandle@node @ https://www.fullhdfilmizlesene.now/minx/ftjs.1786843931.js:0
[ 1291951ms] [LOG] %c JSHandle@node @ https://www.fullhdfilmizlesene.now/minx/ftjs.1786843931.js:0
[ 1292452ms] [LOG] %c JSHandle@node @ https://www.fullhdfilmizlesene.now/minx/ftjs.1786843931.js:0
[ 1292951ms] [LOG] %c JSHandle@node @ https://www.fullhdfilmizlesene.now/minx/ftjs.1786843931.js:0
[ 1293453ms] [LOG] %c JSHandle@node @ https://www.fullhdfilmizlesene.now/minx/ftjs.1786843931.js:0
[ 1293953ms] [LOG] %c JSHandle@node @ https://www.fullhdfilmizlesene.now/minx/ftjs.1786843931.js:0
[ 1294456ms] [LOG] %c JSHandle@node @ https://www.fullhdfilmizlesene.now/minx/ftjs.1786843931.js:0
[ 1294956ms] [LOG] %c JSHandle@node @ https://www.fullhdfilmizlesene.now/minx/ftjs.1786843931.js:0
[ 1295450ms] [LOG] %c JSHandle@node @ https://www.fullhdfilmizlesene.now/minx/ftjs.1786843931.js:0
[ 1295950ms] [LOG] %c JSHandle@node @ https://www.fullhdfilmizlesene.now/minx/ftjs.1786843931.js:0
[ 1296455ms] [LOG] %c JSHandle@node @ https://www.fullhdfilmizlesene.now/minx/ftjs.1786843931.js:0
[ 1296957ms] [LOG] %c JSHandle@node @ https://www.fullhdfilmizlesene.now/minx/ftjs.1786843931.js:0
[ 1297453ms] [LOG] %c JSHandle@node @ https://www.fullhdfilmizlesene.now/minx/ftjs.1786843931.js:0
[ 1297952ms] [LOG] %c JSHandle@node @ https://www.fullhdfilmizlesene.now/minx/ftjs.1786843931.js:0
[ 1298449ms] [LOG] %c JSHandle@node @ https://www.fullhdfilmizlesene.now/minx/ftjs.1786843931.js:0
[ 1298963ms] [LOG] %c JSHandle@node @ https://www.fullhdfilmizlesene.now/minx/ftjs.1786843931.js:0
[ 1299461ms] [LOG] %c JSHandle@node @ https://www.fullhdfilmizlesene.now/minx/ftjs.1786843931.js:0
[ 1299961ms] [LOG] %c JSHandle@node @ https://www.fullhdfilmizlesene.now/minx/ftjs.1786843931.js:0
[ 1300459ms] [LOG] %c JSHandle@node @ https://www.fullhdfilmizlesene.now/minx/ftjs.1786843931.js:0
[ 1300958ms] [LOG] %c JSHandle@node @ https://www.fullhdfilmizlesene.now/minx/ftjs.1786843931.js:0
[ 1301454ms] [LOG] %c JSHandle@node @ https://www.fullhdfilmizlesene.now/minx/ftjs.1786843931.js:0
[ 1301954ms] [LOG] %c JSHandle@node @ https://www.fullhdfilmizlesene.now/minx/ftjs.1786843931.js:0
[ 1302455ms] [LOG] %c JSHandle@node @ https://www.fullhdfilmizlesene.now/minx/ftjs.1786843931.js:0
[ 1302954ms] [LOG] %c JSHandle@node @ https://www.fullhdfilmizlesene.now/minx/ftjs.1786843931.js:0
[ 1303450ms] [LOG] %c JSHandle@node @ https://www.fullhdfilmizlesene.now/minx/ftjs.1786843931.js:0
[ 1303953ms] [LOG] %c JSHandle@node @ https://www.fullhdfilmizlesene.now/minx/ftjs.1786843931.js:0
[ 1304450ms] [LOG] %c JSHandle@node @ https://www.fullhdfilmizlesene.now/minx/ftjs.1786843931.js:0
[ 1304950ms] [LOG] %c JSHandle@node @ https://www.fullhdfilmizlesene.now/minx/ftjs.1786843931.js:0
[ 1305462ms] [LOG] %c JSHandle@node @ https://www.fullhdfilmizlesene.now/minx/ftjs.1786843931.js:0
[ 1305955ms] [LOG] %c JSHandle@node @ https://www.fullhdfilmizlesene.now/minx/ftjs.1786843931.js:0
[ 1306452ms] [LOG] %c JSHandle@node @ https://www.fullhdfilmizlesene.now/minx/ftjs.1786843931.js:0
[ 1306948ms] [LOG] %c JSHandle@node @ https://www.fullhdfilmizlesene.now/minx/ftjs.1786843931.js:0
[ 1307449ms] [LOG] %c JSHandle@node @ https://www.fullhdfilmizlesene.now/minx/ftjs.1786843931.js:0
[ 1307962ms] [LOG] %c JSHandle@node @ https://www.fullhdfilmizlesene.now/minx/ftjs.1786843931.js:0
[ 1308463ms] [LOG] %c JSHandle@node @ https://www.fullhdfilmizlesene.now/minx/ftjs.1786843931.js:0
[ 1308961ms] [LOG] %c JSHandle@node @ https://www.fullhdfilmizlesene.now/minx/ftjs.1786843931.js:0
[ 1309462ms] [LOG] %c JSHandle@node @ https://www.fullhdfilmizlesene.now/minx/ftjs.1786843931.js:0
[ 1309960ms] [LOG] %c JSHandle@node @ https://www.fullhdfilmizlesene.now/minx/ftjs.1786843931.js:0
[ 1310456ms] [LOG] %c JSHandle@node @ https://www.fullhdfilmizlesene.now/minx/ftjs.1786843931.js:0
[ 1310949ms] [LOG] %c JSHandle@node @ https://www.fullhdfilmizlesene.now/minx/ftjs.1786843931.js:0
[ 1311461ms] [LOG] %c JSHandle@node @ https://www.fullhdfilmizlesene.now/minx/ftjs.1786843931.js:0
[ 1311962ms] [LOG] %c JSHandle@node @ https://www.fullhdfilmizlesene.now/minx/ftjs.1786843931.js:0
[ 1312460ms] [LOG] %c JSHandle@node @ https://www.fullhdfilmizlesene.now/minx/ftjs.1786843931.js:0
[ 1312959ms] [LOG] %c JSHandle@node @ https://www.fullhdfilmizlesene.now/minx/ftjs.1786843931.js:0
[ 1313460ms] [LOG] %c JSHandle@node @ https://www.fullhdfilmizlesene.now/minx/ftjs.1786843931.js:0
[ 1313955ms] [LOG] %c JSHandle@node @ https://www.fullhdfilmizlesene.now/minx/ftjs.1786843931.js:0
[ 1314457ms] [LOG] %c JSHandle@node @ https://www.fullhdfilmizlesene.now/minx/ftjs.1786843931.js:0
[ 1314954ms] [LOG] %c JSHandle@node @ https://www.fullhdfilmizlesene.now/minx/ftjs.1786843931.js:0
[ 1315453ms] [LOG] %c JSHandle@node @ https://www.fullhdfilmizlesene.now/minx/ftjs.1786843931.js:0
[ 1315953ms] [LOG] %c JSHandle@node @ https://www.fullhdfilmizlesene.now/minx/ftjs.1786843931.js:0
[ 1316450ms] [LOG] %c JSHandle@node @ https://www.fullhdfilmizlesene.now/minx/ftjs.1786843931.js:0
[ 1316948ms] [LOG] %c JSHandle@node @ https://www.fullhdfilmizlesene.now/minx/ftjs.1786843931.js:0
[ 1317461ms] [LOG] %c JSHandle@node @ https://www.fullhdfilmizlesene.now/minx/ftjs.1786843931.js:0
[ 1317957ms] [LOG] %c JSHandle@node @ https://www.fullhdfilmizlesene.now/minx/ftjs.1786843931.js:0
[ 1318456ms] [LOG] %c JSHandle@node @ https://www.fullhdfilmizlesene.now/minx/ftjs.1786843931.js:0
[ 1318964ms] [LOG] %c JSHandle@node @ https://www.fullhdfilmizlesene.now/minx/ftjs.1786843931.js:0
[ 1319464ms] [LOG] %c JSHandle@node @ https://www.fullhdfilmizlesene.now/minx/ftjs.1786843931.js:0
[ 1319962ms] [LOG] %c JSHandle@node @ https://www.fullhdfilmizlesene.now/minx/ftjs.1786843931.js:0
[ 1320460ms] [LOG] %c JSHandle@node @ https://www.fullhdfilmizlesene.now/minx/ftjs.1786843931.js:0
[ 1320955ms] [LOG] %c JSHandle@node @ https://www.fullhdfilmizlesene.now/minx/ftjs.1786843931.js:0
[ 1321453ms] [LOG] %c JSHandle@node @ https://www.fullhdfilmizlesene.now/minx/ftjs.1786843931.js:0
[ 1321951ms] [LOG] %c JSHandle@node @ https://www.fullhdfilmizlesene.now/minx/ftjs.1786843931.js:0
[ 1322450ms] [LOG] %c JSHandle@node @ https://www.fullhdfilmizlesene.now/minx/ftjs.1786843931.js:0
[ 1322948ms] [LOG] %c JSHandle@node @ https://www.fullhdfilmizlesene.now/minx/ftjs.1786843931.js:0
[ 1323460ms] [LOG] %c JSHandle@node @ https://www.fullhdfilmizlesene.now/minx/ftjs.1786843931.js:0
[ 1323959ms] [LOG] %c JSHandle@node @ https://www.fullhdfilmizlesene.now/minx/ftjs.1786843931.js:0
[ 1324457ms] [LOG] %c JSHandle@node @ https://www.fullhdfilmizlesene.now/minx/ftjs.1786843931.js:0
[ 1324955ms] [LOG] %c JSHandle@node @ https://www.fullhdfilmizlesene.now/minx/ftjs.1786843931.js:0
[ 1325452ms] [LOG] %c JSHandle@node @ https://www.fullhdfilmizlesene.now/minx/ftjs.1786843931.js:0
[ 1325951ms] [LOG] %c JSHandle@node @ https://www.fullhdfilmizlesene.now/minx/ftjs.1786843931.js:0
[ 1326449ms] [LOG] %c JSHandle@node @ https://www.fullhdfilmizlesene.now/minx/ftjs.1786843931.js:0
[ 1326963ms] [LOG] %c JSHandle@node @ https://www.fullhdfilmizlesene.now/minx/ftjs.1786843931.js:0
[ 1327463ms] [LOG] %c JSHandle@node @ https://www.fullhdfilmizlesene.now/minx/ftjs.1786843931.js:0
[ 1327950ms] [LOG] %c JSHandle@node @ https://www.fullhdfilmizlesene.now/minx/ftjs.1786843931.js:0
[ 1328459ms] [LOG] %c JSHandle@node @ https://www.fullhdfilmizlesene.now/minx/ftjs.1786843931.js:0
[ 1328952ms] [LOG] %c JSHandle@node @ https://www.fullhdfilmizlesene.now/minx/ftjs.1786843931.js:0
[ 1329456ms] [LOG] %c JSHandle@node @ https://www.fullhdfilmizlesene.now/minx/ftjs.1786843931.js:0
[ 1329955ms] [LOG] %c JSHandle@node @ https://www.fullhdfilmizlesene.now/minx/ftjs.1786843931.js:0
[ 1330457ms] [LOG] %c JSHandle@node @ https://www.fullhdfilmizlesene.now/minx/ftjs.1786843931.js:0
[ 1330953ms] [LOG] %c JSHandle@node @ https://www.fullhdfilmizlesene.now/minx/ftjs.1786843931.js:0
[ 1331453ms] [LOG] %c JSHandle@node @ https://www.fullhdfilmizlesene.now/minx/ftjs.1786843931.js:0
[ 1331952ms] [LOG] %c JSHandle@node @ https://www.fullhdfilmizlesene.now/minx/ftjs.1786843931.js:0
[ 1332449ms] [LOG] %c JSHandle@node @ https://www.fullhdfilmizlesene.now/minx/ftjs.1786843931.js:0
[ 1332963ms] [LOG] %c JSHandle@node @ https://www.fullhdfilmizlesene.now/minx/ftjs.1786843931.js:0
[ 1333461ms] [LOG] %c JSHandle@node @ https://www.fullhdfilmizlesene.now/minx/ftjs.1786843931.js:0
[ 1333949ms] [LOG] %c JSHandle@node @ https://www.fullhdfilmizlesene.now/minx/ftjs.1786843931.js:0
[ 1334457ms] [LOG] %c JSHandle@node @ https://www.fullhdfilmizlesene.now/minx/ftjs.1786843931.js:0
[ 1334954ms] [LOG] %c JSHandle@node @ https://www.fullhdfilmizlesene.now/minx/ftjs.1786843931.js:0
[ 1335456ms] [LOG] %c JSHandle@node @ https://www.fullhdfilmizlesene.now/minx/ftjs.1786843931.js:0
[ 1335954ms] [LOG] %c JSHandle@node @ https://www.fullhdfilmizlesene.now/minx/ftjs.1786843931.js:0
[ 1336451ms] [LOG] %c JSHandle@node @ https://www.fullhdfilmizlesene.now/minx/ftjs.1786843931.js:0
[ 1336962ms] [LOG] %c JSHandle@node @ https://www.fullhdfilmizlesene.now/minx/ftjs.1786843931.js:0
[ 1337451ms] [LOG] %c JSHandle@node @ https://www.fullhdfilmizlesene.now/minx/ftjs.1786843931.js:0
[ 1337951ms] [LOG] %c JSHandle@node @ https://www.fullhdfilmizlesene.now/minx/ftjs.1786843931.js:0
[ 1338453ms] [LOG] %c JSHandle@node @ https://www.fullhdfilmizlesene.now/minx/ftjs.1786843931.js:0
[ 1338955ms] [LOG] %c JSHandle@node @ https://www.fullhdfilmizlesene.now/minx/ftjs.1786843931.js:0
[ 1339453ms] [LOG] %c JSHandle@node @ https://www.fullhdfilmizlesene.now/minx/ftjs.1786843931.js:0
[ 1339958ms] [LOG] %c JSHandle@node @ https://www.fullhdfilmizlesene.now/minx/ftjs.1786843931.js:0
[ 1340460ms] [LOG] %c JSHandle@node @ https://www.fullhdfilmizlesene.now/minx/ftjs.1786843931.js:0
[ 1340959ms] [LOG] %c JSHandle@node @ https://www.fullhdfilmizlesene.now/minx/ftjs.1786843931.js:0
[ 1341458ms] [LOG] %c JSHandle@node @ https://www.fullhdfilmizlesene.now/minx/ftjs.1786843931.js:0
[ 1341957ms] [LOG] %c JSHandle@node @ https://www.fullhdfilmizlesene.now/minx/ftjs.1786843931.js:0
[ 1342455ms] [LOG] %c JSHandle@node @ https://www.fullhdfilmizlesene.now/minx/ftjs.1786843931.js:0
[ 1342954ms] [LOG] %c JSHandle@node @ https://www.fullhdfilmizlesene.now/minx/ftjs.1786843931.js:0
[ 1343451ms] [LOG] %c JSHandle@node @ https://www.fullhdfilmizlesene.now/minx/ftjs.1786843931.js:0
[ 1343951ms] [LOG] %c JSHandle@node @ https://www.fullhdfilmizlesene.now/minx/ftjs.1786843931.js:0
[ 1344451ms] [LOG] %c JSHandle@node @ https://www.fullhdfilmizlesene.now/minx/ftjs.1786843931.js:0
[ 1344949ms] [LOG] %c JSHandle@node @ https://www.fullhdfilmizlesene.now/minx/ftjs.1786843931.js:0
[ 1345463ms] [LOG] %c JSHandle@node @ https://www.fullhdfilmizlesene.now/minx/ftjs.1786843931.js:0
[ 1345961ms] [LOG] %c JSHandle@node @ https://www.fullhdfilmizlesene.now/minx/ftjs.1786843931.js:0
[ 1346457ms] [LOG] %c JSHandle@node @ https://www.fullhdfilmizlesene.now/minx/ftjs.1786843931.js:0
[ 1346952ms] [LOG] %c JSHandle@node @ https://www.fullhdfilmizlesene.now/minx/ftjs.1786843931.js:0
[ 1347456ms] [LOG] %c JSHandle@node @ https://www.fullhdfilmizlesene.now/minx/ftjs.1786843931.js:0
[ 1347958ms] [LOG] %c JSHandle@node @ https://www.fullhdfilmizlesene.now/minx/ftjs.1786843931.js:0
[ 1348455ms] [LOG] %c JSHandle@node @ https://www.fullhdfilmizlesene.now/minx/ftjs.1786843931.js:0
[ 1348953ms] [LOG] %c JSHandle@node @ https://www.fullhdfilmizlesene.now/minx/ftjs.1786843931.js:0
[ 1349454ms] [LOG] %c JSHandle@node @ https://www.fullhdfilmizlesene.now/minx/ftjs.1786843931.js:0
[ 1349952ms] [LOG] %c JSHandle@node @ https://www.fullhdfilmizlesene.now/minx/ftjs.1786843931.js:0
[ 1350452ms] [LOG] %c JSHandle@node @ https://www.fullhdfilmizlesene.now/minx/ftjs.1786843931.js:0
[ 1350949ms] [LOG] %c JSHandle@node @ https://www.fullhdfilmizlesene.now/minx/ftjs.1786843931.js:0
[ 1351464ms] [LOG] %c JSHandle@node @ https://www.fullhdfilmizlesene.now/minx/ftjs.1786843931.js:0
[ 1351963ms] [LOG] %c JSHandle@node @ https://www.fullhdfilmizlesene.now/minx/ftjs.1786843931.js:0
[ 1352460ms] [LOG] %c JSHandle@node @ https://www.fullhdfilmizlesene.now/minx/ftjs.1786843931.js:0
[ 1352962ms] [LOG] %c JSHandle@node @ https://www.fullhdfilmizlesene.now/minx/ftjs.1786843931.js:0
[ 1353459ms] [LOG] %c JSHandle@node @ https://www.fullhdfilmizlesene.now/minx/ftjs.1786843931.js:0
[ 1353957ms] [LOG] %c JSHandle@node @ https://www.fullhdfilmizlesene.now/minx/ftjs.1786843931.js:0
[ 1354457ms] [LOG] %c JSHandle@node @ https://www.fullhdfilmizlesene.now/minx/ftjs.1786843931.js:0
[ 1354957ms] [LOG] %c JSHandle@node @ https://www.fullhdfilmizlesene.now/minx/ftjs.1786843931.js:0
[ 1355455ms] [LOG] %c JSHandle@node @ https://www.fullhdfilmizlesene.now/minx/ftjs.1786843931.js:0
[ 1355954ms] [LOG] %c JSHandle@node @ https://www.fullhdfilmizlesene.now/minx/ftjs.1786843931.js:0
[ 1356452ms] [LOG] %c JSHandle@node @ https://www.fullhdfilmizlesene.now/minx/ftjs.1786843931.js:0
[ 1356959ms] [LOG] %c JSHandle@node @ https://www.fullhdfilmizlesene.now/minx/ftjs.1786843931.js:0
[ 1357458ms] [LOG] %c JSHandle@node @ https://www.fullhdfilmizlesene.now/minx/ftjs.1786843931.js:0
[ 1357958ms] [LOG] %c JSHandle@node @ https://www.fullhdfilmizlesene.now/minx/ftjs.1786843931.js:0
[ 1358460ms] [LOG] %c JSHandle@node @ https://www.fullhdfilmizlesene.now/minx/ftjs.1786843931.js:0
[ 1358962ms] [LOG] %c JSHandle@node @ https://www.fullhdfilmizlesene.now/minx/ftjs.1786843931.js:0
[ 1359462ms] [LOG] %c JSHandle@node @ https://www.fullhdfilmizlesene.now/minx/ftjs.1786843931.js:0
[ 1359961ms] [LOG] %c JSHandle@node @ https://www.fullhdfilmizlesene.now/minx/ftjs.1786843931.js:0
[ 1360449ms] [LOG] %c JSHandle@node @ https://www.fullhdfilmizlesene.now/minx/ftjs.1786843931.js:0
[ 1360962ms] [LOG] %c JSHandle@node @ https://www.fullhdfilmizlesene.now/minx/ftjs.1786843931.js:0
[ 1361457ms] [LOG] %c JSHandle@node @ https://www.fullhdfilmizlesene.now/minx/ftjs.1786843931.js:0
[ 1361956ms] [LOG] %c JSHandle@node @ https://www.fullhdfilmizlesene.now/minx/ftjs.1786843931.js:0
[ 1362454ms] [LOG] %c JSHandle@node @ https://www.fullhdfilmizlesene.now/minx/ftjs.1786843931.js:0
[ 1362954ms] [LOG] %c JSHandle@node @ https://www.fullhdfilmizlesene.now/minx/ftjs.1786843931.js:0
[ 1363455ms] [LOG] %c JSHandle@node @ https://www.fullhdfilmizlesene.now/minx/ftjs.1786843931.js:0
[ 1363952ms] [LOG] %c JSHandle@node @ https://www.fullhdfilmizlesene.now/minx/ftjs.1786843931.js:0
[ 1364454ms] [LOG] %c JSHandle@node @ https://www.fullhdfilmizlesene.now/minx/ftjs.1786843931.js:0
[ 1364951ms] [LOG] %c JSHandle@node @ https://www.fullhdfilmizlesene.now/minx/ftjs.1786843931.js:0
[ 1365452ms] [LOG] %c JSHandle@node @ https://www.fullhdfilmizlesene.now/minx/ftjs.1786843931.js:0
[ 1365953ms] [LOG] %c JSHandle@node @ https://www.fullhdfilmizlesene.now/minx/ftjs.1786843931.js:0
[ 1366450ms] [LOG] %c JSHandle@node @ https://www.fullhdfilmizlesene.now/minx/ftjs.1786843931.js:0
[ 1366958ms] [LOG] %c JSHandle@node @ https://www.fullhdfilmizlesene.now/minx/ftjs.1786843931.js:0
[ 1367457ms] [LOG] %c JSHandle@node @ https://www.fullhdfilmizlesene.now/minx/ftjs.1786843931.js:0
[ 1367956ms] [LOG] %c JSHandle@node @ https://www.fullhdfilmizlesene.now/minx/ftjs.1786843931.js:0
[ 1368456ms] [LOG] %c JSHandle@node @ https://www.fullhdfilmizlesene.now/minx/ftjs.1786843931.js:0
[ 1368957ms] [LOG] %c JSHandle@node @ https://www.fullhdfilmizlesene.now/minx/ftjs.1786843931.js:0
[ 1369455ms] [LOG] %c JSHandle@node @ https://www.fullhdfilmizlesene.now/minx/ftjs.1786843931.js:0
[ 1369956ms] [LOG] %c JSHandle@node @ https://www.fullhdfilmizlesene.now/minx/ftjs.1786843931.js:0
[ 1370454ms] [LOG] %c JSHandle@node @ https://www.fullhdfilmizlesene.now/minx/ftjs.1786843931.js:0
[ 1370949ms] [LOG] %c JSHandle@node @ https://www.fullhdfilmizlesene.now/minx/ftjs.1786843931.js:0
[ 1371450ms] [LOG] %c JSHandle@node @ https://www.fullhdfilmizlesene.now/minx/ftjs.1786843931.js:0
[ 1371952ms] [LOG] %c JSHandle@node @ https://www.fullhdfilmizlesene.now/minx/ftjs.1786843931.js:0
[ 1372452ms] [LOG] %c JSHandle@node @ https://www.fullhdfilmizlesene.now/minx/ftjs.1786843931.js:0
[ 1372949ms] [LOG] %c JSHandle@node @ https://www.fullhdfilmizlesene.now/minx/ftjs.1786843931.js:0
[ 1373462ms] [LOG] %c JSHandle@node @ https://www.fullhdfilmizlesene.now/minx/ftjs.1786843931.js:0
[ 1373949ms] [LOG] %c JSHandle@node @ https://www.fullhdfilmizlesene.now/minx/ftjs.1786843931.js:0
[ 1374450ms] [LOG] %c JSHandle@node @ https://www.fullhdfilmizlesene.now/minx/ftjs.1786843931.js:0
[ 1374951ms] [LOG] %c JSHandle@node @ https://www.fullhdfilmizlesene.now/minx/ftjs.1786843931.js:0
[ 1375450ms] [LOG] %c JSHandle@node @ https://www.fullhdfilmizlesene.now/minx/ftjs.1786843931.js:0
[ 1375949ms] [LOG] %c JSHandle@node @ https://www.fullhdfilmizlesene.now/minx/ftjs.1786843931.js:0
[ 1376451ms] [LOG] %c JSHandle@node @ https://www.fullhdfilmizlesene.now/minx/ftjs.1786843931.js:0
[ 1376960ms] [LOG] %c JSHandle@node @ https://www.fullhdfilmizlesene.now/minx/ftjs.1786843931.js:0
[ 1377449ms] [LOG] %c JSHandle@node @ https://www.fullhdfilmizlesene.now/minx/ftjs.1786843931.js:0
[ 1377951ms] [LOG] %c JSHandle@node @ https://www.fullhdfilmizlesene.now/minx/ftjs.1786843931.js:0
[ 1378455ms] [LOG] %c JSHandle@node @ https://www.fullhdfilmizlesene.now/minx/ftjs.1786843931.js:0
[ 1378951ms] [LOG] %c JSHandle@node @ https://www.fullhdfilmizlesene.now/minx/ftjs.1786843931.js:0
[ 1379450ms] [LOG] %c JSHandle@node @ https://www.fullhdfilmizlesene.now/minx/ftjs.1786843931.js:0
[ 1379963ms] [LOG] %c JSHandle@node @ https://www.fullhdfilmizlesene.now/minx/ftjs.1786843931.js:0
[ 1380463ms] [LOG] %c JSHandle@node @ https://www.fullhdfilmizlesene.now/minx/ftjs.1786843931.js:0
[ 1380953ms] [LOG] %c JSHandle@node @ https://www.fullhdfilmizlesene.now/minx/ftjs.1786843931.js:0
[ 1381453ms] [LOG] %c JSHandle@node @ https://www.fullhdfilmizlesene.now/minx/ftjs.1786843931.js:0
[ 1381951ms] [LOG] %c JSHandle@node @ https://www.fullhdfilmizlesene.now/minx/ftjs.1786843931.js:0
[ 1382450ms] [LOG] %c JSHandle@node @ https://www.fullhdfilmizlesene.now/minx/ftjs.1786843931.js:0
[ 1382952ms] [LOG] %c JSHandle@node @ https://www.fullhdfilmizlesene.now/minx/ftjs.1786843931.js:0
[ 1383452ms] [LOG] %c JSHandle@node @ https://www.fullhdfilmizlesene.now/minx/ftjs.1786843931.js:0
[ 1383963ms] [LOG] %c JSHandle@node @ https://www.fullhdfilmizlesene.now/minx/ftjs.1786843931.js:0
[ 1384462ms] [LOG] %c JSHandle@node @ https://www.fullhdfilmizlesene.now/minx/ftjs.1786843931.js:0
[ 1384957ms] [LOG] %c JSHandle@node @ https://www.fullhdfilmizlesene.now/minx/ftjs.1786843931.js:0
[ 1385454ms] [LOG] %c JSHandle@node @ https://www.fullhdfilmizlesene.now/minx/ftjs.1786843931.js:0
[ 1385950ms] [LOG] %c JSHandle@node @ https://www.fullhdfilmizlesene.now/minx/ftjs.1786843931.js:0
[ 1386458ms] [LOG] %c JSHandle@node @ https://www.fullhdfilmizlesene.now/minx/ftjs.1786843931.js:0
[ 1386955ms] [LOG] %c JSHandle@node @ https://www.fullhdfilmizlesene.now/minx/ftjs.1786843931.js:0
[ 1387453ms] [LOG] %c JSHandle@node @ https://www.fullhdfilmizlesene.now/minx/ftjs.1786843931.js:0
[ 1387948ms] [LOG] %c JSHandle@node @ https://www.fullhdfilmizlesene.now/minx/ftjs.1786843931.js:0
[ 1388463ms] [LOG] %c JSHandle@node @ https://www.fullhdfilmizlesene.now/minx/ftjs.1786843931.js:0
[ 1388957ms] [LOG] %c JSHandle@node @ https://www.fullhdfilmizlesene.now/minx/ftjs.1786843931.js:0
[ 1389458ms] [LOG] %c JSHandle@node @ https://www.fullhdfilmizlesene.now/minx/ftjs.1786843931.js:0
[ 1389955ms] [LOG] %c JSHandle@node @ https://www.fullhdfilmizlesene.now/minx/ftjs.1786843931.js:0
[ 1390451ms] [LOG] %c JSHandle@node @ https://www.fullhdfilmizlesene.now/minx/ftjs.1786843931.js:0
[ 1390950ms] [LOG] %c JSHandle@node @ https://www.fullhdfilmizlesene.now/minx/ftjs.1786843931.js:0
[ 1391463ms] [LOG] %c JSHandle@node @ https://www.fullhdfilmizlesene.now/minx/ftjs.1786843931.js:0
[ 1391963ms] [LOG] %c JSHandle@node @ https://www.fullhdfilmizlesene.now/minx/ftjs.1786843931.js:0
[ 1392464ms] [LOG] %c JSHandle@node @ https://www.fullhdfilmizlesene.now/minx/ftjs.1786843931.js:0
[ 1392949ms] [LOG] %c JSHandle@node @ https://www.fullhdfilmizlesene.now/minx/ftjs.1786843931.js:0
[ 1393462ms] [LOG] %c JSHandle@node @ https://www.fullhdfilmizlesene.now/minx/ftjs.1786843931.js:0
[ 1393961ms] [LOG] %c JSHandle@node @ https://www.fullhdfilmizlesene.now/minx/ftjs.1786843931.js:0
[ 1394457ms] [LOG] %c JSHandle@node @ https://www.fullhdfilmizlesene.now/minx/ftjs.1786843931.js:0
[ 1394963ms] [LOG] %c JSHandle@node @ https://www.fullhdfilmizlesene.now/minx/ftjs.1786843931.js:0
[ 1395462ms] [LOG] %c JSHandle@node @ https://www.fullhdfilmizlesene.now/minx/ftjs.1786843931.js:0
[ 1395959ms] [LOG] %c JSHandle@node @ https://www.fullhdfilmizlesene.now/minx/ftjs.1786843931.js:0
[ 1396458ms] [LOG] %c JSHandle@node @ https://www.fullhdfilmizlesene.now/minx/ftjs.1786843931.js:0
[ 1396958ms] [LOG] %c JSHandle@node @ https://www.fullhdfilmizlesene.now/minx/ftjs.1786843931.js:0
[ 1397455ms] [LOG] %c JSHandle@node @ https://www.fullhdfilmizlesene.now/minx/ftjs.1786843931.js:0
[ 1397956ms] [LOG] %c JSHandle@node @ https://www.fullhdfilmizlesene.now/minx/ftjs.1786843931.js:0
[ 1398452ms] [LOG] %c JSHandle@node @ https://www.fullhdfilmizlesene.now/minx/ftjs.1786843931.js:0
[ 1398953ms] [LOG] %c JSHandle@node @ https://www.fullhdfilmizlesene.now/minx/ftjs.1786843931.js:0
[ 1399449ms] [LOG] %c JSHandle@node @ https://www.fullhdfilmizlesene.now/minx/ftjs.1786843931.js:0
[ 1399961ms] [LOG] %c JSHandle@node @ https://www.fullhdfilmizlesene.now/minx/ftjs.1786843931.js:0
[ 1400456ms] [LOG] %c JSHandle@node @ https://www.fullhdfilmizlesene.now/minx/ftjs.1786843931.js:0
[ 1400953ms] [LOG] %c JSHandle@node @ https://www.fullhdfilmizlesene.now/minx/ftjs.1786843931.js:0
[ 1401454ms] [LOG] %c JSHandle@node @ https://www.fullhdfilmizlesene.now/minx/ftjs.1786843931.js:0
[ 1401953ms] [LOG] %c JSHandle@node @ https://www.fullhdfilmizlesene.now/minx/ftjs.1786843931.js:0
[ 1402449ms] [LOG] %c JSHandle@node @ https://www.fullhdfilmizlesene.now/minx/ftjs.1786843931.js:0
[ 1402963ms] [LOG] %c JSHandle@node @ https://www.fullhdfilmizlesene.now/minx/ftjs.1786843931.js:0
[ 1403462ms] [LOG] %c JSHandle@node @ https://www.fullhdfilmizlesene.now/minx/ftjs.1786843931.js:0
[ 1403957ms] [LOG] %c JSHandle@node @ https://www.fullhdfilmizlesene.now/minx/ftjs.1786843931.js:0
[ 1404459ms] [LOG] %c JSHandle@node @ https://www.fullhdfilmizlesene.now/minx/ftjs.1786843931.js:0
[ 1404958ms] [LOG] %c JSHandle@node @ https://www.fullhdfilmizlesene.now/minx/ftjs.1786843931.js:0
[ 1405457ms] [LOG] %c JSHandle@node @ https://www.fullhdfilmizlesene.now/minx/ftjs.1786843931.js:0
[ 1405956ms] [LOG] %c JSHandle@node @ https://www.fullhdfilmizlesene.now/minx/ftjs.1786843931.js:0
[ 1406456ms] [LOG] %c JSHandle@node @ https://www.fullhdfilmizlesene.now/minx/ftjs.1786843931.js:0
[ 1406956ms] [LOG] %c JSHandle@node @ https://www.fullhdfilmizlesene.now/minx/ftjs.1786843931.js:0
[ 1407450ms] [LOG] %c JSHandle@node @ https://www.fullhdfilmizlesene.now/minx/ftjs.1786843931.js:0
[ 1407950ms] [LOG] %c JSHandle@node @ https://www.fullhdfilmizlesene.now/minx/ftjs.1786843931.js:0
[ 1408463ms] [LOG] %c JSHandle@node @ https://www.fullhdfilmizlesene.now/minx/ftjs.1786843931.js:0
[ 1408962ms] [LOG] %c JSHandle@node @ https://www.fullhdfilmizlesene.now/minx/ftjs.1786843931.js:0
[ 1409461ms] [LOG] %c JSHandle@node @ https://www.fullhdfilmizlesene.now/minx/ftjs.1786843931.js:0
[ 1409956ms] [LOG] %c JSHandle@node @ https://www.fullhdfilmizlesene.now/minx/ftjs.1786843931.js:0
[ 1410455ms] [LOG] %c JSHandle@node @ https://www.fullhdfilmizlesene.now/minx/ftjs.1786843931.js:0
[ 1410953ms] [LOG] %c JSHandle@node @ https://www.fullhdfilmizlesene.now/minx/ftjs.1786843931.js:0
[ 1411449ms] [LOG] %c JSHandle@node @ https://www.fullhdfilmizlesene.now/minx/ftjs.1786843931.js:0
[ 1411962ms] [LOG] %c JSHandle@node @ https://www.fullhdfilmizlesene.now/minx/ftjs.1786843931.js:0
[ 1412461ms] [LOG] %c JSHandle@node @ https://www.fullhdfilmizlesene.now/minx/ftjs.1786843931.js:0
[ 1412959ms] [LOG] %c JSHandle@node @ https://www.fullhdfilmizlesene.now/minx/ftjs.1786843931.js:0
[ 1413459ms] [LOG] %c JSHandle@node @ https://www.fullhdfilmizlesene.now/minx/ftjs.1786843931.js:0
[ 1413948ms] [LOG] %c JSHandle@node @ https://www.fullhdfilmizlesene.now/minx/ftjs.1786843931.js:0
[ 1414455ms] [LOG] %c JSHandle@node @ https://www.fullhdfilmizlesene.now/minx/ftjs.1786843931.js:0
[ 1414957ms] [LOG] %c JSHandle@node @ https://www.fullhdfilmizlesene.now/minx/ftjs.1786843931.js:0
[ 1415460ms] [LOG] %c JSHandle@node @ https://www.fullhdfilmizlesene.now/minx/ftjs.1786843931.js:0
[ 1415961ms] [LOG] %c JSHandle@node @ https://www.fullhdfilmizlesene.now/minx/ftjs.1786843931.js:0
[ 1416462ms] [LOG] %c JSHandle@node @ https://www.fullhdfilmizlesene.now/minx/ftjs.1786843931.js:0
[ 1416956ms] [LOG] %c JSHandle@node @ https://www.fullhdfilmizlesene.now/minx/ftjs.1786843931.js:0
[ 1417460ms] [LOG] %c JSHandle@node @ https://www.fullhdfilmizlesene.now/minx/ftjs.1786843931.js:0
[ 1417964ms] [LOG] %c JSHandle@node @ https://www.fullhdfilmizlesene.now/minx/ftjs.1786843931.js:0
[ 1418460ms] [LOG] %c JSHandle@node @ https://www.fullhdfilmizlesene.now/minx/ftjs.1786843931.js:0
[ 1418962ms] [LOG] %c JSHandle@node @ https://www.fullhdfilmizlesene.now/minx/ftjs.1786843931.js:0
[ 1419460ms] [LOG] %c JSHandle@node @ https://www.fullhdfilmizlesene.now/minx/ftjs.1786843931.js:0
[ 1419963ms] [LOG] %c JSHandle@node @ https://www.fullhdfilmizlesene.now/minx/ftjs.1786843931.js:0
[ 1420462ms] [LOG] %c JSHandle@node @ https://www.fullhdfilmizlesene.now/minx/ftjs.1786843931.js:0
[ 1420950ms] [LOG] %c JSHandle@node @ https://www.fullhdfilmizlesene.now/minx/ftjs.1786843931.js:0
[ 1421449ms] [LOG] %c JSHandle@node @ https://www.fullhdfilmizlesene.now/minx/ftjs.1786843931.js:0
[ 1421963ms] [LOG] %c JSHandle@node @ https://www.fullhdfilmizlesene.now/minx/ftjs.1786843931.js:0
[ 1422461ms] [LOG] %c JSHandle@node @ https://www.fullhdfilmizlesene.now/minx/ftjs.1786843931.js:0
[ 1422963ms] [LOG] %c JSHandle@node @ https://www.fullhdfilmizlesene.now/minx/ftjs.1786843931.js:0
[ 1423461ms] [LOG] %c JSHandle@node @ https://www.fullhdfilmizlesene.now/minx/ftjs.1786843931.js:0
[ 1423958ms] [LOG] %c JSHandle@node @ https://www.fullhdfilmizlesene.now/minx/ftjs.1786843931.js:0
[ 1424460ms] [LOG] %c JSHandle@node @ https://www.fullhdfilmizlesene.now/minx/ftjs.1786843931.js:0
[ 1424961ms] [LOG] %c JSHandle@node @ https://www.fullhdfilmizlesene.now/minx/ftjs.1786843931.js:0
[ 1425458ms] [LOG] %c JSHandle@node @ https://www.fullhdfilmizlesene.now/minx/ftjs.1786843931.js:0
[ 1425958ms] [LOG] %c JSHandle@node @ https://www.fullhdfilmizlesene.now/minx/ftjs.1786843931.js:0
[ 1426456ms] [LOG] %c JSHandle@node @ https://www.fullhdfilmizlesene.now/minx/ftjs.1786843931.js:0
[ 1426954ms] [LOG] %c JSHandle@node @ https://www.fullhdfilmizlesene.now/minx/ftjs.1786843931.js:0
[ 1427455ms] [LOG] %c JSHandle@node @ https://www.fullhdfilmizlesene.now/minx/ftjs.1786843931.js:0
[ 1427959ms] [LOG] %c JSHandle@node @ https://www.fullhdfilmizlesene.now/minx/ftjs.1786843931.js:0
[ 1428462ms] [LOG] %c JSHandle@node @ https://www.fullhdfilmizlesene.now/minx/ftjs.1786843931.js:0
[ 1428962ms] [LOG] %c JSHandle@node @ https://www.fullhdfilmizlesene.now/minx/ftjs.1786843931.js:0
[ 1429456ms] [LOG] %c JSHandle@node @ https://www.fullhdfilmizlesene.now/minx/ftjs.1786843931.js:0
[ 1429956ms] [LOG] %c JSHandle@node @ https://www.fullhdfilmizlesene.now/minx/ftjs.1786843931.js:0
[ 1430456ms] [LOG] %c JSHandle@node @ https://www.fullhdfilmizlesene.now/minx/ftjs.1786843931.js:0
[ 1430951ms] [LOG] %c JSHandle@node @ https://www.fullhdfilmizlesene.now/minx/ftjs.1786843931.js:0
[ 1431453ms] [LOG] %c JSHandle@node @ https://www.fullhdfilmizlesene.now/minx/ftjs.1786843931.js:0
[ 1431951ms] [LOG] %c JSHandle@node @ https://www.fullhdfilmizlesene.now/minx/ftjs.1786843931.js:0
[ 1432449ms] [LOG] %c JSHandle@node @ https://www.fullhdfilmizlesene.now/minx/ftjs.1786843931.js:0
[ 1432961ms] [LOG] %c JSHandle@node @ https://www.fullhdfilmizlesene.now/minx/ftjs.1786843931.js:0
[ 1433456ms] [LOG] %c JSHandle@node @ https://www.fullhdfilmizlesene.now/minx/ftjs.1786843931.js:0
[ 1433955ms] [LOG] %c JSHandle@node @ https://www.fullhdfilmizlesene.now/minx/ftjs.1786843931.js:0
[ 1434455ms] [LOG] %c JSHandle@node @ https://www.fullhdfilmizlesene.now/minx/ftjs.1786843931.js:0
[ 1434952ms] [LOG] %c JSHandle@node @ https://www.fullhdfilmizlesene.now/minx/ftjs.1786843931.js:0
[ 1435451ms] [LOG] %c JSHandle@node @ https://www.fullhdfilmizlesene.now/minx/ftjs.1786843931.js:0
[ 1435962ms] [LOG] %c JSHandle@node @ https://www.fullhdfilmizlesene.now/minx/ftjs.1786843931.js:0
[ 1436464ms] [LOG] %c JSHandle@node @ https://www.fullhdfilmizlesene.now/minx/ftjs.1786843931.js:0
[ 1436963ms] [LOG] %c JSHandle@node @ https://www.fullhdfilmizlesene.now/minx/ftjs.1786843931.js:0
[ 1437459ms] [LOG] %c JSHandle@node @ https://www.fullhdfilmizlesene.now/minx/ftjs.1786843931.js:0
[ 1437959ms] [LOG] %c JSHandle@node @ https://www.fullhdfilmizlesene.now/minx/ftjs.1786843931.js:0
[ 1438456ms] [LOG] %c JSHandle@node @ https://www.fullhdfilmizlesene.now/minx/ftjs.1786843931.js:0
[ 1438955ms] [LOG] %c JSHandle@node @ https://www.fullhdfilmizlesene.now/minx/ftjs.1786843931.js:0
[ 1439457ms] [LOG] %c JSHandle@node @ https://www.fullhdfilmizlesene.now/minx/ftjs.1786843931.js:0
[ 1439954ms] [LOG] %c JSHandle@node @ https://www.fullhdfilmizlesene.now/minx/ftjs.1786843931.js:0
[ 1440454ms] [LOG] %c JSHandle@node @ https://www.fullhdfilmizlesene.now/minx/ftjs.1786843931.js:0
[ 1440948ms] [LOG] %c JSHandle@node @ https://www.fullhdfilmizlesene.now/minx/ftjs.1786843931.js:0
[ 1441461ms] [LOG] %c JSHandle@node @ https://www.fullhdfilmizlesene.now/minx/ftjs.1786843931.js:0
[ 1441959ms] [LOG] %c JSHandle@node @ https://www.fullhdfilmizlesene.now/minx/ftjs.1786843931.js:0
[ 1442455ms] [LOG] %c JSHandle@node @ https://www.fullhdfilmizlesene.now/minx/ftjs.1786843931.js:0
[ 1442953ms] [LOG] %c JSHandle@node @ https://www.fullhdfilmizlesene.now/minx/ftjs.1786843931.js:0
[ 1443452ms] [LOG] %c JSHandle@node @ https://www.fullhdfilmizlesene.now/minx/ftjs.1786843931.js:0
[ 1443950ms] [LOG] %c JSHandle@node @ https://www.fullhdfilmizlesene.now/minx/ftjs.1786843931.js:0
[ 1444451ms] [LOG] %c JSHandle@node @ https://www.fullhdfilmizlesene.now/minx/ftjs.1786843931.js:0
[ 1444962ms] [LOG] %c JSHandle@node @ https://www.fullhdfilmizlesene.now/minx/ftjs.1786843931.js:0
[ 1445464ms] [LOG] %c JSHandle@node @ https://www.fullhdfilmizlesene.now/minx/ftjs.1786843931.js:0
[ 1445949ms] [LOG] %c JSHandle@node @ https://www.fullhdfilmizlesene.now/minx/ftjs.1786843931.js:0
[ 1446462ms] [LOG] %c JSHandle@node @ https://www.fullhdfilmizlesene.now/minx/ftjs.1786843931.js:0
[ 1446960ms] [LOG] %c JSHandle@node @ https://www.fullhdfilmizlesene.now/minx/ftjs.1786843931.js:0
[ 1447458ms] [LOG] %c JSHandle@node @ https://www.fullhdfilmizlesene.now/minx/ftjs.1786843931.js:0
[ 1447952ms] [LOG] %c JSHandle@node @ https://www.fullhdfilmizlesene.now/minx/ftjs.1786843931.js:0
[ 1448452ms] [LOG] %c JSHandle@node @ https://www.fullhdfilmizlesene.now/minx/ftjs.1786843931.js:0
[ 1448964ms] [LOG] %c JSHandle@node @ https://www.fullhdfilmizlesene.now/minx/ftjs.1786843931.js:0
[ 1449463ms] [LOG] %c JSHandle@node @ https://www.fullhdfilmizlesene.now/minx/ftjs.1786843931.js:0
[ 1449960ms] [LOG] %c JSHandle@node @ https://www.fullhdfilmizlesene.now/minx/ftjs.1786843931.js:0
[ 1450461ms] [LOG] %c JSHandle@node @ https://www.fullhdfilmizlesene.now/minx/ftjs.1786843931.js:0
[ 1450963ms] [LOG] %c JSHandle@node @ https://www.fullhdfilmizlesene.now/minx/ftjs.1786843931.js:0
[ 1451461ms] [LOG] %c JSHandle@node @ https://www.fullhdfilmizlesene.now/minx/ftjs.1786843931.js:0
[ 1451961ms] [LOG] %c JSHandle@node @ https://www.fullhdfilmizlesene.now/minx/ftjs.1786843931.js:0
[ 1452459ms] [LOG] %c JSHandle@node @ https://www.fullhdfilmizlesene.now/minx/ftjs.1786843931.js:0
[ 1452958ms] [LOG] %c JSHandle@node @ https://www.fullhdfilmizlesene.now/minx/ftjs.1786843931.js:0
[ 1453454ms] [LOG] %c JSHandle@node @ https://www.fullhdfilmizlesene.now/minx/ftjs.1786843931.js:0
[ 1453953ms] [LOG] %c JSHandle@node @ https://www.fullhdfilmizlesene.now/minx/ftjs.1786843931.js:0
[ 1454448ms] [LOG] %c JSHandle@node @ https://www.fullhdfilmizlesene.now/minx/ftjs.1786843931.js:0
[ 1454961ms] [LOG] %c JSHandle@node @ https://www.fullhdfilmizlesene.now/minx/ftjs.1786843931.js:0
[ 1455460ms] [LOG] %c JSHandle@node @ https://www.fullhdfilmizlesene.now/minx/ftjs.1786843931.js:0
[ 1455956ms] [LOG] %c JSHandle@node @ https://www.fullhdfilmizlesene.now/minx/ftjs.1786843931.js:0
[ 1456453ms] [LOG] %c JSHandle@node @ https://www.fullhdfilmizlesene.now/minx/ftjs.1786843931.js:0
[ 1456954ms] [LOG] %c JSHandle@node @ https://www.fullhdfilmizlesene.now/minx/ftjs.1786843931.js:0
[ 1457462ms] [LOG] %c JSHandle@node @ https://www.fullhdfilmizlesene.now/minx/ftjs.1786843931.js:0
[ 1457963ms] [LOG] %c JSHandle@node @ https://www.fullhdfilmizlesene.now/minx/ftjs.1786843931.js:0
[ 1458460ms] [LOG] %c JSHandle@node @ https://www.fullhdfilmizlesene.now/minx/ftjs.1786843931.js:0
[ 1458954ms] [LOG] %c JSHandle@node @ https://www.fullhdfilmizlesene.now/minx/ftjs.1786843931.js:0
[ 1459458ms] [LOG] %c JSHandle@node @ https://www.fullhdfilmizlesene.now/minx/ftjs.1786843931.js:0
[ 1459960ms] [LOG] %c JSHandle@node @ https://www.fullhdfilmizlesene.now/minx/ftjs.1786843931.js:0
[ 1460459ms] [LOG] %c JSHandle@node @ https://www.fullhdfilmizlesene.now/minx/ftjs.1786843931.js:0
[ 1460949ms] [LOG] %c JSHandle@node @ https://www.fullhdfilmizlesene.now/minx/ftjs.1786843931.js:0
[ 1461448ms] [LOG] %c JSHandle@node @ https://www.fullhdfilmizlesene.now/minx/ftjs.1786843931.js:0
[ 1461955ms] [LOG] %c JSHandle@node @ https://www.fullhdfilmizlesene.now/minx/ftjs.1786843931.js:0
[ 1462451ms] [LOG] %c JSHandle@node @ https://www.fullhdfilmizlesene.now/minx/ftjs.1786843931.js:0
[ 1462954ms] [LOG] %c JSHandle@node @ https://www.fullhdfilmizlesene.now/minx/ftjs.1786843931.js:0
[ 1463453ms] [LOG] %c JSHandle@node @ https://www.fullhdfilmizlesene.now/minx/ftjs.1786843931.js:0
[ 1463949ms] [LOG] %c JSHandle@node @ https://www.fullhdfilmizlesene.now/minx/ftjs.1786843931.js:0
[ 1464451ms] [LOG] %c JSHandle@node @ https://www.fullhdfilmizlesene.now/minx/ftjs.1786843931.js:0
[ 1464948ms] [LOG] %c JSHandle@node @ https://www.fullhdfilmizlesene.now/minx/ftjs.1786843931.js:0
[ 1465450ms] [LOG] %c JSHandle@node @ https://www.fullhdfilmizlesene.now/minx/ftjs.1786843931.js:0
[ 1465954ms] [LOG] %c JSHandle@node @ https://www.fullhdfilmizlesene.now/minx/ftjs.1786843931.js:0
[ 1466460ms] [LOG] %c JSHandle@node @ https://www.fullhdfilmizlesene.now/minx/ftjs.1786843931.js:0
[ 1466948ms] [LOG] %c JSHandle@node @ https://www.fullhdfilmizlesene.now/minx/ftjs.1786843931.js:0
[ 1467458ms] [LOG] %c JSHandle@node @ https://www.fullhdfilmizlesene.now/minx/ftjs.1786843931.js:0
[ 1467955ms] [LOG] %c JSHandle@node @ https://www.fullhdfilmizlesene.now/minx/ftjs.1786843931.js:0
[ 1468454ms] [LOG] %c JSHandle@node @ https://www.fullhdfilmizlesene.now/minx/ftjs.1786843931.js:0
[ 1468956ms] [LOG] %c JSHandle@node @ https://www.fullhdfilmizlesene.now/minx/ftjs.1786843931.js:0
[ 1469449ms] [LOG] %c JSHandle@node @ https://www.fullhdfilmizlesene.now/minx/ftjs.1786843931.js:0
[ 1469950ms] [LOG] %c JSHandle@node @ https://www.fullhdfilmizlesene.now/minx/ftjs.1786843931.js:0
[ 1470460ms] [LOG] %c JSHandle@node @ https://www.fullhdfilmizlesene.now/minx/ftjs.1786843931.js:0
[ 1470958ms] [LOG] %c JSHandle@node @ https://www.fullhdfilmizlesene.now/minx/ftjs.1786843931.js:0
[ 1471458ms] [LOG] %c JSHandle@node @ https://www.fullhdfilmizlesene.now/minx/ftjs.1786843931.js:0
[ 1471952ms] [LOG] %c JSHandle@node @ https://www.fullhdfilmizlesene.now/minx/ftjs.1786843931.js:0
[ 1472456ms] [LOG] %c JSHandle@node @ https://www.fullhdfilmizlesene.now/minx/ftjs.1786843931.js:0
[ 1472953ms] [LOG] %c JSHandle@node @ https://www.fullhdfilmizlesene.now/minx/ftjs.1786843931.js:0
[ 1473452ms] [LOG] %c JSHandle@node @ https://www.fullhdfilmizlesene.now/minx/ftjs.1786843931.js:0
[ 1473963ms] [LOG] %c JSHandle@node @ https://www.fullhdfilmizlesene.now/minx/ftjs.1786843931.js:0
[ 1474449ms] [LOG] %c JSHandle@node @ https://www.fullhdfilmizlesene.now/minx/ftjs.1786843931.js:0
[ 1474950ms] [LOG] %c JSHandle@node @ https://www.fullhdfilmizlesene.now/minx/ftjs.1786843931.js:0
[ 1475459ms] [LOG] %c JSHandle@node @ https://www.fullhdfilmizlesene.now/minx/ftjs.1786843931.js:0
[ 1475957ms] [LOG] %c JSHandle@node @ https://www.fullhdfilmizlesene.now/minx/ftjs.1786843931.js:0
[ 1476457ms] [LOG] %c JSHandle@node @ https://www.fullhdfilmizlesene.now/minx/ftjs.1786843931.js:0
[ 1476957ms] [LOG] %c JSHandle@node @ https://www.fullhdfilmizlesene.now/minx/ftjs.1786843931.js:0
[ 1477458ms] [LOG] %c JSHandle@node @ https://www.fullhdfilmizlesene.now/minx/ftjs.1786843931.js:0
[ 1477962ms] [LOG] %c JSHandle@node @ https://www.fullhdfilmizlesene.now/minx/ftjs.1786843931.js:0
[ 1478451ms] [LOG] %c JSHandle@node @ https://www.fullhdfilmizlesene.now/minx/ftjs.1786843931.js:0
[ 1478951ms] [LOG] %c JSHandle@node @ https://www.fullhdfilmizlesene.now/minx/ftjs.1786843931.js:0
[ 1479453ms] [LOG] %c JSHandle@node @ https://www.fullhdfilmizlesene.now/minx/ftjs.1786843931.js:0
[ 1479953ms] [LOG] %c JSHandle@node @ https://www.fullhdfilmizlesene.now/minx/ftjs.1786843931.js:0
[ 1480452ms] [LOG] %c JSHandle@node @ https://www.fullhdfilmizlesene.now/minx/ftjs.1786843931.js:0
[ 1480951ms] [LOG] %c JSHandle@node @ https://www.fullhdfilmizlesene.now/minx/ftjs.1786843931.js:0
[ 1481454ms] [LOG] %c JSHandle@node @ https://www.fullhdfilmizlesene.now/minx/ftjs.1786843931.js:0
[ 1481959ms] [LOG] %c JSHandle@node @ https://www.fullhdfilmizlesene.now/minx/ftjs.1786843931.js:0
[ 1482455ms] [LOG] %c JSHandle@node @ https://www.fullhdfilmizlesene.now/minx/ftjs.1786843931.js:0
[ 1482955ms] [LOG] %c JSHandle@node @ https://www.fullhdfilmizlesene.now/minx/ftjs.1786843931.js:0
[ 1483456ms] [LOG] %c JSHandle@node @ https://www.fullhdfilmizlesene.now/minx/ftjs.1786843931.js:0
[ 1483956ms] [LOG] %c JSHandle@node @ https://www.fullhdfilmizlesene.now/minx/ftjs.1786843931.js:0
[ 1484454ms] [LOG] %c JSHandle@node @ https://www.fullhdfilmizlesene.now/minx/ftjs.1786843931.js:0
[ 1484954ms] [LOG] %c JSHandle@node @ https://www.fullhdfilmizlesene.now/minx/ftjs.1786843931.js:0
[ 1485452ms] [LOG] %c JSHandle@node @ https://www.fullhdfilmizlesene.now/minx/ftjs.1786843931.js:0
[ 1485953ms] [LOG] %c JSHandle@node @ https://www.fullhdfilmizlesene.now/minx/ftjs.1786843931.js:0
[ 1486455ms] [LOG] %c JSHandle@node @ https://www.fullhdfilmizlesene.now/minx/ftjs.1786843931.js:0
[ 1486953ms] [LOG] %c JSHandle@node @ https://www.fullhdfilmizlesene.now/minx/ftjs.1786843931.js:0
[ 1487451ms] [LOG] %c JSHandle@node @ https://www.fullhdfilmizlesene.now/minx/ftjs.1786843931.js:0
[ 1487951ms] [LOG] %c JSHandle@node @ https://www.fullhdfilmizlesene.now/minx/ftjs.1786843931.js:0
[ 1488450ms] [LOG] %c JSHandle@node @ https://www.fullhdfilmizlesene.now/minx/ftjs.1786843931.js:0
[ 1488963ms] [LOG] %c JSHandle@node @ https://www.fullhdfilmizlesene.now/minx/ftjs.1786843931.js:0
[ 1489460ms] [LOG] %c JSHandle@node @ https://www.fullhdfilmizlesene.now/minx/ftjs.1786843931.js:0
[ 1489959ms] [LOG] %c JSHandle@node @ https://www.fullhdfilmizlesene.now/minx/ftjs.1786843931.js:0
[ 1490458ms] [LOG] %c JSHandle@node @ https://www.fullhdfilmizlesene.now/minx/ftjs.1786843931.js:0
[ 1490957ms] [LOG] %c JSHandle@node @ https://www.fullhdfilmizlesene.now/minx/ftjs.1786843931.js:0
[ 1491456ms] [LOG] %c JSHandle@node @ https://www.fullhdfilmizlesene.now/minx/ftjs.1786843931.js:0
[ 1491958ms] [LOG] %c JSHandle@node @ https://www.fullhdfilmizlesene.now/minx/ftjs.1786843931.js:0
[ 1492456ms] [LOG] %c JSHandle@node @ https://www.fullhdfilmizlesene.now/minx/ftjs.1786843931.js:0
[ 1492953ms] [LOG] %c JSHandle@node @ https://www.fullhdfilmizlesene.now/minx/ftjs.1786843931.js:0
[ 1493452ms] [LOG] %c JSHandle@node @ https://www.fullhdfilmizlesene.now/minx/ftjs.1786843931.js:0
[ 1493949ms] [LOG] %c JSHandle@node @ https://www.fullhdfilmizlesene.now/minx/ftjs.1786843931.js:0
[ 1494449ms] [LOG] %c JSHandle@node @ https://www.fullhdfilmizlesene.now/minx/ftjs.1786843931.js:0
[ 1494962ms] [LOG] %c JSHandle@node @ https://www.fullhdfilmizlesene.now/minx/ftjs.1786843931.js:0
[ 1495461ms] [LOG] %c JSHandle@node @ https://www.fullhdfilmizlesene.now/minx/ftjs.1786843931.js:0
[ 1495959ms] [LOG] %c JSHandle@node @ https://www.fullhdfilmizlesene.now/minx/ftjs.1786843931.js:0
[ 1496458ms] [LOG] %c JSHandle@node @ https://www.fullhdfilmizlesene.now/minx/ftjs.1786843931.js:0
[ 1496955ms] [LOG] %c JSHandle@node @ https://www.fullhdfilmizlesene.now/minx/ftjs.1786843931.js:0
[ 1497453ms] [LOG] %c JSHandle@node @ https://www.fullhdfilmizlesene.now/minx/ftjs.1786843931.js:0
[ 1497955ms] [LOG] %c JSHandle@node @ https://www.fullhdfilmizlesene.now/minx/ftjs.1786843931.js:0
[ 1498456ms] [LOG] %c JSHandle@node @ https://www.fullhdfilmizlesene.now/minx/ftjs.1786843931.js:0
[ 1498958ms] [LOG] %c JSHandle@node @ https://www.fullhdfilmizlesene.now/minx/ftjs.1786843931.js:0
[ 1499456ms] [LOG] %c JSHandle@node @ https://www.fullhdfilmizlesene.now/minx/ftjs.1786843931.js:0
[ 1499954ms] [LOG] %c JSHandle@node @ https://www.fullhdfilmizlesene.now/minx/ftjs.1786843931.js:0
[ 1500455ms] [LOG] %c JSHandle@node @ https://www.fullhdfilmizlesene.now/minx/ftjs.1786843931.js:0
[ 1500952ms] [LOG] %c JSHandle@node @ https://www.fullhdfilmizlesene.now/minx/ftjs.1786843931.js:0
[ 1501452ms] [LOG] %c JSHandle@node @ https://www.fullhdfilmizlesene.now/minx/ftjs.1786843931.js:0
[ 1501954ms] [LOG] %c JSHandle@node @ https://www.fullhdfilmizlesene.now/minx/ftjs.1786843931.js:0
[ 1502457ms] [LOG] %c JSHandle@node @ https://www.fullhdfilmizlesene.now/minx/ftjs.1786843931.js:0
[ 1502960ms] [LOG] %c JSHandle@node @ https://www.fullhdfilmizlesene.now/minx/ftjs.1786843931.js:0
[ 1503456ms] [LOG] %c JSHandle@node @ https://www.fullhdfilmizlesene.now/minx/ftjs.1786843931.js:0
[ 1503951ms] [LOG] %c JSHandle@node @ https://www.fullhdfilmizlesene.now/minx/ftjs.1786843931.js:0
[ 1504448ms] [LOG] %c JSHandle@node @ https://www.fullhdfilmizlesene.now/minx/ftjs.1786843931.js:0
[ 1504950ms] [LOG] %c JSHandle@node @ https://www.fullhdfilmizlesene.now/minx/ftjs.1786843931.js:0
[ 1505449ms] [LOG] %c JSHandle@node @ https://www.fullhdfilmizlesene.now/minx/ftjs.1786843931.js:0
[ 1505960ms] [LOG] %c JSHandle@node @ https://www.fullhdfilmizlesene.now/minx/ftjs.1786843931.js:0
[ 1506458ms] [LOG] %c JSHandle@node @ https://www.fullhdfilmizlesene.now/minx/ftjs.1786843931.js:0
[ 1506960ms] [LOG] %c JSHandle@node @ https://www.fullhdfilmizlesene.now/minx/ftjs.1786843931.js:0
[ 1507463ms] [LOG] %c JSHandle@node @ https://www.fullhdfilmizlesene.now/minx/ftjs.1786843931.js:0
[ 1507963ms] [LOG] %c JSHandle@node @ https://www.fullhdfilmizlesene.now/minx/ftjs.1786843931.js:0
[ 1508463ms] [LOG] %c JSHandle@node @ https://www.fullhdfilmizlesene.now/minx/ftjs.1786843931.js:0
[ 1508960ms] [LOG] %c JSHandle@node @ https://www.fullhdfilmizlesene.now/minx/ftjs.1786843931.js:0
[ 1509458ms] [LOG] %c JSHandle@node @ https://www.fullhdfilmizlesene.now/minx/ftjs.1786843931.js:0
[ 1509957ms] [LOG] %c JSHandle@node @ https://www.fullhdfilmizlesene.now/minx/ftjs.1786843931.js:0
[ 1510457ms] [LOG] %c JSHandle@node @ https://www.fullhdfilmizlesene.now/minx/ftjs.1786843931.js:0
[ 1510960ms] [LOG] %c JSHandle@node @ https://www.fullhdfilmizlesene.now/minx/ftjs.1786843931.js:0
[ 1511463ms] [LOG] %c JSHandle@node @ https://www.fullhdfilmizlesene.now/minx/ftjs.1786843931.js:0
[ 1511958ms] [LOG] %c JSHandle@node @ https://www.fullhdfilmizlesene.now/minx/ftjs.1786843931.js:0
[ 1512456ms] [LOG] %c JSHandle@node @ https://www.fullhdfilmizlesene.now/minx/ftjs.1786843931.js:0
[ 1512955ms] [LOG] %c JSHandle@node @ https://www.fullhdfilmizlesene.now/minx/ftjs.1786843931.js:0
[ 1513453ms] [LOG] %c JSHandle@node @ https://www.fullhdfilmizlesene.now/minx/ftjs.1786843931.js:0
[ 1513962ms] [LOG] %c JSHandle@node @ https://www.fullhdfilmizlesene.now/minx/ftjs.1786843931.js:0
[ 1514460ms] [LOG] %c JSHandle@node @ https://www.fullhdfilmizlesene.now/minx/ftjs.1786843931.js:0
[ 1514964ms] [LOG] %c JSHandle@node @ https://www.fullhdfilmizlesene.now/minx/ftjs.1786843931.js:0
[ 1515449ms] [LOG] %c JSHandle@node @ https://www.fullhdfilmizlesene.now/minx/ftjs.1786843931.js:0
[ 1515963ms] [LOG] %c JSHandle@node @ https://www.fullhdfilmizlesene.now/minx/ftjs.1786843931.js:0
[ 1516462ms] [LOG] %c JSHandle@node @ https://www.fullhdfilmizlesene.now/minx/ftjs.1786843931.js:0
[ 1516963ms] [LOG] %c JSHandle@node @ https://www.fullhdfilmizlesene.now/minx/ftjs.1786843931.js:0
[ 1517454ms] [LOG] %c JSHandle@node @ https://www.fullhdfilmizlesene.now/minx/ftjs.1786843931.js:0
[ 1517957ms] [LOG] %c JSHandle@node @ https://www.fullhdfilmizlesene.now/minx/ftjs.1786843931.js:0
[ 1518453ms] [LOG] %c JSHandle@node @ https://www.fullhdfilmizlesene.now/minx/ftjs.1786843931.js:0
[ 1518951ms] [LOG] %c JSHandle@node @ https://www.fullhdfilmizlesene.now/minx/ftjs.1786843931.js:0
[ 1519462ms] [LOG] %c JSHandle@node @ https://www.fullhdfilmizlesene.now/minx/ftjs.1786843931.js:0
[ 1519958ms] [LOG] %c JSHandle@node @ https://www.fullhdfilmizlesene.now/minx/ftjs.1786843931.js:0
[ 1520458ms] [LOG] %c JSHandle@node @ https://www.fullhdfilmizlesene.now/minx/ftjs.1786843931.js:0
[ 1520951ms] [LOG] %c JSHandle@node @ https://www.fullhdfilmizlesene.now/minx/ftjs.1786843931.js:0
[ 1521448ms] [LOG] %c JSHandle@node @ https://www.fullhdfilmizlesene.now/minx/ftjs.1786843931.js:0
[ 1521950ms] [LOG] %c JSHandle@node @ https://www.fullhdfilmizlesene.now/minx/ftjs.1786843931.js:0
[ 1522455ms] [LOG] %c JSHandle@node @ https://www.fullhdfilmizlesene.now/minx/ftjs.1786843931.js:0
[ 1522957ms] [LOG] %c JSHandle@node @ https://www.fullhdfilmizlesene.now/minx/ftjs.1786843931.js:0
[ 1523457ms] [LOG] %c JSHandle@node @ https://www.fullhdfilmizlesene.now/minx/ftjs.1786843931.js:0
[ 1523964ms] [LOG] %c JSHandle@node @ https://www.fullhdfilmizlesene.now/minx/ftjs.1786843931.js:0
[ 1524464ms] [LOG] %c JSHandle@node @ https://www.fullhdfilmizlesene.now/minx/ftjs.1786843931.js:0
[ 1524949ms] [LOG] %c JSHandle@node @ https://www.fullhdfilmizlesene.now/minx/ftjs.1786843931.js:0
[ 1525462ms] [LOG] %c JSHandle@node @ https://www.fullhdfilmizlesene.now/minx/ftjs.1786843931.js:0
[ 1525962ms] [LOG] %c JSHandle@node @ https://www.fullhdfilmizlesene.now/minx/ftjs.1786843931.js:0
[ 1526459ms] [LOG] %c JSHandle@node @ https://www.fullhdfilmizlesene.now/minx/ftjs.1786843931.js:0
[ 1526956ms] [LOG] %c JSHandle@node @ https://www.fullhdfilmizlesene.now/minx/ftjs.1786843931.js:0
[ 1527454ms] [LOG] %c JSHandle@node @ https://www.fullhdfilmizlesene.now/minx/ftjs.1786843931.js:0
[ 1527951ms] [LOG] %c JSHandle@node @ https://www.fullhdfilmizlesene.now/minx/ftjs.1786843931.js:0
[ 1528451ms] [LOG] %c JSHandle@node @ https://www.fullhdfilmizlesene.now/minx/ftjs.1786843931.js:0
[ 1528950ms] [LOG] %c JSHandle@node @ https://www.fullhdfilmizlesene.now/minx/ftjs.1786843931.js:0
[ 1529463ms] [LOG] %c JSHandle@node @ https://www.fullhdfilmizlesene.now/minx/ftjs.1786843931.js:0
[ 1529961ms] [LOG] %c JSHandle@node @ https://www.fullhdfilmizlesene.now/minx/ftjs.1786843931.js:0
[ 1530460ms] [LOG] %c JSHandle@node @ https://www.fullhdfilmizlesene.now/minx/ftjs.1786843931.js:0
[ 1530956ms] [LOG] %c JSHandle@node @ https://www.fullhdfilmizlesene.now/minx/ftjs.1786843931.js:0
[ 1531464ms] [LOG] %c JSHandle@node @ https://www.fullhdfilmizlesene.now/minx/ftjs.1786843931.js:0
[ 1531948ms] [LOG] %c JSHandle@node @ https://www.fullhdfilmizlesene.now/minx/ftjs.1786843931.js:0
[ 1532461ms] [LOG] %c JSHandle@node @ https://www.fullhdfilmizlesene.now/minx/ftjs.1786843931.js:0
[ 1532957ms] [LOG] %c JSHandle@node @ https://www.fullhdfilmizlesene.now/minx/ftjs.1786843931.js:0
[ 1533456ms] [LOG] %c JSHandle@node @ https://www.fullhdfilmizlesene.now/minx/ftjs.1786843931.js:0
[ 1533953ms] [LOG] %c JSHandle@node @ https://www.fullhdfilmizlesene.now/minx/ftjs.1786843931.js:0
[ 1534455ms] [LOG] %c JSHandle@node @ https://www.fullhdfilmizlesene.now/minx/ftjs.1786843931.js:0
[ 1534950ms] [LOG] %c JSHandle@node @ https://www.fullhdfilmizlesene.now/minx/ftjs.1786843931.js:0
[ 1535451ms] [LOG] %c JSHandle@node @ https://www.fullhdfilmizlesene.now/minx/ftjs.1786843931.js:0
[ 1535960ms] [LOG] %c JSHandle@node @ https://www.fullhdfilmizlesene.now/minx/ftjs.1786843931.js:0
[ 1536459ms] [LOG] %c JSHandle@node @ https://www.fullhdfilmizlesene.now/minx/ftjs.1786843931.js:0
[ 1536955ms] [LOG] %c JSHandle@node @ https://www.fullhdfilmizlesene.now/minx/ftjs.1786843931.js:0
[ 1537453ms] [LOG] %c JSHandle@node @ https://www.fullhdfilmizlesene.now/minx/ftjs.1786843931.js:0
[ 1537952ms] [LOG] %c JSHandle@node @ https://www.fullhdfilmizlesene.now/minx/ftjs.1786843931.js:0
[ 1538450ms] [LOG] %c JSHandle@node @ https://www.fullhdfilmizlesene.now/minx/ftjs.1786843931.js:0
[ 1538950ms] [LOG] %c JSHandle@node @ https://www.fullhdfilmizlesene.now/minx/ftjs.1786843931.js:0
[ 1539449ms] [LOG] %c JSHandle@node @ https://www.fullhdfilmizlesene.now/minx/ftjs.1786843931.js:0
[ 1539962ms] [LOG] %c JSHandle@node @ https://www.fullhdfilmizlesene.now/minx/ftjs.1786843931.js:0
[ 1540462ms] [LOG] %c JSHandle@node @ https://www.fullhdfilmizlesene.now/minx/ftjs.1786843931.js:0
[ 1540956ms] [LOG] %c JSHandle@node @ https://www.fullhdfilmizlesene.now/minx/ftjs.1786843931.js:0
[ 1541454ms] [LOG] %c JSHandle@node @ https://www.fullhdfilmizlesene.now/minx/ftjs.1786843931.js:0
[ 1541950ms] [LOG] %c JSHandle@node @ https://www.fullhdfilmizlesene.now/minx/ftjs.1786843931.js:0
[ 1542450ms] [LOG] %c JSHandle@node @ https://www.fullhdfilmizlesene.now/minx/ftjs.1786843931.js:0
[ 1542950ms] [LOG] %c JSHandle@node @ https://www.fullhdfilmizlesene.now/minx/ftjs.1786843931.js:0
[ 1543462ms] [LOG] %c JSHandle@node @ https://www.fullhdfilmizlesene.now/minx/ftjs.1786843931.js:0
[ 1543956ms] [LOG] %c JSHandle@node @ https://www.fullhdfilmizlesene.now/minx/ftjs.1786843931.js:0
[ 1544458ms] [LOG] %c JSHandle@node @ https://www.fullhdfilmizlesene.now/minx/ftjs.1786843931.js:0
[ 1544957ms] [LOG] %c JSHandle@node @ https://www.fullhdfilmizlesene.now/minx/ftjs.1786843931.js:0
[ 1545454ms] [LOG] %c JSHandle@node @ https://www.fullhdfilmizlesene.now/minx/ftjs.1786843931.js:0
[ 1545954ms] [LOG] %c JSHandle@node @ https://www.fullhdfilmizlesene.now/minx/ftjs.1786843931.js:0
[ 1546454ms] [LOG] %c JSHandle@node @ https://www.fullhdfilmizlesene.now/minx/ftjs.1786843931.js:0
[ 1546952ms] [LOG] %c JSHandle@node @ https://www.fullhdfilmizlesene.now/minx/ftjs.1786843931.js:0
[ 1547461ms] [LOG] %c JSHandle@node @ https://www.fullhdfilmizlesene.now/minx/ftjs.1786843931.js:0
[ 1547958ms] [LOG] %c JSHandle@node @ https://www.fullhdfilmizlesene.now/minx/ftjs.1786843931.js:0
[ 1548457ms] [LOG] %c JSHandle@node @ https://www.fullhdfilmizlesene.now/minx/ftjs.1786843931.js:0
[ 1548956ms] [LOG] %c JSHandle@node @ https://www.fullhdfilmizlesene.now/minx/ftjs.1786843931.js:0
[ 1549453ms] [LOG] %c JSHandle@node @ https://www.fullhdfilmizlesene.now/minx/ftjs.1786843931.js:0
[ 1549956ms] [LOG] %c JSHandle@node @ https://www.fullhdfilmizlesene.now/minx/ftjs.1786843931.js:0
[ 1550451ms] [LOG] %c JSHandle@node @ https://www.fullhdfilmizlesene.now/minx/ftjs.1786843931.js:0
[ 1550961ms] [LOG] %c JSHandle@node @ https://www.fullhdfilmizlesene.now/minx/ftjs.1786843931.js:0
[ 1551461ms] [LOG] %c JSHandle@node @ https://www.fullhdfilmizlesene.now/minx/ftjs.1786843931.js:0
[ 1551959ms] [LOG] %c JSHandle@node @ https://www.fullhdfilmizlesene.now/minx/ftjs.1786843931.js:0
[ 1552455ms] [LOG] %c JSHandle@node @ https://www.fullhdfilmizlesene.now/minx/ftjs.1786843931.js:0
[ 1552954ms] [LOG] %c JSHandle@node @ https://www.fullhdfilmizlesene.now/minx/ftjs.1786843931.js:0
[ 1553451ms] [LOG] %c JSHandle@node @ https://www.fullhdfilmizlesene.now/minx/ftjs.1786843931.js:0
[ 1553961ms] [LOG] %c JSHandle@node @ https://www.fullhdfilmizlesene.now/minx/ftjs.1786843931.js:0
[ 1554459ms] [LOG] %c JSHandle@node @ https://www.fullhdfilmizlesene.now/minx/ftjs.1786843931.js:0
[ 1554958ms] [LOG] %c JSHandle@node @ https://www.fullhdfilmizlesene.now/minx/ftjs.1786843931.js:0
[ 1555457ms] [LOG] %c JSHandle@node @ https://www.fullhdfilmizlesene.now/minx/ftjs.1786843931.js:0
[ 1555962ms] [LOG] %c JSHandle@node @ https://www.fullhdfilmizlesene.now/minx/ftjs.1786843931.js:0
[ 1556461ms] [LOG] %c JSHandle@node @ https://www.fullhdfilmizlesene.now/minx/ftjs.1786843931.js:0
[ 1556961ms] [LOG] %c JSHandle@node @ https://www.fullhdfilmizlesene.now/minx/ftjs.1786843931.js:0
[ 1557461ms] [LOG] %c JSHandle@node @ https://www.fullhdfilmizlesene.now/minx/ftjs.1786843931.js:0
[ 1557958ms] [LOG] %c JSHandle@node @ https://www.fullhdfilmizlesene.now/minx/ftjs.1786843931.js:0
[ 1558457ms] [LOG] %c JSHandle@node @ https://www.fullhdfilmizlesene.now/minx/ftjs.1786843931.js:0
[ 1558955ms] [LOG] %c JSHandle@node @ https://www.fullhdfilmizlesene.now/minx/ftjs.1786843931.js:0
[ 1559455ms] [LOG] %c JSHandle@node @ https://www.fullhdfilmizlesene.now/minx/ftjs.1786843931.js:0
[ 1559952ms] [LOG] %c JSHandle@node @ https://www.fullhdfilmizlesene.now/minx/ftjs.1786843931.js:0
[ 1560452ms] [LOG] %c JSHandle@node @ https://www.fullhdfilmizlesene.now/minx/ftjs.1786843931.js:0
[ 1560951ms] [LOG] %c JSHandle@node @ https://www.fullhdfilmizlesene.now/minx/ftjs.1786843931.js:0
[ 1561462ms] [LOG] %c JSHandle@node @ https://www.fullhdfilmizlesene.now/minx/ftjs.1786843931.js:0
[ 1561957ms] [LOG] %c JSHandle@node @ https://www.fullhdfilmizlesene.now/minx/ftjs.1786843931.js:0
[ 1562455ms] [LOG] %c JSHandle@node @ https://www.fullhdfilmizlesene.now/minx/ftjs.1786843931.js:0
[ 1562957ms] [LOG] %c JSHandle@node @ https://www.fullhdfilmizlesene.now/minx/ftjs.1786843931.js:0
[ 1563451ms] [LOG] %c JSHandle@node @ https://www.fullhdfilmizlesene.now/minx/ftjs.1786843931.js:0
[ 1563962ms] [LOG] %c JSHandle@node @ https://www.fullhdfilmizlesene.now/minx/ftjs.1786843931.js:0
[ 1564462ms] [LOG] %c JSHandle@node @ https://www.fullhdfilmizlesene.now/minx/ftjs.1786843931.js:0
[ 1564956ms] [LOG] %c JSHandle@node @ https://www.fullhdfilmizlesene.now/minx/ftjs.1786843931.js:0
[ 1565453ms] [LOG] %c JSHandle@node @ https://www.fullhdfilmizlesene.now/minx/ftjs.1786843931.js:0
[ 1565952ms] [LOG] %c JSHandle@node @ https://www.fullhdfilmizlesene.now/minx/ftjs.1786843931.js:0
[ 1566449ms] [LOG] %c JSHandle@node @ https://www.fullhdfilmizlesene.now/minx/ftjs.1786843931.js:0
[ 1566963ms] [LOG] %c JSHandle@node @ https://www.fullhdfilmizlesene.now/minx/ftjs.1786843931.js:0
[ 1567460ms] [LOG] %c JSHandle@node @ https://www.fullhdfilmizlesene.now/minx/ftjs.1786843931.js:0
[ 1567956ms] [LOG] %c JSHandle@node @ https://www.fullhdfilmizlesene.now/minx/ftjs.1786843931.js:0
[ 1568453ms] [LOG] %c JSHandle@node @ https://www.fullhdfilmizlesene.now/minx/ftjs.1786843931.js:0
[ 1568956ms] [LOG] %c JSHandle@node @ https://www.fullhdfilmizlesene.now/minx/ftjs.1786843931.js:0
[ 1569456ms] [LOG] %c JSHandle@node @ https://www.fullhdfilmizlesene.now/minx/ftjs.1786843931.js:0
[ 1569954ms] [LOG] %c JSHandle@node @ https://www.fullhdfilmizlesene.now/minx/ftjs.1786843931.js:0
[ 1570451ms] [LOG] %c JSHandle@node @ https://www.fullhdfilmizlesene.now/minx/ftjs.1786843931.js:0
[ 1570963ms] [LOG] %c JSHandle@node @ https://www.fullhdfilmizlesene.now/minx/ftjs.1786843931.js:0
[ 1571457ms] [LOG] %c JSHandle@node @ https://www.fullhdfilmizlesene.now/minx/ftjs.1786843931.js:0
[ 1571958ms] [LOG] %c JSHandle@node @ https://www.fullhdfilmizlesene.now/minx/ftjs.1786843931.js:0
[ 1572456ms] [LOG] %c JSHandle@node @ https://www.fullhdfilmizlesene.now/minx/ftjs.1786843931.js:0
[ 1572957ms] [LOG] %c JSHandle@node @ https://www.fullhdfilmizlesene.now/minx/ftjs.1786843931.js:0
[ 1573452ms] [LOG] %c JSHandle@node @ https://www.fullhdfilmizlesene.now/minx/ftjs.1786843931.js:0
[ 1573963ms] [LOG] %c JSHandle@node @ https://www.fullhdfilmizlesene.now/minx/ftjs.1786843931.js:0
[ 1574462ms] [LOG] %c JSHandle@node @ https://www.fullhdfilmizlesene.now/minx/ftjs.1786843931.js:0
[ 1574961ms] [LOG] %c JSHandle@node @ https://www.fullhdfilmizlesene.now/minx/ftjs.1786843931.js:0
[ 1575461ms] [LOG] %c JSHandle@node @ https://www.fullhdfilmizlesene.now/minx/ftjs.1786843931.js:0
[ 1575963ms] [LOG] %c JSHandle@node @ https://www.fullhdfilmizlesene.now/minx/ftjs.1786843931.js:0
[ 1576449ms] [LOG] %c JSHandle@node @ https://www.fullhdfilmizlesene.now/minx/ftjs.1786843931.js:0
[ 1576953ms] [LOG] %c JSHandle@node @ https://www.fullhdfilmizlesene.now/minx/ftjs.1786843931.js:0
[ 1577453ms] [LOG] %c JSHandle@node @ https://www.fullhdfilmizlesene.now/minx/ftjs.1786843931.js:0
[ 1577955ms] [LOG] %c JSHandle@node @ https://www.fullhdfilmizlesene.now/minx/ftjs.1786843931.js:0
[ 1578454ms] [LOG] %c JSHandle@node @ https://www.fullhdfilmizlesene.now/minx/ftjs.1786843931.js:0
[ 1578963ms] [LOG] %c JSHandle@node @ https://www.fullhdfilmizlesene.now/minx/ftjs.1786843931.js:0
[ 1579461ms] [LOG] %c JSHandle@node @ https://www.fullhdfilmizlesene.now/minx/ftjs.1786843931.js:0
[ 1579959ms] [LOG] %c JSHandle@node @ https://www.fullhdfilmizlesene.now/minx/ftjs.1786843931.js:0
[ 1580456ms] [LOG] %c JSHandle@node @ https://www.fullhdfilmizlesene.now/minx/ftjs.1786843931.js:0
[ 1580952ms] [LOG] %c JSHandle@node @ https://www.fullhdfilmizlesene.now/minx/ftjs.1786843931.js:0
[ 1581453ms] [LOG] %c JSHandle@node @ https://www.fullhdfilmizlesene.now/minx/ftjs.1786843931.js:0
[ 1581951ms] [LOG] %c JSHandle@node @ https://www.fullhdfilmizlesene.now/minx/ftjs.1786843931.js:0
[ 1582451ms] [LOG] %c JSHandle@node @ https://www.fullhdfilmizlesene.now/minx/ftjs.1786843931.js:0
[ 1582950ms] [LOG] %c JSHandle@node @ https://www.fullhdfilmizlesene.now/minx/ftjs.1786843931.js:0
[ 1583462ms] [LOG] %c JSHandle@node @ https://www.fullhdfilmizlesene.now/minx/ftjs.1786843931.js:0
[ 1583959ms] [LOG] %c JSHandle@node @ https://www.fullhdfilmizlesene.now/minx/ftjs.1786843931.js:0
[ 1584458ms] [LOG] %c JSHandle@node @ https://www.fullhdfilmizlesene.now/minx/ftjs.1786843931.js:0
[ 1584957ms] [LOG] %c JSHandle@node @ https://www.fullhdfilmizlesene.now/minx/ftjs.1786843931.js:0
[ 1585455ms] [LOG] %c JSHandle@node @ https://www.fullhdfilmizlesene.now/minx/ftjs.1786843931.js:0
[ 1585954ms] [LOG] %c JSHandle@node @ https://www.fullhdfilmizlesene.now/minx/ftjs.1786843931.js:0
[ 1586452ms] [LOG] %c JSHandle@node @ https://www.fullhdfilmizlesene.now/minx/ftjs.1786843931.js:0
[ 1586949ms] [LOG] %c JSHandle@node @ https://www.fullhdfilmizlesene.now/minx/ftjs.1786843931.js:0
[ 1587450ms] [LOG] %c JSHandle@node @ https://www.fullhdfilmizlesene.now/minx/ftjs.1786843931.js:0
[ 1587948ms] [LOG] %c JSHandle@node @ https://www.fullhdfilmizlesene.now/minx/ftjs.1786843931.js:0
[ 1588449ms] [LOG] %c JSHandle@node @ https://www.fullhdfilmizlesene.now/minx/ftjs.1786843931.js:0
[ 1588961ms] [LOG] %c JSHandle@node @ https://www.fullhdfilmizlesene.now/minx/ftjs.1786843931.js:0
[ 1589460ms] [LOG] %c JSHandle@node @ https://www.fullhdfilmizlesene.now/minx/ftjs.1786843931.js:0
[ 1589955ms] [LOG] %c JSHandle@node @ https://www.fullhdfilmizlesene.now/minx/ftjs.1786843931.js:0
[ 1590453ms] [LOG] %c JSHandle@node @ https://www.fullhdfilmizlesene.now/minx/ftjs.1786843931.js:0
[ 1590951ms] [LOG] %c JSHandle@node @ https://www.fullhdfilmizlesene.now/minx/ftjs.1786843931.js:0
[ 1591449ms] [LOG] %c JSHandle@node @ https://www.fullhdfilmizlesene.now/minx/ftjs.1786843931.js:0
[ 1591963ms] [LOG] %c JSHandle@node @ https://www.fullhdfilmizlesene.now/minx/ftjs.1786843931.js:0
[ 1592459ms] [LOG] %c JSHandle@node @ https://www.fullhdfilmizlesene.now/minx/ftjs.1786843931.js:0
[ 1592956ms] [LOG] %c JSHandle@node @ https://www.fullhdfilmizlesene.now/minx/ftjs.1786843931.js:0
[ 1593454ms] [LOG] %c JSHandle@node @ https://www.fullhdfilmizlesene.now/minx/ftjs.1786843931.js:0
[ 1593961ms] [LOG] %c JSHandle@node @ https://www.fullhdfilmizlesene.now/minx/ftjs.1786843931.js:0
[ 1594459ms] [LOG] %c JSHandle@node @ https://www.fullhdfilmizlesene.now/minx/ftjs.1786843931.js:0
[ 1594960ms] [LOG] %c JSHandle@node @ https://www.fullhdfilmizlesene.now/minx/ftjs.1786843931.js:0
[ 1595459ms] [LOG] %c JSHandle@node @ https://www.fullhdfilmizlesene.now/minx/ftjs.1786843931.js:0
[ 1595949ms] [LOG] %c JSHandle@node @ https://www.fullhdfilmizlesene.now/minx/ftjs.1786843931.js:0
[ 1596456ms] [LOG] %c JSHandle@node @ https://www.fullhdfilmizlesene.now/minx/ftjs.1786843931.js:0
[ 1596954ms] [LOG] %c JSHandle@node @ https://www.fullhdfilmizlesene.now/minx/ftjs.1786843931.js:0
[ 1597450ms] [LOG] %c JSHandle@node @ https://www.fullhdfilmizlesene.now/minx/ftjs.1786843931.js:0
[ 1597963ms] [LOG] %c JSHandle@node @ https://www.fullhdfilmizlesene.now/minx/ftjs.1786843931.js:0
[ 1598462ms] [LOG] %c JSHandle@node @ https://www.fullhdfilmizlesene.now/minx/ftjs.1786843931.js:0
[ 1598957ms] [LOG] %c JSHandle@node @ https://www.fullhdfilmizlesene.now/minx/ftjs.1786843931.js:0
[ 1599457ms] [LOG] %c JSHandle@node @ https://www.fullhdfilmizlesene.now/minx/ftjs.1786843931.js:0
[ 1599950ms] [LOG] %c JSHandle@node @ https://www.fullhdfilmizlesene.now/minx/ftjs.1786843931.js:0
[ 1600454ms] [LOG] %c JSHandle@node @ https://www.fullhdfilmizlesene.now/minx/ftjs.1786843931.js:0
[ 1600952ms] [LOG] %c JSHandle@node @ https://www.fullhdfilmizlesene.now/minx/ftjs.1786843931.js:0
[ 1601452ms] [LOG] %c JSHandle@node @ https://www.fullhdfilmizlesene.now/minx/ftjs.1786843931.js:0
[ 1601952ms] [LOG] %c JSHandle@node @ https://www.fullhdfilmizlesene.now/minx/ftjs.1786843931.js:0
[ 1602461ms] [LOG] %c JSHandle@node @ https://www.fullhdfilmizlesene.now/minx/ftjs.1786843931.js:0
[ 1602956ms] [LOG] %c JSHandle@node @ https://www.fullhdfilmizlesene.now/minx/ftjs.1786843931.js:0
[ 1603452ms] [LOG] %c JSHandle@node @ https://www.fullhdfilmizlesene.now/minx/ftjs.1786843931.js:0
[ 1603952ms] [LOG] %c JSHandle@node @ https://www.fullhdfilmizlesene.now/minx/ftjs.1786843931.js:0
[ 1604450ms] [LOG] %c JSHandle@node @ https://www.fullhdfilmizlesene.now/minx/ftjs.1786843931.js:0
[ 1604949ms] [LOG] %c JSHandle@node @ https://www.fullhdfilmizlesene.now/minx/ftjs.1786843931.js:0
[ 1605463ms] [LOG] %c JSHandle@node @ https://www.fullhdfilmizlesene.now/minx/ftjs.1786843931.js:0
[ 1605961ms] [LOG] %c JSHandle@node @ https://www.fullhdfilmizlesene.now/minx/ftjs.1786843931.js:0
[ 1606461ms] [LOG] %c JSHandle@node @ https://www.fullhdfilmizlesene.now/minx/ftjs.1786843931.js:0
[ 1606948ms] [LOG] %c JSHandle@node @ https://www.fullhdfilmizlesene.now/minx/ftjs.1786843931.js:0
[ 1607457ms] [LOG] %c JSHandle@node @ https://www.fullhdfilmizlesene.now/minx/ftjs.1786843931.js:0
[ 1607956ms] [LOG] %c JSHandle@node @ https://www.fullhdfilmizlesene.now/minx/ftjs.1786843931.js:0
[ 1608455ms] [LOG] %c JSHandle@node @ https://www.fullhdfilmizlesene.now/minx/ftjs.1786843931.js:0
[ 1608958ms] [LOG] %c JSHandle@node @ https://www.fullhdfilmizlesene.now/minx/ftjs.1786843931.js:0
[ 1609454ms] [LOG] %c JSHandle@node @ https://www.fullhdfilmizlesene.now/minx/ftjs.1786843931.js:0
[ 1609954ms] [LOG] %c JSHandle@node @ https://www.fullhdfilmizlesene.now/minx/ftjs.1786843931.js:0
[ 1610451ms] [LOG] %c JSHandle@node @ https://www.fullhdfilmizlesene.now/minx/ftjs.1786843931.js:0
[ 1610949ms] [LOG] %c JSHandle@node @ https://www.fullhdfilmizlesene.now/minx/ftjs.1786843931.js:0
[ 1611463ms] [LOG] %c JSHandle@node @ https://www.fullhdfilmizlesene.now/minx/ftjs.1786843931.js:0
[ 1611962ms] [LOG] %c JSHandle@node @ https://www.fullhdfilmizlesene.now/minx/ftjs.1786843931.js:0
[ 1612460ms] [LOG] %c JSHandle@node @ https://www.fullhdfilmizlesene.now/minx/ftjs.1786843931.js:0
[ 1612958ms] [LOG] %c JSHandle@node @ https://www.fullhdfilmizlesene.now/minx/ftjs.1786843931.js:0
[ 1613453ms] [LOG] %c JSHandle@node @ https://www.fullhdfilmizlesene.now/minx/ftjs.1786843931.js:0
[ 1613950ms] [LOG] %c JSHandle@node @ https://www.fullhdfilmizlesene.now/minx/ftjs.1786843931.js:0
[ 1614452ms] [LOG] %c JSHandle@node @ https://www.fullhdfilmizlesene.now/minx/ftjs.1786843931.js:0
[ 1614955ms] [LOG] %c JSHandle@node @ https://www.fullhdfilmizlesene.now/minx/ftjs.1786843931.js:0
[ 1615457ms] [LOG] %c JSHandle@node @ https://www.fullhdfilmizlesene.now/minx/ftjs.1786843931.js:0
[ 1615956ms] [LOG] %c JSHandle@node @ https://www.fullhdfilmizlesene.now/minx/ftjs.1786843931.js:0
[ 1616454ms] [LOG] %c JSHandle@node @ https://www.fullhdfilmizlesene.now/minx/ftjs.1786843931.js:0
[ 1616952ms] [LOG] %c JSHandle@node @ https://www.fullhdfilmizlesene.now/minx/ftjs.1786843931.js:0
[ 1617464ms] [LOG] %c JSHandle@node @ https://www.fullhdfilmizlesene.now/minx/ftjs.1786843931.js:0
[ 1617961ms] [LOG] %c JSHandle@node @ https://www.fullhdfilmizlesene.now/minx/ftjs.1786843931.js:0
[ 1618457ms] [LOG] %c JSHandle@node @ https://www.fullhdfilmizlesene.now/minx/ftjs.1786843931.js:0
[ 1618955ms] [LOG] %c JSHandle@node @ https://www.fullhdfilmizlesene.now/minx/ftjs.1786843931.js:0
[ 1619456ms] [LOG] %c JSHandle@node @ https://www.fullhdfilmizlesene.now/minx/ftjs.1786843931.js:0
[ 1619951ms] [LOG] %c JSHandle@node @ https://www.fullhdfilmizlesene.now/minx/ftjs.1786843931.js:0
[ 1620451ms] [LOG] %c JSHandle@node @ https://www.fullhdfilmizlesene.now/minx/ftjs.1786843931.js:0
[ 1620952ms] [LOG] %c JSHandle@node @ https://www.fullhdfilmizlesene.now/minx/ftjs.1786843931.js:0
[ 1621453ms] [LOG] %c JSHandle@node @ https://www.fullhdfilmizlesene.now/minx/ftjs.1786843931.js:0
[ 1621953ms] [LOG] %c JSHandle@node @ https://www.fullhdfilmizlesene.now/minx/ftjs.1786843931.js:0
[ 1622450ms] [LOG] %c JSHandle@node @ https://www.fullhdfilmizlesene.now/minx/ftjs.1786843931.js:0
[ 1622953ms] [LOG] %c JSHandle@node @ https://www.fullhdfilmizlesene.now/minx/ftjs.1786843931.js:0
[ 1623454ms] [LOG] %c JSHandle@node @ https://www.fullhdfilmizlesene.now/minx/ftjs.1786843931.js:0
[ 1623952ms] [LOG] %c JSHandle@node @ https://www.fullhdfilmizlesene.now/minx/ftjs.1786843931.js:0
[ 1624464ms] [LOG] %c JSHandle@node @ https://www.fullhdfilmizlesene.now/minx/ftjs.1786843931.js:0
[ 1624949ms] [LOG] %c JSHandle@node @ https://www.fullhdfilmizlesene.now/minx/ftjs.1786843931.js:0
[ 1625462ms] [LOG] %c JSHandle@node @ https://www.fullhdfilmizlesene.now/minx/ftjs.1786843931.js:0
[ 1625959ms] [LOG] %c JSHandle@node @ https://www.fullhdfilmizlesene.now/minx/ftjs.1786843931.js:0
[ 1626457ms] [LOG] %c JSHandle@node @ https://www.fullhdfilmizlesene.now/minx/ftjs.1786843931.js:0
[ 1626958ms] [LOG] %c JSHandle@node @ https://www.fullhdfilmizlesene.now/minx/ftjs.1786843931.js:0
[ 1627455ms] [LOG] %c JSHandle@node @ https://www.fullhdfilmizlesene.now/minx/ftjs.1786843931.js:0
[ 1627954ms] [LOG] %c JSHandle@node @ https://www.fullhdfilmizlesene.now/minx/ftjs.1786843931.js:0
[ 1628454ms] [LOG] %c JSHandle@node @ https://www.fullhdfilmizlesene.now/minx/ftjs.1786843931.js:0
[ 1628952ms] [LOG] %c JSHandle@node @ https://www.fullhdfilmizlesene.now/minx/ftjs.1786843931.js:0
[ 1629450ms] [LOG] %c JSHandle@node @ https://www.fullhdfilmizlesene.now/minx/ftjs.1786843931.js:0
[ 1629949ms] [LOG] %c JSHandle@node @ https://www.fullhdfilmizlesene.now/minx/ftjs.1786843931.js:0
[ 1630462ms] [LOG] %c JSHandle@node @ https://www.fullhdfilmizlesene.now/minx/ftjs.1786843931.js:0
[ 1630960ms] [LOG] %c JSHandle@node @ https://www.fullhdfilmizlesene.now/minx/ftjs.1786843931.js:0
[ 1631459ms] [LOG] %c JSHandle@node @ https://www.fullhdfilmizlesene.now/minx/ftjs.1786843931.js:0
[ 1631956ms] [LOG] %c JSHandle@node @ https://www.fullhdfilmizlesene.now/minx/ftjs.1786843931.js:0
[ 1632459ms] [LOG] %c JSHandle@node @ https://www.fullhdfilmizlesene.now/minx/ftjs.1786843931.js:0
[ 1632957ms] [LOG] %c JSHandle@node @ https://www.fullhdfilmizlesene.now/minx/ftjs.1786843931.js:0
[ 1633458ms] [LOG] %c JSHandle@node @ https://www.fullhdfilmizlesene.now/minx/ftjs.1786843931.js:0
[ 1633951ms] [LOG] %c JSHandle@node @ https://www.fullhdfilmizlesene.now/minx/ftjs.1786843931.js:0
[ 1634448ms] [LOG] %c JSHandle@node @ https://www.fullhdfilmizlesene.now/minx/ftjs.1786843931.js:0
[ 1634961ms] [LOG] %c JSHandle@node @ https://www.fullhdfilmizlesene.now/minx/ftjs.1786843931.js:0
[ 1635462ms] [LOG] %c JSHandle@node @ https://www.fullhdfilmizlesene.now/minx/ftjs.1786843931.js:0
[ 1635958ms] [LOG] %c JSHandle@node @ https://www.fullhdfilmizlesene.now/minx/ftjs.1786843931.js:0
[ 1636457ms] [LOG] %c JSHandle@node @ https://www.fullhdfilmizlesene.now/minx/ftjs.1786843931.js:0
[ 1636958ms] [LOG] %c JSHandle@node @ https://www.fullhdfilmizlesene.now/minx/ftjs.1786843931.js:0
[ 1637456ms] [LOG] %c JSHandle@node @ https://www.fullhdfilmizlesene.now/minx/ftjs.1786843931.js:0
[ 1637956ms] [LOG] %c JSHandle@node @ https://www.fullhdfilmizlesene.now/minx/ftjs.1786843931.js:0
[ 1638452ms] [LOG] %c JSHandle@node @ https://www.fullhdfilmizlesene.now/minx/ftjs.1786843931.js:0
[ 1638952ms] [LOG] %c JSHandle@node @ https://www.fullhdfilmizlesene.now/minx/ftjs.1786843931.js:0
[ 1639453ms] [LOG] %c JSHandle@node @ https://www.fullhdfilmizlesene.now/minx/ftjs.1786843931.js:0
[ 1639956ms] [LOG] %c JSHandle@node @ https://www.fullhdfilmizlesene.now/minx/ftjs.1786843931.js:0
[ 1640454ms] [LOG] %c JSHandle@node @ https://www.fullhdfilmizlesene.now/minx/ftjs.1786843931.js:0
[ 1640951ms] [LOG] %c JSHandle@node @ https://www.fullhdfilmizlesene.now/minx/ftjs.1786843931.js:0
[ 1641450ms] [LOG] %c JSHandle@node @ https://www.fullhdfilmizlesene.now/minx/ftjs.1786843931.js:0
[ 1641949ms] [LOG] %c JSHandle@node @ https://www.fullhdfilmizlesene.now/minx/ftjs.1786843931.js:0
[ 1642461ms] [LOG] %c JSHandle@node @ https://www.fullhdfilmizlesene.now/minx/ftjs.1786843931.js:0
[ 1642962ms] [LOG] %c JSHandle@node @ https://www.fullhdfilmizlesene.now/minx/ftjs.1786843931.js:0
[ 1643458ms] [LOG] %c JSHandle@node @ https://www.fullhdfilmizlesene.now/minx/ftjs.1786843931.js:0
[ 1643954ms] [LOG] %c JSHandle@node @ https://www.fullhdfilmizlesene.now/minx/ftjs.1786843931.js:0
[ 1644455ms] [LOG] %c JSHandle@node @ https://www.fullhdfilmizlesene.now/minx/ftjs.1786843931.js:0
[ 1644960ms] [LOG] %c JSHandle@node @ https://www.fullhdfilmizlesene.now/minx/ftjs.1786843931.js:0
[ 1645462ms] [LOG] %c JSHandle@node @ https://www.fullhdfilmizlesene.now/minx/ftjs.1786843931.js:0
[ 1645963ms] [LOG] %c JSHandle@node @ https://www.fullhdfilmizlesene.now/minx/ftjs.1786843931.js:0
[ 1646449ms] [LOG] %c JSHandle@node @ https://www.fullhdfilmizlesene.now/minx/ftjs.1786843931.js:0
[ 1646963ms] [LOG] %c JSHandle@node @ https://www.fullhdfilmizlesene.now/minx/ftjs.1786843931.js:0
[ 1647458ms] [LOG] %c JSHandle@node @ https://www.fullhdfilmizlesene.now/minx/ftjs.1786843931.js:0
[ 1647956ms] [LOG] %c JSHandle@node @ https://www.fullhdfilmizlesene.now/minx/ftjs.1786843931.js:0
[ 1648457ms] [LOG] %c JSHandle@node @ https://www.fullhdfilmizlesene.now/minx/ftjs.1786843931.js:0
[ 1648956ms] [LOG] %c JSHandle@node @ https://www.fullhdfilmizlesene.now/minx/ftjs.1786843931.js:0
[ 1649458ms] [LOG] %c JSHandle@node @ https://www.fullhdfilmizlesene.now/minx/ftjs.1786843931.js:0
[ 1649957ms] [LOG] %c JSHandle@node @ https://www.fullhdfilmizlesene.now/minx/ftjs.1786843931.js:0
[ 1650455ms] [LOG] %c JSHandle@node @ https://www.fullhdfilmizlesene.now/minx/ftjs.1786843931.js:0
[ 1650953ms] [LOG] %c JSHandle@node @ https://www.fullhdfilmizlesene.now/minx/ftjs.1786843931.js:0
[ 1651451ms] [LOG] %c JSHandle@node @ https://www.fullhdfilmizlesene.now/minx/ftjs.1786843931.js:0
[ 1651950ms] [LOG] %c JSHandle@node @ https://www.fullhdfilmizlesene.now/minx/ftjs.1786843931.js:0
[ 1652452ms] [LOG] %c JSHandle@node @ https://www.fullhdfilmizlesene.now/minx/ftjs.1786843931.js:0
[ 1652951ms] [LOG] %c JSHandle@node @ https://www.fullhdfilmizlesene.now/minx/ftjs.1786843931.js:0
[ 1653464ms] [LOG] %c JSHandle@node @ https://www.fullhdfilmizlesene.now/minx/ftjs.1786843931.js:0
[ 1653963ms] [LOG] %c JSHandle@node @ https://www.fullhdfilmizlesene.now/minx/ftjs.1786843931.js:0
[ 1654460ms] [LOG] %c JSHandle@node @ https://www.fullhdfilmizlesene.now/minx/ftjs.1786843931.js:0
[ 1654958ms] [LOG] %c JSHandle@node @ https://www.fullhdfilmizlesene.now/minx/ftjs.1786843931.js:0
[ 1655459ms] [LOG] %c JSHandle@node @ https://www.fullhdfilmizlesene.now/minx/ftjs.1786843931.js:0
[ 1655955ms] [LOG] %c JSHandle@node @ https://www.fullhdfilmizlesene.now/minx/ftjs.1786843931.js:0
[ 1656458ms] [LOG] %c JSHandle@node @ https://www.fullhdfilmizlesene.now/minx/ftjs.1786843931.js:0
[ 1656954ms] [LOG] %c JSHandle@node @ https://www.fullhdfilmizlesene.now/minx/ftjs.1786843931.js:0
[ 1657452ms] [LOG] %c JSHandle@node @ https://www.fullhdfilmizlesene.now/minx/ftjs.1786843931.js:0
[ 1657959ms] [LOG] %c JSHandle@node @ https://www.fullhdfilmizlesene.now/minx/ftjs.1786843931.js:0
[ 1658461ms] [LOG] %c JSHandle@node @ https://www.fullhdfilmizlesene.now/minx/ftjs.1786843931.js:0
[ 1658962ms] [LOG] %c JSHandle@node @ https://www.fullhdfilmizlesene.now/minx/ftjs.1786843931.js:0
[ 1659450ms] [LOG] %c JSHandle@node @ https://www.fullhdfilmizlesene.now/minx/ftjs.1786843931.js:0
[ 1659957ms] [LOG] %c JSHandle@node @ https://www.fullhdfilmizlesene.now/minx/ftjs.1786843931.js:0
[ 1660456ms] [LOG] %c JSHandle@node @ https://www.fullhdfilmizlesene.now/minx/ftjs.1786843931.js:0
[ 1660954ms] [LOG] %c JSHandle@node @ https://www.fullhdfilmizlesene.now/minx/ftjs.1786843931.js:0
[ 1661454ms] [LOG] %c JSHandle@node @ https://www.fullhdfilmizlesene.now/minx/ftjs.1786843931.js:0
[ 1661951ms] [LOG] %c JSHandle@node @ https://www.fullhdfilmizlesene.now/minx/ftjs.1786843931.js:0
[ 1662461ms] [LOG] %c JSHandle@node @ https://www.fullhdfilmizlesene.now/minx/ftjs.1786843931.js:0
[ 1662959ms] [LOG] %c JSHandle@node @ https://www.fullhdfilmizlesene.now/minx/ftjs.1786843931.js:0
[ 1663454ms] [LOG] %c JSHandle@node @ https://www.fullhdfilmizlesene.now/minx/ftjs.1786843931.js:0
[ 1663951ms] [LOG] %c JSHandle@node @ https://www.fullhdfilmizlesene.now/minx/ftjs.1786843931.js:0
[ 1664448ms] [LOG] %c JSHandle@node @ https://www.fullhdfilmizlesene.now/minx/ftjs.1786843931.js:0
[ 1664964ms] [LOG] %c JSHandle@node @ https://www.fullhdfilmizlesene.now/minx/ftjs.1786843931.js:0
[ 1665449ms] [LOG] %c JSHandle@node @ https://www.fullhdfilmizlesene.now/minx/ftjs.1786843931.js:0
[ 1665950ms] [LOG] %c JSHandle@node @ https://www.fullhdfilmizlesene.now/minx/ftjs.1786843931.js:0
[ 1666463ms] [LOG] %c JSHandle@node @ https://www.fullhdfilmizlesene.now/minx/ftjs.1786843931.js:0
[ 1666961ms] [LOG] %c JSHandle@node @ https://www.fullhdfilmizlesene.now/minx/ftjs.1786843931.js:0
[ 1667460ms] [LOG] %c JSHandle@node @ https://www.fullhdfilmizlesene.now/minx/ftjs.1786843931.js:0
[ 1667957ms] [LOG] %c JSHandle@node @ https://www.fullhdfilmizlesene.now/minx/ftjs.1786843931.js:0
[ 1668458ms] [LOG] %c JSHandle@node @ https://www.fullhdfilmizlesene.now/minx/ftjs.1786843931.js:0
[ 1668956ms] [LOG] %c JSHandle@node @ https://www.fullhdfilmizlesene.now/minx/ftjs.1786843931.js:0
[ 1669452ms] [LOG] %c JSHandle@node @ https://www.fullhdfilmizlesene.now/minx/ftjs.1786843931.js:0
[ 1669963ms] [LOG] %c JSHandle@node @ https://www.fullhdfilmizlesene.now/minx/ftjs.1786843931.js:0
[ 1670458ms] [LOG] %c JSHandle@node @ https://www.fullhdfilmizlesene.now/minx/ftjs.1786843931.js:0
[ 1670955ms] [LOG] %c JSHandle@node @ https://www.fullhdfilmizlesene.now/minx/ftjs.1786843931.js:0
[ 1671454ms] [LOG] %c JSHandle@node @ https://www.fullhdfilmizlesene.now/minx/ftjs.1786843931.js:0
[ 1671953ms] [LOG] %c JSHandle@node @ https://www.fullhdfilmizlesene.now/minx/ftjs.1786843931.js:0
[ 1672451ms] [LOG] %c JSHandle@node @ https://www.fullhdfilmizlesene.now/minx/ftjs.1786843931.js:0
[ 1672953ms] [LOG] %c JSHandle@node @ https://www.fullhdfilmizlesene.now/minx/ftjs.1786843931.js:0
[ 1673450ms] [LOG] %c JSHandle@node @ https://www.fullhdfilmizlesene.now/minx/ftjs.1786843931.js:0
[ 1673950ms] [LOG] %c JSHandle@node @ https://www.fullhdfilmizlesene.now/minx/ftjs.1786843931.js:0
[ 1674448ms] [LOG] %c JSHandle@node @ https://www.fullhdfilmizlesene.now/minx/ftjs.1786843931.js:0
[ 1674960ms] [LOG] %c JSHandle@node @ https://www.fullhdfilmizlesene.now/minx/ftjs.1786843931.js:0
[ 1675451ms] [LOG] %c JSHandle@node @ https://www.fullhdfilmizlesene.now/minx/ftjs.1786843931.js:0
[ 1675950ms] [LOG] %c JSHandle@node @ https://www.fullhdfilmizlesene.now/minx/ftjs.1786843931.js:0
[ 1676453ms] [LOG] %c JSHandle@node @ https://www.fullhdfilmizlesene.now/minx/ftjs.1786843931.js:0
[ 1676949ms] [LOG] %c JSHandle@node @ https://www.fullhdfilmizlesene.now/minx/ftjs.1786843931.js:0
[ 1677463ms] [LOG] %c JSHandle@node @ https://www.fullhdfilmizlesene.now/minx/ftjs.1786843931.js:0
[ 1677963ms] [LOG] %c JSHandle@node @ https://www.fullhdfilmizlesene.now/minx/ftjs.1786843931.js:0
[ 1678463ms] [LOG] %c JSHandle@node @ https://www.fullhdfilmizlesene.now/minx/ftjs.1786843931.js:0
[ 1678950ms] [LOG] %c JSHandle@node @ https://www.fullhdfilmizlesene.now/minx/ftjs.1786843931.js:0
[ 1679449ms] [LOG] %c JSHandle@node @ https://www.fullhdfilmizlesene.now/minx/ftjs.1786843931.js:0
[ 1679963ms] [LOG] %c JSHandle@node @ https://www.fullhdfilmizlesene.now/minx/ftjs.1786843931.js:0
[ 1680462ms] [LOG] %c JSHandle@node @ https://www.fullhdfilmizlesene.now/minx/ftjs.1786843931.js:0
[ 1680962ms] [LOG] %c JSHandle@node @ https://www.fullhdfilmizlesene.now/minx/ftjs.1786843931.js:0
[ 1681461ms] [LOG] %c JSHandle@node @ https://www.fullhdfilmizlesene.now/minx/ftjs.1786843931.js:0
[ 1681959ms] [LOG] %c JSHandle@node @ https://www.fullhdfilmizlesene.now/minx/ftjs.1786843931.js:0
[ 1682458ms] [LOG] %c JSHandle@node @ https://www.fullhdfilmizlesene.now/minx/ftjs.1786843931.js:0
[ 1682957ms] [LOG] %c JSHandle@node @ https://www.fullhdfilmizlesene.now/minx/ftjs.1786843931.js:0
[ 1683461ms] [LOG] %c JSHandle@node @ https://www.fullhdfilmizlesene.now/minx/ftjs.1786843931.js:0
[ 1683962ms] [LOG] %c JSHandle@node @ https://www.fullhdfilmizlesene.now/minx/ftjs.1786843931.js:0
[ 1684463ms] [LOG] %c JSHandle@node @ https://www.fullhdfilmizlesene.now/minx/ftjs.1786843931.js:0
[ 1684960ms] [LOG] %c JSHandle@node @ https://www.fullhdfilmizlesene.now/minx/ftjs.1786843931.js:0
[ 1685459ms] [LOG] %c JSHandle@node @ https://www.fullhdfilmizlesene.now/minx/ftjs.1786843931.js:0
[ 1685960ms] [LOG] %c JSHandle@node @ https://www.fullhdfilmizlesene.now/minx/ftjs.1786843931.js:0
[ 1686459ms] [LOG] %c JSHandle@node @ https://www.fullhdfilmizlesene.now/minx/ftjs.1786843931.js:0
[ 1686957ms] [LOG] %c JSHandle@node @ https://www.fullhdfilmizlesene.now/minx/ftjs.1786843931.js:0
[ 1687458ms] [LOG] %c JSHandle@node @ https://www.fullhdfilmizlesene.now/minx/ftjs.1786843931.js:0
[ 1687959ms] [LOG] %c JSHandle@node @ https://www.fullhdfilmizlesene.now/minx/ftjs.1786843931.js:0
[ 1688459ms] [LOG] %c JSHandle@node @ https://www.fullhdfilmizlesene.now/minx/ftjs.1786843931.js:0
[ 1688957ms] [LOG] %c JSHandle@node @ https://www.fullhdfilmizlesene.now/minx/ftjs.1786843931.js:0
[ 1689456ms] [LOG] %c JSHandle@node @ https://www.fullhdfilmizlesene.now/minx/ftjs.1786843931.js:0
[ 1689958ms] [LOG] %c JSHandle@node @ https://www.fullhdfilmizlesene.now/minx/ftjs.1786843931.js:0
[ 1690455ms] [LOG] %c JSHandle@node @ https://www.fullhdfilmizlesene.now/minx/ftjs.1786843931.js:0
[ 1690950ms] [LOG] %c JSHandle@node @ https://www.fullhdfilmizlesene.now/minx/ftjs.1786843931.js:0
[ 1691450ms] [LOG] %c JSHandle@node @ https://www.fullhdfilmizlesene.now/minx/ftjs.1786843931.js:0
[ 1691951ms] [LOG] %c JSHandle@node @ https://www.fullhdfilmizlesene.now/minx/ftjs.1786843931.js:0
[ 1692463ms] [LOG] %c JSHandle@node @ https://www.fullhdfilmizlesene.now/minx/ftjs.1786843931.js:0
[ 1692962ms] [LOG] %c JSHandle@node @ https://www.fullhdfilmizlesene.now/minx/ftjs.1786843931.js:0
[ 1693459ms] [LOG] %c JSHandle@node @ https://www.fullhdfilmizlesene.now/minx/ftjs.1786843931.js:0
[ 1693959ms] [LOG] %c JSHandle@node @ https://www.fullhdfilmizlesene.now/minx/ftjs.1786843931.js:0
[ 1694458ms] [LOG] %c JSHandle@node @ https://www.fullhdfilmizlesene.now/minx/ftjs.1786843931.js:0
[ 1694957ms] [LOG] %c JSHandle@node @ https://www.fullhdfilmizlesene.now/minx/ftjs.1786843931.js:0
[ 1695459ms] [LOG] %c JSHandle@node @ https://www.fullhdfilmizlesene.now/minx/ftjs.1786843931.js:0
[ 1695955ms] [LOG] %c JSHandle@node @ https://www.fullhdfilmizlesene.now/minx/ftjs.1786843931.js:0
[ 1696456ms] [LOG] %c JSHandle@node @ https://www.fullhdfilmizlesene.now/minx/ftjs.1786843931.js:0
[ 1696955ms] [LOG] %c JSHandle@node @ https://www.fullhdfilmizlesene.now/minx/ftjs.1786843931.js:0
[ 1697454ms] [LOG] %c JSHandle@node @ https://www.fullhdfilmizlesene.now/minx/ftjs.1786843931.js:0
[ 1697952ms] [LOG] %c JSHandle@node @ https://www.fullhdfilmizlesene.now/minx/ftjs.1786843931.js:0
[ 1698464ms] [LOG] %c JSHandle@node @ https://www.fullhdfilmizlesene.now/minx/ftjs.1786843931.js:0
[ 1698948ms] [LOG] %c JSHandle@node @ https://www.fullhdfilmizlesene.now/minx/ftjs.1786843931.js:0
[ 1699450ms] [LOG] %c JSHandle@node @ https://www.fullhdfilmizlesene.now/minx/ftjs.1786843931.js:0
[ 1699962ms] [LOG] %c JSHandle@node @ https://www.fullhdfilmizlesene.now/minx/ftjs.1786843931.js:0
[ 1700459ms] [LOG] %c JSHandle@node @ https://www.fullhdfilmizlesene.now/minx/ftjs.1786843931.js:0
[ 1700956ms] [LOG] %c JSHandle@node @ https://www.fullhdfilmizlesene.now/minx/ftjs.1786843931.js:0
[ 1701456ms] [LOG] %c JSHandle@node @ https://www.fullhdfilmizlesene.now/minx/ftjs.1786843931.js:0
[ 1701956ms] [LOG] %c JSHandle@node @ https://www.fullhdfilmizlesene.now/minx/ftjs.1786843931.js:0
[ 1702454ms] [LOG] %c JSHandle@node @ https://www.fullhdfilmizlesene.now/minx/ftjs.1786843931.js:0
[ 1702956ms] [LOG] %c JSHandle@node @ https://www.fullhdfilmizlesene.now/minx/ftjs.1786843931.js:0
[ 1703453ms] [LOG] %c JSHandle@node @ https://www.fullhdfilmizlesene.now/minx/ftjs.1786843931.js:0
[ 1703952ms] [LOG] %c JSHandle@node @ https://www.fullhdfilmizlesene.now/minx/ftjs.1786843931.js:0
[ 1704451ms] [LOG] %c JSHandle@node @ https://www.fullhdfilmizlesene.now/minx/ftjs.1786843931.js:0
[ 1704950ms] [LOG] %c JSHandle@node @ https://www.fullhdfilmizlesene.now/minx/ftjs.1786843931.js:0
[ 1705463ms] [LOG] %c JSHandle@node @ https://www.fullhdfilmizlesene.now/minx/ftjs.1786843931.js:0
[ 1705958ms] [LOG] %c JSHandle@node @ https://www.fullhdfilmizlesene.now/minx/ftjs.1786843931.js:0
[ 1706459ms] [LOG] %c JSHandle@node @ https://www.fullhdfilmizlesene.now/minx/ftjs.1786843931.js:0
[ 1706957ms] [LOG] %c JSHandle@node @ https://www.fullhdfilmizlesene.now/minx/ftjs.1786843931.js:0
[ 1707458ms] [LOG] %c JSHandle@node @ https://www.fullhdfilmizlesene.now/minx/ftjs.1786843931.js:0
[ 1707955ms] [LOG] %c JSHandle@node @ https://www.fullhdfilmizlesene.now/minx/ftjs.1786843931.js:0
[ 1708453ms] [LOG] %c JSHandle@node @ https://www.fullhdfilmizlesene.now/minx/ftjs.1786843931.js:0
[ 1708953ms] [LOG] %c JSHandle@node @ https://www.fullhdfilmizlesene.now/minx/ftjs.1786843931.js:0
[ 1709451ms] [LOG] %c JSHandle@node @ https://www.fullhdfilmizlesene.now/minx/ftjs.1786843931.js:0
[ 1709951ms] [LOG] %c JSHandle@node @ https://www.fullhdfilmizlesene.now/minx/ftjs.1786843931.js:0
[ 1710450ms] [LOG] %c JSHandle@node @ https://www.fullhdfilmizlesene.now/minx/ftjs.1786843931.js:0
[ 1710960ms] [LOG] %c JSHandle@node @ https://www.fullhdfilmizlesene.now/minx/ftjs.1786843931.js:0
[ 1711453ms] [LOG] %c JSHandle@node @ https://www.fullhdfilmizlesene.now/minx/ftjs.1786843931.js:0
[ 1711956ms] [LOG] %c JSHandle@node @ https://www.fullhdfilmizlesene.now/minx/ftjs.1786843931.js:0
[ 1712452ms] [LOG] %c JSHandle@node @ https://www.fullhdfilmizlesene.now/minx/ftjs.1786843931.js:0
[ 1712954ms] [LOG] %c JSHandle@node @ https://www.fullhdfilmizlesene.now/minx/ftjs.1786843931.js:0
[ 1713450ms] [LOG] %c JSHandle@node @ https://www.fullhdfilmizlesene.now/minx/ftjs.1786843931.js:0
[ 1713949ms] [LOG] %c JSHandle@node @ https://www.fullhdfilmizlesene.now/minx/ftjs.1786843931.js:0
[ 1714462ms] [LOG] %c JSHandle@node @ https://www.fullhdfilmizlesene.now/minx/ftjs.1786843931.js:0
[ 1714960ms] [LOG] %c JSHandle@node @ https://www.fullhdfilmizlesene.now/minx/ftjs.1786843931.js:0
[ 1715460ms] [LOG] %c JSHandle@node @ https://www.fullhdfilmizlesene.now/minx/ftjs.1786843931.js:0
[ 1715957ms] [LOG] %c JSHandle@node @ https://www.fullhdfilmizlesene.now/minx/ftjs.1786843931.js:0
[ 1716452ms] [LOG] %c JSHandle@node @ https://www.fullhdfilmizlesene.now/minx/ftjs.1786843931.js:0
[ 1716954ms] [LOG] %c JSHandle@node @ https://www.fullhdfilmizlesene.now/minx/ftjs.1786843931.js:0
[ 1717451ms] [LOG] %c JSHandle@node @ https://www.fullhdfilmizlesene.now/minx/ftjs.1786843931.js:0
[ 1717949ms] [LOG] %c JSHandle@node @ https://www.fullhdfilmizlesene.now/minx/ftjs.1786843931.js:0
[ 1718462ms] [LOG] %c JSHandle@node @ https://www.fullhdfilmizlesene.now/minx/ftjs.1786843931.js:0
[ 1718960ms] [LOG] %c JSHandle@node @ https://www.fullhdfilmizlesene.now/minx/ftjs.1786843931.js:0
[ 1719459ms] [LOG] %c JSHandle@node @ https://www.fullhdfilmizlesene.now/minx/ftjs.1786843931.js:0
[ 1719955ms] [LOG] %c JSHandle@node @ https://www.fullhdfilmizlesene.now/minx/ftjs.1786843931.js:0
[ 1720456ms] [LOG] %c JSHandle@node @ https://www.fullhdfilmizlesene.now/minx/ftjs.1786843931.js:0
[ 1720958ms] [LOG] %c JSHandle@node @ https://www.fullhdfilmizlesene.now/minx/ftjs.1786843931.js:0
[ 1721453ms] [LOG] %c JSHandle@node @ https://www.fullhdfilmizlesene.now/minx/ftjs.1786843931.js:0
[ 1721951ms] [LOG] %c JSHandle@node @ https://www.fullhdfilmizlesene.now/minx/ftjs.1786843931.js:0
[ 1722453ms] [LOG] %c JSHandle@node @ https://www.fullhdfilmizlesene.now/minx/ftjs.1786843931.js:0
[ 1722953ms] [LOG] %c JSHandle@node @ https://www.fullhdfilmizlesene.now/minx/ftjs.1786843931.js:0
[ 1723453ms] [LOG] %c JSHandle@node @ https://www.fullhdfilmizlesene.now/minx/ftjs.1786843931.js:0
[ 1723951ms] [LOG] %c JSHandle@node @ https://www.fullhdfilmizlesene.now/minx/ftjs.1786843931.js:0
[ 1724450ms] [LOG] %c JSHandle@node @ https://www.fullhdfilmizlesene.now/minx/ftjs.1786843931.js:0
[ 1724948ms] [LOG] %c JSHandle@node @ https://www.fullhdfilmizlesene.now/minx/ftjs.1786843931.js:0
[ 1725449ms] [LOG] %c JSHandle@node @ https://www.fullhdfilmizlesene.now/minx/ftjs.1786843931.js:0
[ 1725963ms] [LOG] %c JSHandle@node @ https://www.fullhdfilmizlesene.now/minx/ftjs.1786843931.js:0
[ 1726459ms] [LOG] %c JSHandle@node @ https://www.fullhdfilmizlesene.now/minx/ftjs.1786843931.js:0
[ 1726957ms] [LOG] %c JSHandle@node @ https://www.fullhdfilmizlesene.now/minx/ftjs.1786843931.js:0
[ 1727458ms] [LOG] %c JSHandle@node @ https://www.fullhdfilmizlesene.now/minx/ftjs.1786843931.js:0
[ 1727955ms] [LOG] %c JSHandle@node @ https://www.fullhdfilmizlesene.now/minx/ftjs.1786843931.js:0
[ 1728452ms] [LOG] %c JSHandle@node @ https://www.fullhdfilmizlesene.now/minx/ftjs.1786843931.js:0
[ 1728952ms] [LOG] %c JSHandle@node @ https://www.fullhdfilmizlesene.now/minx/ftjs.1786843931.js:0
[ 1729448ms] [LOG] %c JSHandle@node @ https://www.fullhdfilmizlesene.now/minx/ftjs.1786843931.js:0
[ 1729963ms] [LOG] %c JSHandle@node @ https://www.fullhdfilmizlesene.now/minx/ftjs.1786843931.js:0
[ 1730449ms] [LOG] %c JSHandle@node @ https://www.fullhdfilmizlesene.now/minx/ftjs.1786843931.js:0
[ 1730948ms] [LOG] %c JSHandle@node @ https://www.fullhdfilmizlesene.now/minx/ftjs.1786843931.js:0
[ 1731461ms] [LOG] %c JSHandle@node @ https://www.fullhdfilmizlesene.now/minx/ftjs.1786843931.js:0
[ 1731961ms] [LOG] %c JSHandle@node @ https://www.fullhdfilmizlesene.now/minx/ftjs.1786843931.js:0
[ 1732463ms] [LOG] %c JSHandle@node @ https://www.fullhdfilmizlesene.now/minx/ftjs.1786843931.js:0
[ 1732956ms] [LOG] %c JSHandle@node @ https://www.fullhdfilmizlesene.now/minx/ftjs.1786843931.js:0
[ 1733457ms] [LOG] %c JSHandle@node @ https://www.fullhdfilmizlesene.now/minx/ftjs.1786843931.js:0
[ 1733954ms] [LOG] %c JSHandle@node @ https://www.fullhdfilmizlesene.now/minx/ftjs.1786843931.js:0
[ 1734450ms] [LOG] %c JSHandle@node @ https://www.fullhdfilmizlesene.now/minx/ftjs.1786843931.js:0
[ 1734958ms] [LOG] %c JSHandle@node @ https://www.fullhdfilmizlesene.now/minx/ftjs.1786843931.js:0
[ 1735452ms] [LOG] %c JSHandle@node @ https://www.fullhdfilmizlesene.now/minx/ftjs.1786843931.js:0
[ 1735954ms] [LOG] %c JSHandle@node @ https://www.fullhdfilmizlesene.now/minx/ftjs.1786843931.js:0
[ 1736450ms] [LOG] %c JSHandle@node @ https://www.fullhdfilmizlesene.now/minx/ftjs.1786843931.js:0
[ 1736950ms] [LOG] %c JSHandle@node @ https://www.fullhdfilmizlesene.now/minx/ftjs.1786843931.js:0
[ 1737464ms] [LOG] %c JSHandle@node @ https://www.fullhdfilmizlesene.now/minx/ftjs.1786843931.js:0
[ 1737962ms] [LOG] %c JSHandle@node @ https://www.fullhdfilmizlesene.now/minx/ftjs.1786843931.js:0
[ 1738464ms] [LOG] %c JSHandle@node @ https://www.fullhdfilmizlesene.now/minx/ftjs.1786843931.js:0
[ 1738961ms] [LOG] %c JSHandle@node @ https://www.fullhdfilmizlesene.now/minx/ftjs.1786843931.js:0
[ 1739462ms] [LOG] %c JSHandle@node @ https://www.fullhdfilmizlesene.now/minx/ftjs.1786843931.js:0
[ 1739964ms] [LOG] %c JSHandle@node @ https://www.fullhdfilmizlesene.now/minx/ftjs.1786843931.js:0
[ 1740452ms] [LOG] %c JSHandle@node @ https://www.fullhdfilmizlesene.now/minx/ftjs.1786843931.js:0
[ 1740950ms] [LOG] %c JSHandle@node @ https://www.fullhdfilmizlesene.now/minx/ftjs.1786843931.js:0
[ 1741455ms] [LOG] %c JSHandle@node @ https://www.fullhdfilmizlesene.now/minx/ftjs.1786843931.js:0
[ 1741956ms] [LOG] %c JSHandle@node @ https://www.fullhdfilmizlesene.now/minx/ftjs.1786843931.js:0
[ 1742460ms] [LOG] %c JSHandle@node @ https://www.fullhdfilmizlesene.now/minx/ftjs.1786843931.js:0
[ 1742958ms] [LOG] %c JSHandle@node @ https://www.fullhdfilmizlesene.now/minx/ftjs.1786843931.js:0
[ 1743454ms] [LOG] %c JSHandle@node @ https://www.fullhdfilmizlesene.now/minx/ftjs.1786843931.js:0
[ 1743960ms] [LOG] %c JSHandle@node @ https://www.fullhdfilmizlesene.now/minx/ftjs.1786843931.js:0
[ 1744458ms] [LOG] %c JSHandle@node @ https://www.fullhdfilmizlesene.now/minx/ftjs.1786843931.js:0
[ 1744950ms] [LOG] %c JSHandle@node @ https://www.fullhdfilmizlesene.now/minx/ftjs.1786843931.js:0
[ 1745459ms] [LOG] %c JSHandle@node @ https://www.fullhdfilmizlesene.now/minx/ftjs.1786843931.js:0
[ 1745961ms] [LOG] %c JSHandle@node @ https://www.fullhdfilmizlesene.now/minx/ftjs.1786843931.js:0
[ 1746453ms] [LOG] %c JSHandle@node @ https://www.fullhdfilmizlesene.now/minx/ftjs.1786843931.js:0
[ 1746953ms] [LOG] %c JSHandle@node @ https://www.fullhdfilmizlesene.now/minx/ftjs.1786843931.js:0
[ 1747451ms] [LOG] %c JSHandle@node @ https://www.fullhdfilmizlesene.now/minx/ftjs.1786843931.js:0
[ 1747949ms] [LOG] %c JSHandle@node @ https://www.fullhdfilmizlesene.now/minx/ftjs.1786843931.js:0
[ 1748463ms] [LOG] %c JSHandle@node @ https://www.fullhdfilmizlesene.now/minx/ftjs.1786843931.js:0
[ 1748961ms] [LOG] %c JSHandle@node @ https://www.fullhdfilmizlesene.now/minx/ftjs.1786843931.js:0
[ 1749460ms] [LOG] %c JSHandle@node @ https://www.fullhdfilmizlesene.now/minx/ftjs.1786843931.js:0
[ 1749955ms] [LOG] %c JSHandle@node @ https://www.fullhdfilmizlesene.now/minx/ftjs.1786843931.js:0
[ 1750452ms] [LOG] %c JSHandle@node @ https://www.fullhdfilmizlesene.now/minx/ftjs.1786843931.js:0
[ 1750948ms] [LOG] %c JSHandle@node @ https://www.fullhdfilmizlesene.now/minx/ftjs.1786843931.js:0
[ 1751449ms] [LOG] %c JSHandle@node @ https://www.fullhdfilmizlesene.now/minx/ftjs.1786843931.js:0
[ 1751950ms] [LOG] %c JSHandle@node @ https://www.fullhdfilmizlesene.now/minx/ftjs.1786843931.js:0
[ 1752461ms] [LOG] %c JSHandle@node @ https://www.fullhdfilmizlesene.now/minx/ftjs.1786843931.js:0
[ 1752960ms] [LOG] %c JSHandle@node @ https://www.fullhdfilmizlesene.now/minx/ftjs.1786843931.js:0
[ 1753451ms] [LOG] %c JSHandle@node @ https://www.fullhdfilmizlesene.now/minx/ftjs.1786843931.js:0
[ 1753955ms] [LOG] %c JSHandle@node @ https://www.fullhdfilmizlesene.now/minx/ftjs.1786843931.js:0
[ 1754454ms] [LOG] %c JSHandle@node @ https://www.fullhdfilmizlesene.now/minx/ftjs.1786843931.js:0
[ 1754955ms] [LOG] %c JSHandle@node @ https://www.fullhdfilmizlesene.now/minx/ftjs.1786843931.js:0
[ 1755457ms] [LOG] %c JSHandle@node @ https://www.fullhdfilmizlesene.now/minx/ftjs.1786843931.js:0
[ 1755958ms] [LOG] %c JSHandle@node @ https://www.fullhdfilmizlesene.now/minx/ftjs.1786843931.js:0
[ 1756454ms] [LOG] %c JSHandle@node @ https://www.fullhdfilmizlesene.now/minx/ftjs.1786843931.js:0
[ 1756949ms] [LOG] %c JSHandle@node @ https://www.fullhdfilmizlesene.now/minx/ftjs.1786843931.js:0
[ 1757464ms] [LOG] %c JSHandle@node @ https://www.fullhdfilmizlesene.now/minx/ftjs.1786843931.js:0
[ 1757949ms] [LOG] %c JSHandle@node @ https://www.fullhdfilmizlesene.now/minx/ftjs.1786843931.js:0
[ 1758460ms] [LOG] %c JSHandle@node @ https://www.fullhdfilmizlesene.now/minx/ftjs.1786843931.js:0
[ 1758955ms] [LOG] %c JSHandle@node @ https://www.fullhdfilmizlesene.now/minx/ftjs.1786843931.js:0
[ 1759452ms] [LOG] %c JSHandle@node @ https://www.fullhdfilmizlesene.now/minx/ftjs.1786843931.js:0
[ 1759953ms] [LOG] %c JSHandle@node @ https://www.fullhdfilmizlesene.now/minx/ftjs.1786843931.js:0
[ 1760451ms] [LOG] %c JSHandle@node @ https://www.fullhdfilmizlesene.now/minx/ftjs.1786843931.js:0
[ 1760950ms] [LOG] %c JSHandle@node @ https://www.fullhdfilmizlesene.now/minx/ftjs.1786843931.js:0
[ 1761463ms] [LOG] %c JSHandle@node @ https://www.fullhdfilmizlesene.now/minx/ftjs.1786843931.js:0
[ 1761951ms] [LOG] %c JSHandle@node @ https://www.fullhdfilmizlesene.now/minx/ftjs.1786843931.js:0
[ 1762451ms] [LOG] %c JSHandle@node @ https://www.fullhdfilmizlesene.now/minx/ftjs.1786843931.js:0
[ 1762954ms] [LOG] %c JSHandle@node @ https://www.fullhdfilmizlesene.now/minx/ftjs.1786843931.js:0
[ 1763449ms] [LOG] %c JSHandle@node @ https://www.fullhdfilmizlesene.now/minx/ftjs.1786843931.js:0
[ 1763950ms] [LOG] %c JSHandle@node @ https://www.fullhdfilmizlesene.now/minx/ftjs.1786843931.js:0
[ 1764463ms] [LOG] %c JSHandle@node @ https://www.fullhdfilmizlesene.now/minx/ftjs.1786843931.js:0
[ 1764962ms] [LOG] %c JSHandle@node @ https://www.fullhdfilmizlesene.now/minx/ftjs.1786843931.js:0
[ 1765460ms] [LOG] %c JSHandle@node @ https://www.fullhdfilmizlesene.now/minx/ftjs.1786843931.js:0
[ 1765960ms] [LOG] %c JSHandle@node @ https://www.fullhdfilmizlesene.now/minx/ftjs.1786843931.js:0
[ 1766461ms] [LOG] %c JSHandle@node @ https://www.fullhdfilmizlesene.now/minx/ftjs.1786843931.js:0
[ 1766962ms] [LOG] %c JSHandle@node @ https://www.fullhdfilmizlesene.now/minx/ftjs.1786843931.js:0
[ 1767456ms] [LOG] %c JSHandle@node @ https://www.fullhdfilmizlesene.now/minx/ftjs.1786843931.js:0
[ 1767960ms] [LOG] %c JSHandle@node @ https://www.fullhdfilmizlesene.now/minx/ftjs.1786843931.js:0
[ 1768458ms] [LOG] %c JSHandle@node @ https://www.fullhdfilmizlesene.now/minx/ftjs.1786843931.js:0
[ 1768953ms] [LOG] %c JSHandle@node @ https://www.fullhdfilmizlesene.now/minx/ftjs.1786843931.js:0
[ 1769450ms] [LOG] %c JSHandle@node @ https://www.fullhdfilmizlesene.now/minx/ftjs.1786843931.js:0
[ 1769959ms] [LOG] %c JSHandle@node @ https://www.fullhdfilmizlesene.now/minx/ftjs.1786843931.js:0
[ 1770457ms] [LOG] %c JSHandle@node @ https://www.fullhdfilmizlesene.now/minx/ftjs.1786843931.js:0
[ 1770954ms] [LOG] %c JSHandle@node @ https://www.fullhdfilmizlesene.now/minx/ftjs.1786843931.js:0
[ 1771455ms] [LOG] %c JSHandle@node @ https://www.fullhdfilmizlesene.now/minx/ftjs.1786843931.js:0
[ 1771953ms] [LOG] %c JSHandle@node @ https://www.fullhdfilmizlesene.now/minx/ftjs.1786843931.js:0
[ 1772449ms] [LOG] %c JSHandle@node @ https://www.fullhdfilmizlesene.now/minx/ftjs.1786843931.js:0
[ 1772951ms] [LOG] %c JSHandle@node @ https://www.fullhdfilmizlesene.now/minx/ftjs.1786843931.js:0
[ 1773463ms] [LOG] %c JSHandle@node @ https://www.fullhdfilmizlesene.now/minx/ftjs.1786843931.js:0
[ 1773957ms] [LOG] %c JSHandle@node @ https://www.fullhdfilmizlesene.now/minx/ftjs.1786843931.js:0
[ 1774451ms] [LOG] %c JSHandle@node @ https://www.fullhdfilmizlesene.now/minx/ftjs.1786843931.js:0
[ 1774961ms] [LOG] %c JSHandle@node @ https://www.fullhdfilmizlesene.now/minx/ftjs.1786843931.js:0
[ 1775457ms] [LOG] %c JSHandle@node @ https://www.fullhdfilmizlesene.now/minx/ftjs.1786843931.js:0
[ 1775955ms] [LOG] %c JSHandle@node @ https://www.fullhdfilmizlesene.now/minx/ftjs.1786843931.js:0
[ 1776451ms] [LOG] %c JSHandle@node @ https://www.fullhdfilmizlesene.now/minx/ftjs.1786843931.js:0
[ 1776963ms] [LOG] %c JSHandle@node @ https://www.fullhdfilmizlesene.now/minx/ftjs.1786843931.js:0
[ 1777459ms] [LOG] %c JSHandle@node @ https://www.fullhdfilmizlesene.now/minx/ftjs.1786843931.js:0
[ 1777958ms] [LOG] %c JSHandle@node @ https://www.fullhdfilmizlesene.now/minx/ftjs.1786843931.js:0
[ 1778455ms] [LOG] %c JSHandle@node @ https://www.fullhdfilmizlesene.now/minx/ftjs.1786843931.js:0
[ 1778955ms] [LOG] %c JSHandle@node @ https://www.fullhdfilmizlesene.now/minx/ftjs.1786843931.js:0
[ 1779454ms] [LOG] %c JSHandle@node @ https://www.fullhdfilmizlesene.now/minx/ftjs.1786843931.js:0
[ 1779959ms] [LOG] %c JSHandle@node @ https://www.fullhdfilmizlesene.now/minx/ftjs.1786843931.js:0
[ 1780463ms] [LOG] %c JSHandle@node @ https://www.fullhdfilmizlesene.now/minx/ftjs.1786843931.js:0
[ 1780951ms] [LOG] %c JSHandle@node @ https://www.fullhdfilmizlesene.now/minx/ftjs.1786843931.js:0
[ 1781452ms] [LOG] %c JSHandle@node @ https://www.fullhdfilmizlesene.now/minx/ftjs.1786843931.js:0
[ 1781952ms] [LOG] %c JSHandle@node @ https://www.fullhdfilmizlesene.now/minx/ftjs.1786843931.js:0
[ 1782463ms] [LOG] %c JSHandle@node @ https://www.fullhdfilmizlesene.now/minx/ftjs.1786843931.js:0
[ 1782959ms] [LOG] %c JSHandle@node @ https://www.fullhdfilmizlesene.now/minx/ftjs.1786843931.js:0
[ 1783452ms] [LOG] %c JSHandle@node @ https://www.fullhdfilmizlesene.now/minx/ftjs.1786843931.js:0
[ 1783963ms] [LOG] %c JSHandle@node @ https://www.fullhdfilmizlesene.now/minx/ftjs.1786843931.js:0
[ 1784463ms] [LOG] %c JSHandle@node @ https://www.fullhdfilmizlesene.now/minx/ftjs.1786843931.js:0
[ 1784961ms] [LOG] %c JSHandle@node @ https://www.fullhdfilmizlesene.now/minx/ftjs.1786843931.js:0
[ 1785460ms] [LOG] %c JSHandle@node @ https://www.fullhdfilmizlesene.now/minx/ftjs.1786843931.js:0
[ 1785958ms] [LOG] %c JSHandle@node @ https://www.fullhdfilmizlesene.now/minx/ftjs.1786843931.js:0
[ 1786457ms] [LOG] %c JSHandle@node @ https://www.fullhdfilmizlesene.now/minx/ftjs.1786843931.js:0
[ 1786956ms] [LOG] %c JSHandle@node @ https://www.fullhdfilmizlesene.now/minx/ftjs.1786843931.js:0
[ 1787455ms] [LOG] %c JSHandle@node @ https://www.fullhdfilmizlesene.now/minx/ftjs.1786843931.js:0
[ 1787958ms] [LOG] %c JSHandle@node @ https://www.fullhdfilmizlesene.now/minx/ftjs.1786843931.js:0
[ 1788452ms] [LOG] %c JSHandle@node @ https://www.fullhdfilmizlesene.now/minx/ftjs.1786843931.js:0
[ 1788963ms] [LOG] %c JSHandle@node @ https://www.fullhdfilmizlesene.now/minx/ftjs.1786843931.js:0
[ 1789455ms] [LOG] %c JSHandle@node @ https://www.fullhdfilmizlesene.now/minx/ftjs.1786843931.js:0
[ 1789950ms] [LOG] %c JSHandle@node @ https://www.fullhdfilmizlesene.now/minx/ftjs.1786843931.js:0
[ 1790449ms] [LOG] %c JSHandle@node @ https://www.fullhdfilmizlesene.now/minx/ftjs.1786843931.js:0
[ 1790964ms] [LOG] %c JSHandle@node @ https://www.fullhdfilmizlesene.now/minx/ftjs.1786843931.js:0
[ 1791450ms] [LOG] %c JSHandle@node @ https://www.fullhdfilmizlesene.now/minx/ftjs.1786843931.js:0
[ 1791950ms] [LOG] %c JSHandle@node @ https://www.fullhdfilmizlesene.now/minx/ftjs.1786843931.js:0
[ 1792450ms] [LOG] %c JSHandle@node @ https://www.fullhdfilmizlesene.now/minx/ftjs.1786843931.js:0
[ 1792953ms] [LOG] %c JSHandle@node @ https://www.fullhdfilmizlesene.now/minx/ftjs.1786843931.js:0
[ 1793449ms] [LOG] %c JSHandle@node @ https://www.fullhdfilmizlesene.now/minx/ftjs.1786843931.js:0
[ 1793949ms] [LOG] %c JSHandle@node @ https://www.fullhdfilmizlesene.now/minx/ftjs.1786843931.js:0
[ 1794461ms] [LOG] %c JSHandle@node @ https://www.fullhdfilmizlesene.now/minx/ftjs.1786843931.js:0
[ 1794950ms] [LOG] %c JSHandle@node @ https://www.fullhdfilmizlesene.now/minx/ftjs.1786843931.js:0
[ 1795463ms] [LOG] %c JSHandle@node @ https://www.fullhdfilmizlesene.now/minx/ftjs.1786843931.js:0
[ 1795961ms] [LOG] %c JSHandle@node @ https://www.fullhdfilmizlesene.now/minx/ftjs.1786843931.js:0
[ 1796461ms] [LOG] %c JSHandle@node @ https://www.fullhdfilmizlesene.now/minx/ftjs.1786843931.js:0
[ 1796958ms] [LOG] %c JSHandle@node @ https://www.fullhdfilmizlesene.now/minx/ftjs.1786843931.js:0
[ 1797458ms] [LOG] %c JSHandle@node @ https://www.fullhdfilmizlesene.now/minx/ftjs.1786843931.js:0
[ 1797957ms] [LOG] %c JSHandle@node @ https://www.fullhdfilmizlesene.now/minx/ftjs.1786843931.js:0
[ 1798455ms] [LOG] %c JSHandle@node @ https://www.fullhdfilmizlesene.now/minx/ftjs.1786843931.js:0
[ 1798962ms] [LOG] %c JSHandle@node @ https://www.fullhdfilmizlesene.now/minx/ftjs.1786843931.js:0
[ 1799462ms] [LOG] %c JSHandle@node @ https://www.fullhdfilmizlesene.now/minx/ftjs.1786843931.js:0
[ 1799962ms] [LOG] %c JSHandle@node @ https://www.fullhdfilmizlesene.now/minx/ftjs.1786843931.js:0
[ 1800457ms] [LOG] %c JSHandle@node @ https://www.fullhdfilmizlesene.now/minx/ftjs.1786843931.js:0
[ 1800957ms] [LOG] %c JSHandle@node @ https://www.fullhdfilmizlesene.now/minx/ftjs.1786843931.js:0
[ 1801457ms] [LOG] %c JSHandle@node @ https://www.fullhdfilmizlesene.now/minx/ftjs.1786843931.js:0
[ 1801952ms] [LOG] %c JSHandle@node @ https://www.fullhdfilmizlesene.now/minx/ftjs.1786843931.js:0
[ 1802449ms] [LOG] %c JSHandle@node @ https://www.fullhdfilmizlesene.now/minx/ftjs.1786843931.js:0
[ 1802962ms] [LOG] %c JSHandle@node @ https://www.fullhdfilmizlesene.now/minx/ftjs.1786843931.js:0
[ 1803458ms] [LOG] %c JSHandle@node @ https://www.fullhdfilmizlesene.now/minx/ftjs.1786843931.js:0
[ 1803955ms] [LOG] %c JSHandle@node @ https://www.fullhdfilmizlesene.now/minx/ftjs.1786843931.js:0
[ 1804452ms] [LOG] %c JSHandle@node @ https://www.fullhdfilmizlesene.now/minx/ftjs.1786843931.js:0
[ 1804953ms] [LOG] %c JSHandle@node @ https://www.fullhdfilmizlesene.now/minx/ftjs.1786843931.js:0
[ 1805449ms] [LOG] %c JSHandle@node @ https://www.fullhdfilmizlesene.now/minx/ftjs.1786843931.js:0
[ 1805960ms] [LOG] %c JSHandle@node @ https://www.fullhdfilmizlesene.now/minx/ftjs.1786843931.js:0
[ 1806454ms] [LOG] %c JSHandle@node @ https://www.fullhdfilmizlesene.now/minx/ftjs.1786843931.js:0
[ 1806950ms] [LOG] %c JSHandle@node @ https://www.fullhdfilmizlesene.now/minx/ftjs.1786843931.js:0
[ 1807450ms] [LOG] %c JSHandle@node @ https://www.fullhdfilmizlesene.now/minx/ftjs.1786843931.js:0
[ 1807951ms] [LOG] %c JSHandle@node @ https://www.fullhdfilmizlesene.now/minx/ftjs.1786843931.js:0
[ 1808460ms] [LOG] %c JSHandle@node @ https://www.fullhdfilmizlesene.now/minx/ftjs.1786843931.js:0
[ 1808956ms] [LOG] %c JSHandle@node @ https://www.fullhdfilmizlesene.now/minx/ftjs.1786843931.js:0
[ 1809454ms] [LOG] %c JSHandle@node @ https://www.fullhdfilmizlesene.now/minx/ftjs.1786843931.js:0
[ 1809949ms] [LOG] %c JSHandle@node @ https://www.fullhdfilmizlesene.now/minx/ftjs.1786843931.js:0
[ 1810463ms] [LOG] %c JSHandle@node @ https://www.fullhdfilmizlesene.now/minx/ftjs.1786843931.js:0
[ 1810950ms] [LOG] %c JSHandle@node @ https://www.fullhdfilmizlesene.now/minx/ftjs.1786843931.js:0
[ 1811449ms] [LOG] %c JSHandle@node @ https://www.fullhdfilmizlesene.now/minx/ftjs.1786843931.js:0
[ 1811948ms] [LOG] %c JSHandle@node @ https://www.fullhdfilmizlesene.now/minx/ftjs.1786843931.js:0
[ 1812458ms] [LOG] %c JSHandle@node @ https://www.fullhdfilmizlesene.now/minx/ftjs.1786843931.js:0
[ 1812954ms] [LOG] %c JSHandle@node @ https://www.fullhdfilmizlesene.now/minx/ftjs.1786843931.js:0
[ 1813452ms] [LOG] %c JSHandle@node @ https://www.fullhdfilmizlesene.now/minx/ftjs.1786843931.js:0
[ 1813950ms] [LOG] %c JSHandle@node @ https://www.fullhdfilmizlesene.now/minx/ftjs.1786843931.js:0
[ 1814453ms] [LOG] %c JSHandle@node @ https://www.fullhdfilmizlesene.now/minx/ftjs.1786843931.js:0
[ 1814952ms] [LOG] %c JSHandle@node @ https://www.fullhdfilmizlesene.now/minx/ftjs.1786843931.js:0
[ 1815451ms] [LOG] %c JSHandle@node @ https://www.fullhdfilmizlesene.now/minx/ftjs.1786843931.js:0
[ 1815957ms] [LOG] %c JSHandle@node @ https://www.fullhdfilmizlesene.now/minx/ftjs.1786843931.js:0
[ 1816455ms] [LOG] %c JSHandle@node @ https://www.fullhdfilmizlesene.now/minx/ftjs.1786843931.js:0
[ 1816955ms] [LOG] %c JSHandle@node @ https://www.fullhdfilmizlesene.now/minx/ftjs.1786843931.js:0
[ 1817461ms] [LOG] %c JSHandle@node @ https://www.fullhdfilmizlesene.now/minx/ftjs.1786843931.js:0
[ 1817962ms] [LOG] %c JSHandle@node @ https://www.fullhdfilmizlesene.now/minx/ftjs.1786843931.js:0
[ 1818462ms] [LOG] %c JSHandle@node @ https://www.fullhdfilmizlesene.now/minx/ftjs.1786843931.js:0
[ 1818963ms] [LOG] %c JSHandle@node @ https://www.fullhdfilmizlesene.now/minx/ftjs.1786843931.js:0
[ 1819461ms] [LOG] %c JSHandle@node @ https://www.fullhdfilmizlesene.now/minx/ftjs.1786843931.js:0
[ 1819958ms] [LOG] %c JSHandle@node @ https://www.fullhdfilmizlesene.now/minx/ftjs.1786843931.js:0
[ 1820450ms] [LOG] %c JSHandle@node @ https://www.fullhdfilmizlesene.now/minx/ftjs.1786843931.js:0
[ 1820950ms] [LOG] %c JSHandle@node @ https://www.fullhdfilmizlesene.now/minx/ftjs.1786843931.js:0
[ 1821456ms] [LOG] %c JSHandle@node @ https://www.fullhdfilmizlesene.now/minx/ftjs.1786843931.js:0
[ 1821950ms] [LOG] %c JSHandle@node @ https://www.fullhdfilmizlesene.now/minx/ftjs.1786843931.js:0
[ 1822454ms] [LOG] %c JSHandle@node @ https://www.fullhdfilmizlesene.now/minx/ftjs.1786843931.js:0
[ 1822955ms] [LOG] %c JSHandle@node @ https://www.fullhdfilmizlesene.now/minx/ftjs.1786843931.js:0
[ 1823452ms] [LOG] %c JSHandle@node @ https://www.fullhdfilmizlesene.now/minx/ftjs.1786843931.js:0
[ 1823953ms] [LOG] %c JSHandle@node @ https://www.fullhdfilmizlesene.now/minx/ftjs.1786843931.js:0
[ 1824451ms] [LOG] %c JSHandle@node @ https://www.fullhdfilmizlesene.now/minx/ftjs.1786843931.js:0
[ 1824949ms] [LOG] %c JSHandle@node @ https://www.fullhdfilmizlesene.now/minx/ftjs.1786843931.js:0
[ 1825464ms] [LOG] %c JSHandle@node @ https://www.fullhdfilmizlesene.now/minx/ftjs.1786843931.js:0
[ 1825960ms] [LOG] %c JSHandle@node @ https://www.fullhdfilmizlesene.now/minx/ftjs.1786843931.js:0
[ 1826460ms] [LOG] %c JSHandle@node @ https://www.fullhdfilmizlesene.now/minx/ftjs.1786843931.js:0
[ 1826963ms] [LOG] %c JSHandle@node @ https://www.fullhdfilmizlesene.now/minx/ftjs.1786843931.js:0
[ 1827449ms] [LOG] %c JSHandle@node @ https://www.fullhdfilmizlesene.now/minx/ftjs.1786843931.js:0
[ 1827963ms] [LOG] %c JSHandle@node @ https://www.fullhdfilmizlesene.now/minx/ftjs.1786843931.js:0
[ 1828463ms] [LOG] %c JSHandle@node @ https://www.fullhdfilmizlesene.now/minx/ftjs.1786843931.js:0
[ 1828962ms] [LOG] %c JSHandle@node @ https://www.fullhdfilmizlesene.now/minx/ftjs.1786843931.js:0
[ 1829461ms] [LOG] %c JSHandle@node @ https://www.fullhdfilmizlesene.now/minx/ftjs.1786843931.js:0
[ 1829956ms] [LOG] %c JSHandle@node @ https://www.fullhdfilmizlesene.now/minx/ftjs.1786843931.js:0
[ 1830449ms] [LOG] %c JSHandle@node @ https://www.fullhdfilmizlesene.now/minx/ftjs.1786843931.js:0
[ 1830959ms] [LOG] %c JSHandle@node @ https://www.fullhdfilmizlesene.now/minx/ftjs.1786843931.js:0
[ 1831456ms] [LOG] %c JSHandle@node @ https://www.fullhdfilmizlesene.now/minx/ftjs.1786843931.js:0
[ 1831953ms] [LOG] %c JSHandle@node @ https://www.fullhdfilmizlesene.now/minx/ftjs.1786843931.js:0
[ 1832449ms] [LOG] %c JSHandle@node @ https://www.fullhdfilmizlesene.now/minx/ftjs.1786843931.js:0
[ 1832959ms] [LOG] %c JSHandle@node @ https://www.fullhdfilmizlesene.now/minx/ftjs.1786843931.js:0
[ 1833457ms] [LOG] %c JSHandle@node @ https://www.fullhdfilmizlesene.now/minx/ftjs.1786843931.js:0
[ 1833952ms] [LOG] %c JSHandle@node @ https://www.fullhdfilmizlesene.now/minx/ftjs.1786843931.js:0
[ 1834456ms] [LOG] %c JSHandle@node @ https://www.fullhdfilmizlesene.now/minx/ftjs.1786843931.js:0
[ 1834952ms] [LOG] %c JSHandle@node @ https://www.fullhdfilmizlesene.now/minx/ftjs.1786843931.js:0
[ 1835456ms] [LOG] %c JSHandle@node @ https://www.fullhdfilmizlesene.now/minx/ftjs.1786843931.js:0
[ 1835949ms] [LOG] %c JSHandle@node @ https://www.fullhdfilmizlesene.now/minx/ftjs.1786843931.js:0
[ 1836451ms] [LOG] %c JSHandle@node @ https://www.fullhdfilmizlesene.now/minx/ftjs.1786843931.js:0
[ 1836952ms] [LOG] %c JSHandle@node @ https://www.fullhdfilmizlesene.now/minx/ftjs.1786843931.js:0
[ 1837453ms] [LOG] %c JSHandle@node @ https://www.fullhdfilmizlesene.now/minx/ftjs.1786843931.js:0
[ 1837955ms] [LOG] %c JSHandle@node @ https://www.fullhdfilmizlesene.now/minx/ftjs.1786843931.js:0
[ 1838449ms] [LOG] %c JSHandle@node @ https://www.fullhdfilmizlesene.now/minx/ftjs.1786843931.js:0
[ 1838955ms] [LOG] %c JSHandle@node @ https://www.fullhdfilmizlesene.now/minx/ftjs.1786843931.js:0
[ 1839450ms] [LOG] %c JSHandle@node @ https://www.fullhdfilmizlesene.now/minx/ftjs.1786843931.js:0
[ 1839951ms] [LOG] %c JSHandle@node @ https://www.fullhdfilmizlesene.now/minx/ftjs.1786843931.js:0
[ 1840461ms] [LOG] %c JSHandle@node @ https://www.fullhdfilmizlesene.now/minx/ftjs.1786843931.js:0
[ 1840958ms] [LOG] %c JSHandle@node @ https://www.fullhdfilmizlesene.now/minx/ftjs.1786843931.js:0
[ 1841449ms] [LOG] %c JSHandle@node @ https://www.fullhdfilmizlesene.now/minx/ftjs.1786843931.js:0
[ 1841959ms] [LOG] %c JSHandle@node @ https://www.fullhdfilmizlesene.now/minx/ftjs.1786843931.js:0
[ 1842460ms] [LOG] %c JSHandle@node @ https://www.fullhdfilmizlesene.now/minx/ftjs.1786843931.js:0
[ 1842949ms] [LOG] %c JSHandle@node @ https://www.fullhdfilmizlesene.now/minx/ftjs.1786843931.js:0
[ 1843451ms] [LOG] %c JSHandle@node @ https://www.fullhdfilmizlesene.now/minx/ftjs.1786843931.js:0
[ 1843963ms] [LOG] %c JSHandle@node @ https://www.fullhdfilmizlesene.now/minx/ftjs.1786843931.js:0
[ 1844463ms] [LOG] %c JSHandle@node @ https://www.fullhdfilmizlesene.now/minx/ftjs.1786843931.js:0
[ 1844950ms] [LOG] %c JSHandle@node @ https://www.fullhdfilmizlesene.now/minx/ftjs.1786843931.js:0
[ 1845452ms] [LOG] %c JSHandle@node @ https://www.fullhdfilmizlesene.now/minx/ftjs.1786843931.js:0
[ 1845952ms] [LOG] %c JSHandle@node @ https://www.fullhdfilmizlesene.now/minx/ftjs.1786843931.js:0
[ 1846451ms] [LOG] %c JSHandle@node @ https://www.fullhdfilmizlesene.now/minx/ftjs.1786843931.js:0
[ 1846952ms] [LOG] %c JSHandle@node @ https://www.fullhdfilmizlesene.now/minx/ftjs.1786843931.js:0
[ 1847462ms] [LOG] %c JSHandle@node @ https://www.fullhdfilmizlesene.now/minx/ftjs.1786843931.js:0
[ 1847960ms] [LOG] %c JSHandle@node @ https://www.fullhdfilmizlesene.now/minx/ftjs.1786843931.js:0
[ 1848462ms] [LOG] %c JSHandle@node @ https://www.fullhdfilmizlesene.now/minx/ftjs.1786843931.js:0
[ 1848964ms] [LOG] %c JSHandle@node @ https://www.fullhdfilmizlesene.now/minx/ftjs.1786843931.js:0
[ 1849453ms] [LOG] %c JSHandle@node @ https://www.fullhdfilmizlesene.now/minx/ftjs.1786843931.js:0
[ 1849949ms] [LOG] %c JSHandle@node @ https://www.fullhdfilmizlesene.now/minx/ftjs.1786843931.js:0
[ 1850449ms] [LOG] %c JSHandle@node @ https://www.fullhdfilmizlesene.now/minx/ftjs.1786843931.js:0
[ 1850960ms] [LOG] %c JSHandle@node @ https://www.fullhdfilmizlesene.now/minx/ftjs.1786843931.js:0
[ 1851456ms] [LOG] %c JSHandle@node @ https://www.fullhdfilmizlesene.now/minx/ftjs.1786843931.js:0
[ 1851949ms] [LOG] %c JSHandle@node @ https://www.fullhdfilmizlesene.now/minx/ftjs.1786843931.js:0
[ 1852458ms] [LOG] %c JSHandle@node @ https://www.fullhdfilmizlesene.now/minx/ftjs.1786843931.js:0
[ 1852954ms] [LOG] %c JSHandle@node @ https://www.fullhdfilmizlesene.now/minx/ftjs.1786843931.js:0
[ 1853455ms] [LOG] %c JSHandle@node @ https://www.fullhdfilmizlesene.now/minx/ftjs.1786843931.js:0
[ 1853952ms] [LOG] %c JSHandle@node @ https://www.fullhdfilmizlesene.now/minx/ftjs.1786843931.js:0
[ 1854450ms] [LOG] %c JSHandle@node @ https://www.fullhdfilmizlesene.now/minx/ftjs.1786843931.js:0
[ 1854959ms] [LOG] %c JSHandle@node @ https://www.fullhdfilmizlesene.now/minx/ftjs.1786843931.js:0
[ 1855449ms] [LOG] %c JSHandle@node @ https://www.fullhdfilmizlesene.now/minx/ftjs.1786843931.js:0
[ 1855957ms] [LOG] %c JSHandle@node @ https://www.fullhdfilmizlesene.now/minx/ftjs.1786843931.js:0
[ 1856457ms] [LOG] %c JSHandle@node @ https://www.fullhdfilmizlesene.now/minx/ftjs.1786843931.js:0
[ 1856955ms] [LOG] %c JSHandle@node @ https://www.fullhdfilmizlesene.now/minx/ftjs.1786843931.js:0
[ 1857453ms] [LOG] %c JSHandle@node @ https://www.fullhdfilmizlesene.now/minx/ftjs.1786843931.js:0
[ 1857952ms] [LOG] %c JSHandle@node @ https://www.fullhdfilmizlesene.now/minx/ftjs.1786843931.js:0
[ 1858451ms] [LOG] %c JSHandle@node @ https://www.fullhdfilmizlesene.now/minx/ftjs.1786843931.js:0
[ 1858949ms] [LOG] %c JSHandle@node @ https://www.fullhdfilmizlesene.now/minx/ftjs.1786843931.js:0
[ 1859449ms] [LOG] %c JSHandle@node @ https://www.fullhdfilmizlesene.now/minx/ftjs.1786843931.js:0
[ 1859961ms] [LOG] %c JSHandle@node @ https://www.fullhdfilmizlesene.now/minx/ftjs.1786843931.js:0
[ 1860459ms] [LOG] %c JSHandle@node @ https://www.fullhdfilmizlesene.now/minx/ftjs.1786843931.js:0
[ 1860955ms] [LOG] %c JSHandle@node @ https://www.fullhdfilmizlesene.now/minx/ftjs.1786843931.js:0
[ 1861454ms] [LOG] %c JSHandle@node @ https://www.fullhdfilmizlesene.now/minx/ftjs.1786843931.js:0
[ 1861955ms] [LOG] %c JSHandle@node @ https://www.fullhdfilmizlesene.now/minx/ftjs.1786843931.js:0
[ 1862454ms] [LOG] %c JSHandle@node @ https://www.fullhdfilmizlesene.now/minx/ftjs.1786843931.js:0
[ 1862956ms] [LOG] %c JSHandle@node @ https://www.fullhdfilmizlesene.now/minx/ftjs.1786843931.js:0
[ 1863455ms] [LOG] %c JSHandle@node @ https://www.fullhdfilmizlesene.now/minx/ftjs.1786843931.js:0
[ 1863955ms] [LOG] %c JSHandle@node @ https://www.fullhdfilmizlesene.now/minx/ftjs.1786843931.js:0
[ 1864452ms] [LOG] %c JSHandle@node @ https://www.fullhdfilmizlesene.now/minx/ftjs.1786843931.js:0
[ 1864953ms] [LOG] %c JSHandle@node @ https://www.fullhdfilmizlesene.now/minx/ftjs.1786843931.js:0
[ 1865452ms] [LOG] %c JSHandle@node @ https://www.fullhdfilmizlesene.now/minx/ftjs.1786843931.js:0
[ 1865954ms] [LOG] %c JSHandle@node @ https://www.fullhdfilmizlesene.now/minx/ftjs.1786843931.js:0
[ 1866450ms] [LOG] %c JSHandle@node @ https://www.fullhdfilmizlesene.now/minx/ftjs.1786843931.js:0
[ 1866963ms] [LOG] %c JSHandle@node @ https://www.fullhdfilmizlesene.now/minx/ftjs.1786843931.js:0
[ 1867462ms] [LOG] %c JSHandle@node @ https://www.fullhdfilmizlesene.now/minx/ftjs.1786843931.js:0
[ 1867951ms] [LOG] %c JSHandle@node @ https://www.fullhdfilmizlesene.now/minx/ftjs.1786843931.js:0
[ 1868450ms] [LOG] %c JSHandle@node @ https://www.fullhdfilmizlesene.now/minx/ftjs.1786843931.js:0
[ 1868949ms] [LOG] %c JSHandle@node @ https://www.fullhdfilmizlesene.now/minx/ftjs.1786843931.js:0
[ 1869450ms] [LOG] %c JSHandle@node @ https://www.fullhdfilmizlesene.now/minx/ftjs.1786843931.js:0
[ 1869949ms] [LOG] %c JSHandle@node @ https://www.fullhdfilmizlesene.now/minx/ftjs.1786843931.js:0
[ 1870461ms] [LOG] %c JSHandle@node @ https://www.fullhdfilmizlesene.now/minx/ftjs.1786843931.js:0
[ 1870964ms] [LOG] %c JSHandle@node @ https://www.fullhdfilmizlesene.now/minx/ftjs.1786843931.js:0
[ 1871463ms] [LOG] %c JSHandle@node @ https://www.fullhdfilmizlesene.now/minx/ftjs.1786843931.js:0
[ 1871951ms] [LOG] %c JSHandle@node @ https://www.fullhdfilmizlesene.now/minx/ftjs.1786843931.js:0
[ 1872464ms] [LOG] %c JSHandle@node @ https://www.fullhdfilmizlesene.now/minx/ftjs.1786843931.js:0
[ 1872960ms] [LOG] %c JSHandle@node @ https://www.fullhdfilmizlesene.now/minx/ftjs.1786843931.js:0
[ 1873460ms] [LOG] %c JSHandle@node @ https://www.fullhdfilmizlesene.now/minx/ftjs.1786843931.js:0
[ 1873952ms] [LOG] %c JSHandle@node @ https://www.fullhdfilmizlesene.now/minx/ftjs.1786843931.js:0
[ 1874453ms] [LOG] %c JSHandle@node @ https://www.fullhdfilmizlesene.now/minx/ftjs.1786843931.js:0
[ 1874954ms] [LOG] %c JSHandle@node @ https://www.fullhdfilmizlesene.now/minx/ftjs.1786843931.js:0
[ 1875449ms] [LOG] %c JSHandle@node @ https://www.fullhdfilmizlesene.now/minx/ftjs.1786843931.js:0
[ 1875949ms] [LOG] %c JSHandle@node @ https://www.fullhdfilmizlesene.now/minx/ftjs.1786843931.js:0
[ 1876462ms] [LOG] %c JSHandle@node @ https://www.fullhdfilmizlesene.now/minx/ftjs.1786843931.js:0
[ 1876963ms] [LOG] %c JSHandle@node @ https://www.fullhdfilmizlesene.now/minx/ftjs.1786843931.js:0
[ 1877461ms] [LOG] %c JSHandle@node @ https://www.fullhdfilmizlesene.now/minx/ftjs.1786843931.js:0
[ 1877960ms] [LOG] %c JSHandle@node @ https://www.fullhdfilmizlesene.now/minx/ftjs.1786843931.js:0
[ 1878457ms] [LOG] %c JSHandle@node @ https://www.fullhdfilmizlesene.now/minx/ftjs.1786843931.js:0
[ 1878954ms] [LOG] %c JSHandle@node @ https://www.fullhdfilmizlesene.now/minx/ftjs.1786843931.js:0
[ 1879452ms] [LOG] %c JSHandle@node @ https://www.fullhdfilmizlesene.now/minx/ftjs.1786843931.js:0
[ 1879951ms] [LOG] %c JSHandle@node @ https://www.fullhdfilmizlesene.now/minx/ftjs.1786843931.js:0
[ 1880450ms] [LOG] %c JSHandle@node @ https://www.fullhdfilmizlesene.now/minx/ftjs.1786843931.js:0
[ 1880960ms] [LOG] %c JSHandle@node @ https://www.fullhdfilmizlesene.now/minx/ftjs.1786843931.js:0
[ 1881462ms] [LOG] %c JSHandle@node @ https://www.fullhdfilmizlesene.now/minx/ftjs.1786843931.js:0
[ 1881963ms] [LOG] %c JSHandle@node @ https://www.fullhdfilmizlesene.now/minx/ftjs.1786843931.js:0
[ 1882462ms] [LOG] %c JSHandle@node @ https://www.fullhdfilmizlesene.now/minx/ftjs.1786843931.js:0
[ 1882961ms] [LOG] %c JSHandle@node @ https://www.fullhdfilmizlesene.now/minx/ftjs.1786843931.js:0
[ 1883456ms] [LOG] %c JSHandle@node @ https://www.fullhdfilmizlesene.now/minx/ftjs.1786843931.js:0
[ 1883954ms] [LOG] %c JSHandle@node @ https://www.fullhdfilmizlesene.now/minx/ftjs.1786843931.js:0
[ 1884456ms] [LOG] %c JSHandle@node @ https://www.fullhdfilmizlesene.now/minx/ftjs.1786843931.js:0
[ 1884950ms] [LOG] %c JSHandle@node @ https://www.fullhdfilmizlesene.now/minx/ftjs.1786843931.js:0
[ 1885463ms] [LOG] %c JSHandle@node @ https://www.fullhdfilmizlesene.now/minx/ftjs.1786843931.js:0
[ 1885962ms] [LOG] %c JSHandle@node @ https://www.fullhdfilmizlesene.now/minx/ftjs.1786843931.js:0
[ 1886461ms] [LOG] %c JSHandle@node @ https://www.fullhdfilmizlesene.now/minx/ftjs.1786843931.js:0
[ 1886957ms] [LOG] %c JSHandle@node @ https://www.fullhdfilmizlesene.now/minx/ftjs.1786843931.js:0
[ 1887454ms] [LOG] %c JSHandle@node @ https://www.fullhdfilmizlesene.now/minx/ftjs.1786843931.js:0
[ 1887954ms] [LOG] %c JSHandle@node @ https://www.fullhdfilmizlesene.now/minx/ftjs.1786843931.js:0
[ 1888452ms] [LOG] %c JSHandle@node @ https://www.fullhdfilmizlesene.now/minx/ftjs.1786843931.js:0
[ 1888953ms] [LOG] %c JSHandle@node @ https://www.fullhdfilmizlesene.now/minx/ftjs.1786843931.js:0
[ 1889453ms] [LOG] %c JSHandle@node @ https://www.fullhdfilmizlesene.now/minx/ftjs.1786843931.js:0
[ 1889950ms] [LOG] %c JSHandle@node @ https://www.fullhdfilmizlesene.now/minx/ftjs.1786843931.js:0
[ 1890453ms] [LOG] %c JSHandle@node @ https://www.fullhdfilmizlesene.now/minx/ftjs.1786843931.js:0
[ 1890950ms] [LOG] %c JSHandle@node @ https://www.fullhdfilmizlesene.now/minx/ftjs.1786843931.js:0
[ 1891449ms] [LOG] %c JSHandle@node @ https://www.fullhdfilmizlesene.now/minx/ftjs.1786843931.js:0
[ 1891962ms] [LOG] %c JSHandle@node @ https://www.fullhdfilmizlesene.now/minx/ftjs.1786843931.js:0
[ 1892463ms] [LOG] %c JSHandle@node @ https://www.fullhdfilmizlesene.now/minx/ftjs.1786843931.js:0
[ 1892962ms] [LOG] %c JSHandle@node @ https://www.fullhdfilmizlesene.now/minx/ftjs.1786843931.js:0
[ 1893463ms] [LOG] %c JSHandle@node @ https://www.fullhdfilmizlesene.now/minx/ftjs.1786843931.js:0
[ 1893951ms] [LOG] %c JSHandle@node @ https://www.fullhdfilmizlesene.now/minx/ftjs.1786843931.js:0
[ 1894460ms] [LOG] %c JSHandle@node @ https://www.fullhdfilmizlesene.now/minx/ftjs.1786843931.js:0
[ 1894959ms] [LOG] %c JSHandle@node @ https://www.fullhdfilmizlesene.now/minx/ftjs.1786843931.js:0
[ 1895449ms] [LOG] %c JSHandle@node @ https://www.fullhdfilmizlesene.now/minx/ftjs.1786843931.js:0
[ 1895949ms] [LOG] %c JSHandle@node @ https://www.fullhdfilmizlesene.now/minx/ftjs.1786843931.js:0
[ 1896452ms] [LOG] %c JSHandle@node @ https://www.fullhdfilmizlesene.now/minx/ftjs.1786843931.js:0
[ 1896952ms] [LOG] %c JSHandle@node @ https://www.fullhdfilmizlesene.now/minx/ftjs.1786843931.js:0
[ 1897453ms] [LOG] %c JSHandle@node @ https://www.fullhdfilmizlesene.now/minx/ftjs.1786843931.js:0
[ 1897950ms] [LOG] %c JSHandle@node @ https://www.fullhdfilmizlesene.now/minx/ftjs.1786843931.js:0
[ 1898453ms] [LOG] %c JSHandle@node @ https://www.fullhdfilmizlesene.now/minx/ftjs.1786843931.js:0
[ 1898952ms] [LOG] %c JSHandle@node @ https://www.fullhdfilmizlesene.now/minx/ftjs.1786843931.js:0
[ 1899452ms] [LOG] %c JSHandle@node @ https://www.fullhdfilmizlesene.now/minx/ftjs.1786843931.js:0
[ 1899949ms] [LOG] %c JSHandle@node @ https://www.fullhdfilmizlesene.now/minx/ftjs.1786843931.js:0
[ 1900449ms] [LOG] %c JSHandle@node @ https://www.fullhdfilmizlesene.now/minx/ftjs.1786843931.js:0
[ 1900949ms] [LOG] %c JSHandle@node @ https://www.fullhdfilmizlesene.now/minx/ftjs.1786843931.js:0
[ 1901462ms] [LOG] %c JSHandle@node @ https://www.fullhdfilmizlesene.now/minx/ftjs.1786843931.js:0
[ 1901959ms] [LOG] %c JSHandle@node @ https://www.fullhdfilmizlesene.now/minx/ftjs.1786843931.js:0
[ 1902458ms] [LOG] %c JSHandle@node @ https://www.fullhdfilmizlesene.now/minx/ftjs.1786843931.js:0
[ 1902957ms] [LOG] %c JSHandle@node @ https://www.fullhdfilmizlesene.now/minx/ftjs.1786843931.js:0
[ 1903456ms] [LOG] %c JSHandle@node @ https://www.fullhdfilmizlesene.now/minx/ftjs.1786843931.js:0
[ 1903953ms] [LOG] %c JSHandle@node @ https://www.fullhdfilmizlesene.now/minx/ftjs.1786843931.js:0
[ 1904450ms] [LOG] %c JSHandle@node @ https://www.fullhdfilmizlesene.now/minx/ftjs.1786843931.js:0
[ 1904949ms] [LOG] %c JSHandle@node @ https://www.fullhdfilmizlesene.now/minx/ftjs.1786843931.js:0
[ 1905461ms] [LOG] %c JSHandle@node @ https://www.fullhdfilmizlesene.now/minx/ftjs.1786843931.js:0
[ 1905958ms] [LOG] %c JSHandle@node @ https://www.fullhdfilmizlesene.now/minx/ftjs.1786843931.js:0
[ 1906457ms] [LOG] %c JSHandle@node @ https://www.fullhdfilmizlesene.now/minx/ftjs.1786843931.js:0
[ 1906952ms] [LOG] %c JSHandle@node @ https://www.fullhdfilmizlesene.now/minx/ftjs.1786843931.js:0
[ 1907450ms] [LOG] %c JSHandle@node @ https://www.fullhdfilmizlesene.now/minx/ftjs.1786843931.js:0
[ 1907952ms] [LOG] %c JSHandle@node @ https://www.fullhdfilmizlesene.now/minx/ftjs.1786843931.js:0
[ 1908451ms] [LOG] %c JSHandle@node @ https://www.fullhdfilmizlesene.now/minx/ftjs.1786843931.js:0
[ 1908961ms] [LOG] %c JSHandle@node @ https://www.fullhdfilmizlesene.now/minx/ftjs.1786843931.js:0
[ 1909462ms] [LOG] %c JSHandle@node @ https://www.fullhdfilmizlesene.now/minx/ftjs.1786843931.js:0
[ 1909948ms] [LOG] %c JSHandle@node @ https://www.fullhdfilmizlesene.now/minx/ftjs.1786843931.js:0
[ 1910463ms] [LOG] %c JSHandle@node @ https://www.fullhdfilmizlesene.now/minx/ftjs.1786843931.js:0
[ 1910958ms] [LOG] %c JSHandle@node @ https://www.fullhdfilmizlesene.now/minx/ftjs.1786843931.js:0
[ 1911453ms] [LOG] %c JSHandle@node @ https://www.fullhdfilmizlesene.now/minx/ftjs.1786843931.js:0
[ 1911953ms] [LOG] %c JSHandle@node @ https://www.fullhdfilmizlesene.now/minx/ftjs.1786843931.js:0
[ 1912464ms] [LOG] %c JSHandle@node @ https://www.fullhdfilmizlesene.now/minx/ftjs.1786843931.js:0
[ 1912959ms] [LOG] %c JSHandle@node @ https://www.fullhdfilmizlesene.now/minx/ftjs.1786843931.js:0
[ 1913457ms] [LOG] %c JSHandle@node @ https://www.fullhdfilmizlesene.now/minx/ftjs.1786843931.js:0
[ 1913950ms] [LOG] %c JSHandle@node @ https://www.fullhdfilmizlesene.now/minx/ftjs.1786843931.js:0
[ 1914449ms] [LOG] %c JSHandle@node @ https://www.fullhdfilmizlesene.now/minx/ftjs.1786843931.js:0
[ 1914964ms] [LOG] %c JSHandle@node @ https://www.fullhdfilmizlesene.now/minx/ftjs.1786843931.js:0
[ 1915460ms] [LOG] %c JSHandle@node @ https://www.fullhdfilmizlesene.now/minx/ftjs.1786843931.js:0
[ 1915951ms] [LOG] %c JSHandle@node @ https://www.fullhdfilmizlesene.now/minx/ftjs.1786843931.js:0
[ 1916462ms] [LOG] %c JSHandle@node @ https://www.fullhdfilmizlesene.now/minx/ftjs.1786843931.js:0
[ 1916960ms] [LOG] %c JSHandle@node @ https://www.fullhdfilmizlesene.now/minx/ftjs.1786843931.js:0
[ 1917456ms] [LOG] %c JSHandle@node @ https://www.fullhdfilmizlesene.now/minx/ftjs.1786843931.js:0
[ 1917953ms] [LOG] %c JSHandle@node @ https://www.fullhdfilmizlesene.now/minx/ftjs.1786843931.js:0
[ 1918453ms] [LOG] %c JSHandle@node @ https://www.fullhdfilmizlesene.now/minx/ftjs.1786843931.js:0
[ 1918962ms] [LOG] %c JSHandle@node @ https://www.fullhdfilmizlesene.now/minx/ftjs.1786843931.js:0
[ 1919461ms] [LOG] %c JSHandle@node @ https://www.fullhdfilmizlesene.now/minx/ftjs.1786843931.js:0
[ 1919959ms] [LOG] %c JSHandle@node @ https://www.fullhdfilmizlesene.now/minx/ftjs.1786843931.js:0
[ 1920459ms] [LOG] %c JSHandle@node @ https://www.fullhdfilmizlesene.now/minx/ftjs.1786843931.js:0
[ 1920956ms] [LOG] %c JSHandle@node @ https://www.fullhdfilmizlesene.now/minx/ftjs.1786843931.js:0
[ 1921456ms] [LOG] %c JSHandle@node @ https://www.fullhdfilmizlesene.now/minx/ftjs.1786843931.js:0
[ 1921953ms] [LOG] %c JSHandle@node @ https://www.fullhdfilmizlesene.now/minx/ftjs.1786843931.js:0
[ 1922452ms] [LOG] %c JSHandle@node @ https://www.fullhdfilmizlesene.now/minx/ftjs.1786843931.js:0
[ 1922954ms] [LOG] %c JSHandle@node @ https://www.fullhdfilmizlesene.now/minx/ftjs.1786843931.js:0
[ 1923455ms] [LOG] %c JSHandle@node @ https://www.fullhdfilmizlesene.now/minx/ftjs.1786843931.js:0
[ 1923950ms] [LOG] %c JSHandle@node @ https://www.fullhdfilmizlesene.now/minx/ftjs.1786843931.js:0
[ 1924453ms] [LOG] %c JSHandle@node @ https://www.fullhdfilmizlesene.now/minx/ftjs.1786843931.js:0
[ 1924953ms] [LOG] %c JSHandle@node @ https://www.fullhdfilmizlesene.now/minx/ftjs.1786843931.js:0
[ 1925451ms] [LOG] %c JSHandle@node @ https://www.fullhdfilmizlesene.now/minx/ftjs.1786843931.js:0
[ 1925949ms] [LOG] %c JSHandle@node @ https://www.fullhdfilmizlesene.now/minx/ftjs.1786843931.js:0
[ 1926463ms] [LOG] %c JSHandle@node @ https://www.fullhdfilmizlesene.now/minx/ftjs.1786843931.js:0
[ 1926949ms] [LOG] %c JSHandle@node @ https://www.fullhdfilmizlesene.now/minx/ftjs.1786843931.js:0
[ 1927462ms] [LOG] %c JSHandle@node @ https://www.fullhdfilmizlesene.now/minx/ftjs.1786843931.js:0
[ 1927952ms] [LOG] %c JSHandle@node @ https://www.fullhdfilmizlesene.now/minx/ftjs.1786843931.js:0
[ 1928457ms] [LOG] %c JSHandle@node @ https://www.fullhdfilmizlesene.now/minx/ftjs.1786843931.js:0
[ 1928957ms] [LOG] %c JSHandle@node @ https://www.fullhdfilmizlesene.now/minx/ftjs.1786843931.js:0
[ 1929458ms] [LOG] %c JSHandle@node @ https://www.fullhdfilmizlesene.now/minx/ftjs.1786843931.js:0
[ 1929953ms] [LOG] %c JSHandle@node @ https://www.fullhdfilmizlesene.now/minx/ftjs.1786843931.js:0
[ 1930459ms] [LOG] %c JSHandle@node @ https://www.fullhdfilmizlesene.now/minx/ftjs.1786843931.js:0
[ 1930958ms] [LOG] %c JSHandle@node @ https://www.fullhdfilmizlesene.now/minx/ftjs.1786843931.js:0
[ 1931458ms] [LOG] %c JSHandle@node @ https://www.fullhdfilmizlesene.now/minx/ftjs.1786843931.js:0
[ 1931954ms] [LOG] %c JSHandle@node @ https://www.fullhdfilmizlesene.now/minx/ftjs.1786843931.js:0
[ 1932455ms] [LOG] %c JSHandle@node @ https://www.fullhdfilmizlesene.now/minx/ftjs.1786843931.js:0
[ 1932953ms] [LOG] %c JSHandle@node @ https://www.fullhdfilmizlesene.now/minx/ftjs.1786843931.js:0
[ 1933455ms] [LOG] %c JSHandle@node @ https://www.fullhdfilmizlesene.now/minx/ftjs.1786843931.js:0
[ 1933957ms] [LOG] %c JSHandle@node @ https://www.fullhdfilmizlesene.now/minx/ftjs.1786843931.js:0
[ 1934456ms] [LOG] %c JSHandle@node @ https://www.fullhdfilmizlesene.now/minx/ftjs.1786843931.js:0
[ 1934952ms] [LOG] %c JSHandle@node @ https://www.fullhdfilmizlesene.now/minx/ftjs.1786843931.js:0
[ 1935461ms] [LOG] %c JSHandle@node @ https://www.fullhdfilmizlesene.now/minx/ftjs.1786843931.js:0
[ 1935956ms] [LOG] %c JSHandle@node @ https://www.fullhdfilmizlesene.now/minx/ftjs.1786843931.js:0
[ 1936455ms] [LOG] %c JSHandle@node @ https://www.fullhdfilmizlesene.now/minx/ftjs.1786843931.js:0
[ 1936954ms] [LOG] %c JSHandle@node @ https://www.fullhdfilmizlesene.now/minx/ftjs.1786843931.js:0
[ 1937452ms] [LOG] %c JSHandle@node @ https://www.fullhdfilmizlesene.now/minx/ftjs.1786843931.js:0
[ 1937953ms] [LOG] %c JSHandle@node @ https://www.fullhdfilmizlesene.now/minx/ftjs.1786843931.js:0
[ 1938451ms] [LOG] %c JSHandle@node @ https://www.fullhdfilmizlesene.now/minx/ftjs.1786843931.js:0
[ 1938951ms] [LOG] %c JSHandle@node @ https://www.fullhdfilmizlesene.now/minx/ftjs.1786843931.js:0
[ 1939450ms] [LOG] %c JSHandle@node @ https://www.fullhdfilmizlesene.now/minx/ftjs.1786843931.js:0
[ 1939951ms] [LOG] %c JSHandle@node @ https://www.fullhdfilmizlesene.now/minx/ftjs.1786843931.js:0
[ 1940462ms] [LOG] %c JSHandle@node @ https://www.fullhdfilmizlesene.now/minx/ftjs.1786843931.js:0
[ 1940948ms] [LOG] %c JSHandle@node @ https://www.fullhdfilmizlesene.now/minx/ftjs.1786843931.js:0
[ 1941461ms] [LOG] %c JSHandle@node @ https://www.fullhdfilmizlesene.now/minx/ftjs.1786843931.js:0
[ 1941962ms] [LOG] %c JSHandle@node @ https://www.fullhdfilmizlesene.now/minx/ftjs.1786843931.js:0
[ 1942461ms] [LOG] %c JSHandle@node @ https://www.fullhdfilmizlesene.now/minx/ftjs.1786843931.js:0
[ 1942963ms] [LOG] %c JSHandle@node @ https://www.fullhdfilmizlesene.now/minx/ftjs.1786843931.js:0
[ 1943459ms] [LOG] %c JSHandle@node @ https://www.fullhdfilmizlesene.now/minx/ftjs.1786843931.js:0
[ 1943958ms] [LOG] %c JSHandle@node @ https://www.fullhdfilmizlesene.now/minx/ftjs.1786843931.js:0
[ 1944451ms] [LOG] %c JSHandle@node @ https://www.fullhdfilmizlesene.now/minx/ftjs.1786843931.js:0
[ 1944952ms] [LOG] %c JSHandle@node @ https://www.fullhdfilmizlesene.now/minx/ftjs.1786843931.js:0
[ 1945463ms] [LOG] %c JSHandle@node @ https://www.fullhdfilmizlesene.now/minx/ftjs.1786843931.js:0
[ 1945950ms] [LOG] %c JSHandle@node @ https://www.fullhdfilmizlesene.now/minx/ftjs.1786843931.js:0
[ 1946449ms] [LOG] %c JSHandle@node @ https://www.fullhdfilmizlesene.now/minx/ftjs.1786843931.js:0
[ 1946961ms] [LOG] %c JSHandle@node @ https://www.fullhdfilmizlesene.now/minx/ftjs.1786843931.js:0
[ 1947448ms] [LOG] %c JSHandle@node @ https://www.fullhdfilmizlesene.now/minx/ftjs.1786843931.js:0
[ 1947958ms] [LOG] %c JSHandle@node @ https://www.fullhdfilmizlesene.now/minx/ftjs.1786843931.js:0
[ 1948461ms] [LOG] %c JSHandle@node @ https://www.fullhdfilmizlesene.now/minx/ftjs.1786843931.js:0
[ 1948962ms] [LOG] %c JSHandle@node @ https://www.fullhdfilmizlesene.now/minx/ftjs.1786843931.js:0
[ 1949451ms] [LOG] %c JSHandle@node @ https://www.fullhdfilmizlesene.now/minx/ftjs.1786843931.js:0
[ 1949957ms] [LOG] %c JSHandle@node @ https://www.fullhdfilmizlesene.now/minx/ftjs.1786843931.js:0
[ 1950456ms] [LOG] %c JSHandle@node @ https://www.fullhdfilmizlesene.now/minx/ftjs.1786843931.js:0
[ 1950949ms] [LOG] %c JSHandle@node @ https://www.fullhdfilmizlesene.now/minx/ftjs.1786843931.js:0
[ 1951461ms] [LOG] %c JSHandle@node @ https://www.fullhdfilmizlesene.now/minx/ftjs.1786843931.js:0
[ 1951959ms] [LOG] %c JSHandle@node @ https://www.fullhdfilmizlesene.now/minx/ftjs.1786843931.js:0
[ 1952455ms] [LOG] %c JSHandle@node @ https://www.fullhdfilmizlesene.now/minx/ftjs.1786843931.js:0
[ 1952955ms] [LOG] %c JSHandle@node @ https://www.fullhdfilmizlesene.now/minx/ftjs.1786843931.js:0
[ 1953451ms] [LOG] %c JSHandle@node @ https://www.fullhdfilmizlesene.now/minx/ftjs.1786843931.js:0
[ 1953950ms] [LOG] %c JSHandle@node @ https://www.fullhdfilmizlesene.now/minx/ftjs.1786843931.js:0
[ 1954450ms] [LOG] %c JSHandle@node @ https://www.fullhdfilmizlesene.now/minx/ftjs.1786843931.js:0
[ 1954948ms] [LOG] %c JSHandle@node @ https://www.fullhdfilmizlesene.now/minx/ftjs.1786843931.js:0
[ 1955449ms] [LOG] %c JSHandle@node @ https://www.fullhdfilmizlesene.now/minx/ftjs.1786843931.js:0
[ 1955949ms] [LOG] %c JSHandle@node @ https://www.fullhdfilmizlesene.now/minx/ftjs.1786843931.js:0
[ 1956461ms] [LOG] %c JSHandle@node @ https://www.fullhdfilmizlesene.now/minx/ftjs.1786843931.js:0
[ 1956958ms] [LOG] %c JSHandle@node @ https://www.fullhdfilmizlesene.now/minx/ftjs.1786843931.js:0
[ 1957459ms] [LOG] %c JSHandle@node @ https://www.fullhdfilmizlesene.now/minx/ftjs.1786843931.js:0
[ 1957957ms] [LOG] %c JSHandle@node @ https://www.fullhdfilmizlesene.now/minx/ftjs.1786843931.js:0
[ 1958459ms] [LOG] %c JSHandle@node @ https://www.fullhdfilmizlesene.now/minx/ftjs.1786843931.js:0
[ 1958956ms] [LOG] %c JSHandle@node @ https://www.fullhdfilmizlesene.now/minx/ftjs.1786843931.js:0
[ 1959454ms] [LOG] %c JSHandle@node @ https://www.fullhdfilmizlesene.now/minx/ftjs.1786843931.js:0
[ 1959956ms] [LOG] %c JSHandle@node @ https://www.fullhdfilmizlesene.now/minx/ftjs.1786843931.js:0
[ 1960460ms] [LOG] %c JSHandle@node @ https://www.fullhdfilmizlesene.now/minx/ftjs.1786843931.js:0
[ 1960958ms] [LOG] %c JSHandle@node @ https://www.fullhdfilmizlesene.now/minx/ftjs.1786843931.js:0
[ 1961458ms] [LOG] %c JSHandle@node @ https://www.fullhdfilmizlesene.now/minx/ftjs.1786843931.js:0
[ 1961958ms] [LOG] %c JSHandle@node @ https://www.fullhdfilmizlesene.now/minx/ftjs.1786843931.js:0
[ 1962454ms] [LOG] %c JSHandle@node @ https://www.fullhdfilmizlesene.now/minx/ftjs.1786843931.js:0
[ 1962951ms] [LOG] %c JSHandle@node @ https://www.fullhdfilmizlesene.now/minx/ftjs.1786843931.js:0
[ 1963462ms] [LOG] %c JSHandle@node @ https://www.fullhdfilmizlesene.now/minx/ftjs.1786843931.js:0
[ 1963949ms] [LOG] %c JSHandle@node @ https://www.fullhdfilmizlesene.now/minx/ftjs.1786843931.js:0
[ 1964450ms] [LOG] %c JSHandle@node @ https://www.fullhdfilmizlesene.now/minx/ftjs.1786843931.js:0
[ 1964950ms] [LOG] %c JSHandle@node @ https://www.fullhdfilmizlesene.now/minx/ftjs.1786843931.js:0
[ 1965449ms] [LOG] %c JSHandle@node @ https://www.fullhdfilmizlesene.now/minx/ftjs.1786843931.js:0
[ 1965960ms] [LOG] %c JSHandle@node @ https://www.fullhdfilmizlesene.now/minx/ftjs.1786843931.js:0
[ 1966459ms] [LOG] %c JSHandle@node @ https://www.fullhdfilmizlesene.now/minx/ftjs.1786843931.js:0
[ 1966959ms] [LOG] %c JSHandle@node @ https://www.fullhdfilmizlesene.now/minx/ftjs.1786843931.js:0
[ 1967457ms] [LOG] %c JSHandle@node @ https://www.fullhdfilmizlesene.now/minx/ftjs.1786843931.js:0
[ 1967958ms] [LOG] %c JSHandle@node @ https://www.fullhdfilmizlesene.now/minx/ftjs.1786843931.js:0
[ 1968450ms] [LOG] %c JSHandle@node @ https://www.fullhdfilmizlesene.now/minx/ftjs.1786843931.js:0
[ 1968964ms] [LOG] %c JSHandle@node @ https://www.fullhdfilmizlesene.now/minx/ftjs.1786843931.js:0
[ 1969461ms] [LOG] %c JSHandle@node @ https://www.fullhdfilmizlesene.now/minx/ftjs.1786843931.js:0
[ 1969960ms] [LOG] %c JSHandle@node @ https://www.fullhdfilmizlesene.now/minx/ftjs.1786843931.js:0
[ 1970454ms] [LOG] %c JSHandle@node @ https://www.fullhdfilmizlesene.now/minx/ftjs.1786843931.js:0
[ 1970953ms] [LOG] %c JSHandle@node @ https://www.fullhdfilmizlesene.now/minx/ftjs.1786843931.js:0
[ 1971449ms] [LOG] %c JSHandle@node @ https://www.fullhdfilmizlesene.now/minx/ftjs.1786843931.js:0
[ 1971963ms] [LOG] %c JSHandle@node @ https://www.fullhdfilmizlesene.now/minx/ftjs.1786843931.js:0
[ 1972463ms] [LOG] %c JSHandle@node @ https://www.fullhdfilmizlesene.now/minx/ftjs.1786843931.js:0
[ 1972963ms] [LOG] %c JSHandle@node @ https://www.fullhdfilmizlesene.now/minx/ftjs.1786843931.js:0
[ 1973449ms] [LOG] %c JSHandle@node @ https://www.fullhdfilmizlesene.now/minx/ftjs.1786843931.js:0
[ 1973961ms] [LOG] %c JSHandle@node @ https://www.fullhdfilmizlesene.now/minx/ftjs.1786843931.js:0
[ 1974463ms] [LOG] %c JSHandle@node @ https://www.fullhdfilmizlesene.now/minx/ftjs.1786843931.js:0
[ 1974962ms] [LOG] %c JSHandle@node @ https://www.fullhdfilmizlesene.now/minx/ftjs.1786843931.js:0
[ 1975458ms] [LOG] %c JSHandle@node @ https://www.fullhdfilmizlesene.now/minx/ftjs.1786843931.js:0
[ 1975955ms] [LOG] %c JSHandle@node @ https://www.fullhdfilmizlesene.now/minx/ftjs.1786843931.js:0
[ 1976455ms] [LOG] %c JSHandle@node @ https://www.fullhdfilmizlesene.now/minx/ftjs.1786843931.js:0
[ 1976953ms] [LOG] %c JSHandle@node @ https://www.fullhdfilmizlesene.now/minx/ftjs.1786843931.js:0
[ 1977450ms] [LOG] %c JSHandle@node @ https://www.fullhdfilmizlesene.now/minx/ftjs.1786843931.js:0
[ 1977950ms] [LOG] %c JSHandle@node @ https://www.fullhdfilmizlesene.now/minx/ftjs.1786843931.js:0
[ 1978461ms] [LOG] %c JSHandle@node @ https://www.fullhdfilmizlesene.now/minx/ftjs.1786843931.js:0
[ 1978959ms] [LOG] %c JSHandle@node @ https://www.fullhdfilmizlesene.now/minx/ftjs.1786843931.js:0
[ 1979458ms] [LOG] %c JSHandle@node @ https://www.fullhdfilmizlesene.now/minx/ftjs.1786843931.js:0
[ 1979954ms] [LOG] %c JSHandle@node @ https://www.fullhdfilmizlesene.now/minx/ftjs.1786843931.js:0
[ 1980452ms] [LOG] %c JSHandle@node @ https://www.fullhdfilmizlesene.now/minx/ftjs.1786843931.js:0
[ 1980952ms] [LOG] %c JSHandle@node @ https://www.fullhdfilmizlesene.now/minx/ftjs.1786843931.js:0
[ 1981450ms] [LOG] %c JSHandle@node @ https://www.fullhdfilmizlesene.now/minx/ftjs.1786843931.js:0
[ 1981948ms] [LOG] %c JSHandle@node @ https://www.fullhdfilmizlesene.now/minx/ftjs.1786843931.js:0
[ 1982463ms] [LOG] %c JSHandle@node @ https://www.fullhdfilmizlesene.now/minx/ftjs.1786843931.js:0
[ 1982959ms] [LOG] %c JSHandle@node @ https://www.fullhdfilmizlesene.now/minx/ftjs.1786843931.js:0
[ 1983458ms] [LOG] %c JSHandle@node @ https://www.fullhdfilmizlesene.now/minx/ftjs.1786843931.js:0
[ 1983960ms] [LOG] %c JSHandle@node @ https://www.fullhdfilmizlesene.now/minx/ftjs.1786843931.js:0
[ 1984456ms] [LOG] %c JSHandle@node @ https://www.fullhdfilmizlesene.now/minx/ftjs.1786843931.js:0
[ 1984953ms] [LOG] %c JSHandle@node @ https://www.fullhdfilmizlesene.now/minx/ftjs.1786843931.js:0
[ 1985455ms] [LOG] %c JSHandle@node @ https://www.fullhdfilmizlesene.now/minx/ftjs.1786843931.js:0
[ 1985951ms] [LOG] %c JSHandle@node @ https://www.fullhdfilmizlesene.now/minx/ftjs.1786843931.js:0
[ 1986450ms] [LOG] %c JSHandle@node @ https://www.fullhdfilmizlesene.now/minx/ftjs.1786843931.js:0
[ 1986950ms] [LOG] %c JSHandle@node @ https://www.fullhdfilmizlesene.now/minx/ftjs.1786843931.js:0
[ 1987452ms] [LOG] %c JSHandle@node @ https://www.fullhdfilmizlesene.now/minx/ftjs.1786843931.js:0
[ 1987949ms] [LOG] %c JSHandle@node @ https://www.fullhdfilmizlesene.now/minx/ftjs.1786843931.js:0
[ 1988461ms] [LOG] %c JSHandle@node @ https://www.fullhdfilmizlesene.now/minx/ftjs.1786843931.js:0
[ 1988963ms] [LOG] %c JSHandle@node @ https://www.fullhdfilmizlesene.now/minx/ftjs.1786843931.js:0
[ 1989460ms] [LOG] %c JSHandle@node @ https://www.fullhdfilmizlesene.now/minx/ftjs.1786843931.js:0
[ 1989956ms] [LOG] %c JSHandle@node @ https://www.fullhdfilmizlesene.now/minx/ftjs.1786843931.js:0
[ 1990451ms] [LOG] %c JSHandle@node @ https://www.fullhdfilmizlesene.now/minx/ftjs.1786843931.js:0
[ 1990951ms] [LOG] %c JSHandle@node @ https://www.fullhdfilmizlesene.now/minx/ftjs.1786843931.js:0
[ 1991449ms] [LOG] %c JSHandle@node @ https://www.fullhdfilmizlesene.now/minx/ftjs.1786843931.js:0
[ 1991962ms] [LOG] %c JSHandle@node @ https://www.fullhdfilmizlesene.now/minx/ftjs.1786843931.js:0
[ 1992462ms] [LOG] %c JSHandle@node @ https://www.fullhdfilmizlesene.now/minx/ftjs.1786843931.js:0
[ 1992957ms] [LOG] %c JSHandle@node @ https://www.fullhdfilmizlesene.now/minx/ftjs.1786843931.js:0
[ 1993456ms] [LOG] %c JSHandle@node @ https://www.fullhdfilmizlesene.now/minx/ftjs.1786843931.js:0
[ 1993960ms] [LOG] %c JSHandle@node @ https://www.fullhdfilmizlesene.now/minx/ftjs.1786843931.js:0
[ 1994461ms] [LOG] %c JSHandle@node @ https://www.fullhdfilmizlesene.now/minx/ftjs.1786843931.js:0
[ 1994960ms] [LOG] %c JSHandle@node @ https://www.fullhdfilmizlesene.now/minx/ftjs.1786843931.js:0
[ 1995456ms] [LOG] %c JSHandle@node @ https://www.fullhdfilmizlesene.now/minx/ftjs.1786843931.js:0
[ 1995952ms] [LOG] %c JSHandle@node @ https://www.fullhdfilmizlesene.now/minx/ftjs.1786843931.js:0
[ 1996452ms] [LOG] %c JSHandle@node @ https://www.fullhdfilmizlesene.now/minx/ftjs.1786843931.js:0
[ 1996964ms] [LOG] %c JSHandle@node @ https://www.fullhdfilmizlesene.now/minx/ftjs.1786843931.js:0
[ 1997450ms] [LOG] %c JSHandle@node @ https://www.fullhdfilmizlesene.now/minx/ftjs.1786843931.js:0
[ 1997959ms] [LOG] %c JSHandle@node @ https://www.fullhdfilmizlesene.now/minx/ftjs.1786843931.js:0
[ 1998455ms] [LOG] %c JSHandle@node @ https://www.fullhdfilmizlesene.now/minx/ftjs.1786843931.js:0
[ 1998953ms] [LOG] %c JSHandle@node @ https://www.fullhdfilmizlesene.now/minx/ftjs.1786843931.js:0
[ 1999450ms] [LOG] %c JSHandle@node @ https://www.fullhdfilmizlesene.now/minx/ftjs.1786843931.js:0
[ 1999962ms] [LOG] %c JSHandle@node @ https://www.fullhdfilmizlesene.now/minx/ftjs.1786843931.js:0
[ 2000463ms] [LOG] %c JSHandle@node @ https://www.fullhdfilmizlesene.now/minx/ftjs.1786843931.js:0
[ 2000963ms] [LOG] %c JSHandle@node @ https://www.fullhdfilmizlesene.now/minx/ftjs.1786843931.js:0
[ 2001460ms] [LOG] %c JSHandle@node @ https://www.fullhdfilmizlesene.now/minx/ftjs.1786843931.js:0
[ 2001959ms] [LOG] %c JSHandle@node @ https://www.fullhdfilmizlesene.now/minx/ftjs.1786843931.js:0
[ 2002455ms] [LOG] %c JSHandle@node @ https://www.fullhdfilmizlesene.now/minx/ftjs.1786843931.js:0
[ 2002952ms] [LOG] %c JSHandle@node @ https://www.fullhdfilmizlesene.now/minx/ftjs.1786843931.js:0
[ 2003453ms] [LOG] %c JSHandle@node @ https://www.fullhdfilmizlesene.now/minx/ftjs.1786843931.js:0
[ 2003950ms] [LOG] %c JSHandle@node @ https://www.fullhdfilmizlesene.now/minx/ftjs.1786843931.js:0
[ 2004456ms] [LOG] %c JSHandle@node @ https://www.fullhdfilmizlesene.now/minx/ftjs.1786843931.js:0
[ 2004959ms] [LOG] %c JSHandle@node @ https://www.fullhdfilmizlesene.now/minx/ftjs.1786843931.js:0
[ 2005457ms] [LOG] %c JSHandle@node @ https://www.fullhdfilmizlesene.now/minx/ftjs.1786843931.js:0
[ 2005953ms] [LOG] %c JSHandle@node @ https://www.fullhdfilmizlesene.now/minx/ftjs.1786843931.js:0
[ 2006453ms] [LOG] %c JSHandle@node @ https://www.fullhdfilmizlesene.now/minx/ftjs.1786843931.js:0
[ 2006948ms] [LOG] %c JSHandle@node @ https://www.fullhdfilmizlesene.now/minx/ftjs.1786843931.js:0
[ 2007449ms] [LOG] %c JSHandle@node @ https://www.fullhdfilmizlesene.now/minx/ftjs.1786843931.js:0
[ 2007951ms] [LOG] %c JSHandle@node @ https://www.fullhdfilmizlesene.now/minx/ftjs.1786843931.js:0
[ 2008451ms] [LOG] %c JSHandle@node @ https://www.fullhdfilmizlesene.now/minx/ftjs.1786843931.js:0
[ 2008948ms] [LOG] %c JSHandle@node @ https://www.fullhdfilmizlesene.now/minx/ftjs.1786843931.js:0
[ 2009450ms] [LOG] %c JSHandle@node @ https://www.fullhdfilmizlesene.now/minx/ftjs.1786843931.js:0
[ 2009949ms] [LOG] %c JSHandle@node @ https://www.fullhdfilmizlesene.now/minx/ftjs.1786843931.js:0
[ 2010450ms] [LOG] %c JSHandle@node @ https://www.fullhdfilmizlesene.now/minx/ftjs.1786843931.js:0
[ 2010963ms] [LOG] %c JSHandle@node @ https://www.fullhdfilmizlesene.now/minx/ftjs.1786843931.js:0
[ 2011462ms] [LOG] %c JSHandle@node @ https://www.fullhdfilmizlesene.now/minx/ftjs.1786843931.js:0
[ 2011963ms] [LOG] %c JSHandle@node @ https://www.fullhdfilmizlesene.now/minx/ftjs.1786843931.js:0
[ 2012448ms] [LOG] %c JSHandle@node @ https://www.fullhdfilmizlesene.now/minx/ftjs.1786843931.js:0
[ 2012960ms] [LOG] %c JSHandle@node @ https://www.fullhdfilmizlesene.now/minx/ftjs.1786843931.js:0
[ 2013456ms] [LOG] %c JSHandle@node @ https://www.fullhdfilmizlesene.now/minx/ftjs.1786843931.js:0
[ 2013949ms] [LOG] %c JSHandle@node @ https://www.fullhdfilmizlesene.now/minx/ftjs.1786843931.js:0
[ 2014453ms] [LOG] %c JSHandle@node @ https://www.fullhdfilmizlesene.now/minx/ftjs.1786843931.js:0
[ 2014952ms] [LOG] %c JSHandle@node @ https://www.fullhdfilmizlesene.now/minx/ftjs.1786843931.js:0
[ 2015448ms] [LOG] %c JSHandle@node @ https://www.fullhdfilmizlesene.now/minx/ftjs.1786843931.js:0
[ 2015952ms] [LOG] %c JSHandle@node @ https://www.fullhdfilmizlesene.now/minx/ftjs.1786843931.js:0
[ 2016449ms] [LOG] %c JSHandle@node @ https://www.fullhdfilmizlesene.now/minx/ftjs.1786843931.js:0
[ 2016956ms] [LOG] %c JSHandle@node @ https://www.fullhdfilmizlesene.now/minx/ftjs.1786843931.js:0
[ 2017456ms] [LOG] %c JSHandle@node @ https://www.fullhdfilmizlesene.now/minx/ftjs.1786843931.js:0
[ 2017951ms] [LOG] %c JSHandle@node @ https://www.fullhdfilmizlesene.now/minx/ftjs.1786843931.js:0
[ 2018451ms] [LOG] %c JSHandle@node @ https://www.fullhdfilmizlesene.now/minx/ftjs.1786843931.js:0
[ 2018950ms] [LOG] %c JSHandle@node @ https://www.fullhdfilmizlesene.now/minx/ftjs.1786843931.js:0
[ 2019452ms] [LOG] %c JSHandle@node @ https://www.fullhdfilmizlesene.now/minx/ftjs.1786843931.js:0
[ 2019960ms] [LOG] %c JSHandle@node @ https://www.fullhdfilmizlesene.now/minx/ftjs.1786843931.js:0
[ 2020458ms] [LOG] %c JSHandle@node @ https://www.fullhdfilmizlesene.now/minx/ftjs.1786843931.js:0
[ 2020956ms] [LOG] %c JSHandle@node @ https://www.fullhdfilmizlesene.now/minx/ftjs.1786843931.js:0
[ 2021456ms] [LOG] %c JSHandle@node @ https://www.fullhdfilmizlesene.now/minx/ftjs.1786843931.js:0
[ 2021952ms] [LOG] %c JSHandle@node @ https://www.fullhdfilmizlesene.now/minx/ftjs.1786843931.js:0
[ 2022452ms] [LOG] %c JSHandle@node @ https://www.fullhdfilmizlesene.now/minx/ftjs.1786843931.js:0
[ 2022949ms] [LOG] %c JSHandle@node @ https://www.fullhdfilmizlesene.now/minx/ftjs.1786843931.js:0
[ 2023451ms] [LOG] %c JSHandle@node @ https://www.fullhdfilmizlesene.now/minx/ftjs.1786843931.js:0
[ 2023952ms] [LOG] %c JSHandle@node @ https://www.fullhdfilmizlesene.now/minx/ftjs.1786843931.js:0
[ 2024450ms] [LOG] %c JSHandle@node @ https://www.fullhdfilmizlesene.now/minx/ftjs.1786843931.js:0
[ 2024958ms] [LOG] %c JSHandle@node @ https://www.fullhdfilmizlesene.now/minx/ftjs.1786843931.js:0
[ 2025461ms] [LOG] %c JSHandle@node @ https://www.fullhdfilmizlesene.now/minx/ftjs.1786843931.js:0
[ 2025959ms] [LOG] %c JSHandle@node @ https://www.fullhdfilmizlesene.now/minx/ftjs.1786843931.js:0
[ 2026459ms] [LOG] %c JSHandle@node @ https://www.fullhdfilmizlesene.now/minx/ftjs.1786843931.js:0
[ 2026956ms] [LOG] %c JSHandle@node @ https://www.fullhdfilmizlesene.now/minx/ftjs.1786843931.js:0
[ 2027451ms] [LOG] %c JSHandle@node @ https://www.fullhdfilmizlesene.now/minx/ftjs.1786843931.js:0
[ 2027956ms] [LOG] %c JSHandle@node @ https://www.fullhdfilmizlesene.now/minx/ftjs.1786843931.js:0
[ 2028449ms] [LOG] %c JSHandle@node @ https://www.fullhdfilmizlesene.now/minx/ftjs.1786843931.js:0
[ 2028948ms] [LOG] %c JSHandle@node @ https://www.fullhdfilmizlesene.now/minx/ftjs.1786843931.js:0
[ 2029450ms] [LOG] %c JSHandle@node @ https://www.fullhdfilmizlesene.now/minx/ftjs.1786843931.js:0
[ 2029948ms] [LOG] %c JSHandle@node @ https://www.fullhdfilmizlesene.now/minx/ftjs.1786843931.js:0
[ 2030455ms] [LOG] %c JSHandle@node @ https://www.fullhdfilmizlesene.now/minx/ftjs.1786843931.js:0
[ 2030953ms] [LOG] %c JSHandle@node @ https://www.fullhdfilmizlesene.now/minx/ftjs.1786843931.js:0
[ 2031451ms] [LOG] %c JSHandle@node @ https://www.fullhdfilmizlesene.now/minx/ftjs.1786843931.js:0
[ 2031964ms] [LOG] %c JSHandle@node @ https://www.fullhdfilmizlesene.now/minx/ftjs.1786843931.js:0
[ 2032449ms] [LOG] %c JSHandle@node @ https://www.fullhdfilmizlesene.now/minx/ftjs.1786843931.js:0
[ 2032959ms] [LOG] %c JSHandle@node @ https://www.fullhdfilmizlesene.now/minx/ftjs.1786843931.js:0
[ 2033455ms] [LOG] %c JSHandle@node @ https://www.fullhdfilmizlesene.now/minx/ftjs.1786843931.js:0
[ 2033955ms] [LOG] %c JSHandle@node @ https://www.fullhdfilmizlesene.now/minx/ftjs.1786843931.js:0
[ 2034456ms] [LOG] %c JSHandle@node @ https://www.fullhdfilmizlesene.now/minx/ftjs.1786843931.js:0
[ 2034950ms] [LOG] %c JSHandle@node @ https://www.fullhdfilmizlesene.now/minx/ftjs.1786843931.js:0
[ 2035449ms] [LOG] %c JSHandle@node @ https://www.fullhdfilmizlesene.now/minx/ftjs.1786843931.js:0
[ 2035948ms] [LOG] %c JSHandle@node @ https://www.fullhdfilmizlesene.now/minx/ftjs.1786843931.js:0
[ 2036461ms] [LOG] %c JSHandle@node @ https://www.fullhdfilmizlesene.now/minx/ftjs.1786843931.js:0
[ 2036962ms] [LOG] %c JSHandle@node @ https://www.fullhdfilmizlesene.now/minx/ftjs.1786843931.js:0
[ 2037460ms] [LOG] %c JSHandle@node @ https://www.fullhdfilmizlesene.now/minx/ftjs.1786843931.js:0
[ 2037958ms] [LOG] %c JSHandle@node @ https://www.fullhdfilmizlesene.now/minx/ftjs.1786843931.js:0
[ 2038455ms] [LOG] %c JSHandle@node @ https://www.fullhdfilmizlesene.now/minx/ftjs.1786843931.js:0
[ 2038957ms] [LOG] %c JSHandle@node @ https://www.fullhdfilmizlesene.now/minx/ftjs.1786843931.js:0
[ 2039451ms] [LOG] %c JSHandle@node @ https://www.fullhdfilmizlesene.now/minx/ftjs.1786843931.js:0
[ 2039951ms] [LOG] %c JSHandle@node @ https://www.fullhdfilmizlesene.now/minx/ftjs.1786843931.js:0
[ 2040462ms] [LOG] %c JSHandle@node @ https://www.fullhdfilmizlesene.now/minx/ftjs.1786843931.js:0
[ 2040961ms] [LOG] %c JSHandle@node @ https://www.fullhdfilmizlesene.now/minx/ftjs.1786843931.js:0
[ 2041459ms] [LOG] %c JSHandle@node @ https://www.fullhdfilmizlesene.now/minx/ftjs.1786843931.js:0
[ 2041958ms] [LOG] %c JSHandle@node @ https://www.fullhdfilmizlesene.now/minx/ftjs.1786843931.js:0
[ 2042458ms] [LOG] %c JSHandle@node @ https://www.fullhdfilmizlesene.now/minx/ftjs.1786843931.js:0
[ 2042959ms] [LOG] %c JSHandle@node @ https://www.fullhdfilmizlesene.now/minx/ftjs.1786843931.js:0
[ 2043460ms] [LOG] %c JSHandle@node @ https://www.fullhdfilmizlesene.now/minx/ftjs.1786843931.js:0
[ 2043956ms] [LOG] %c JSHandle@node @ https://www.fullhdfilmizlesene.now/minx/ftjs.1786843931.js:0
[ 2044456ms] [LOG] %c JSHandle@node @ https://www.fullhdfilmizlesene.now/minx/ftjs.1786843931.js:0
[ 2044958ms] [LOG] %c JSHandle@node @ https://www.fullhdfilmizlesene.now/minx/ftjs.1786843931.js:0
[ 2045456ms] [LOG] %c JSHandle@node @ https://www.fullhdfilmizlesene.now/minx/ftjs.1786843931.js:0
[ 2045952ms] [LOG] %c JSHandle@node @ https://www.fullhdfilmizlesene.now/minx/ftjs.1786843931.js:0
[ 2046450ms] [LOG] %c JSHandle@node @ https://www.fullhdfilmizlesene.now/minx/ftjs.1786843931.js:0
[ 2046950ms] [LOG] %c JSHandle@node @ https://www.fullhdfilmizlesene.now/minx/ftjs.1786843931.js:0
[ 2047449ms] [LOG] %c JSHandle@node @ https://www.fullhdfilmizlesene.now/minx/ftjs.1786843931.js:0
[ 2047963ms] [LOG] %c JSHandle@node @ https://www.fullhdfilmizlesene.now/minx/ftjs.1786843931.js:0
[ 2048462ms] [LOG] %c JSHandle@node @ https://www.fullhdfilmizlesene.now/minx/ftjs.1786843931.js:0
[ 2048960ms] [LOG] %c JSHandle@node @ https://www.fullhdfilmizlesene.now/minx/ftjs.1786843931.js:0
[ 2049460ms] [LOG] %c JSHandle@node @ https://www.fullhdfilmizlesene.now/minx/ftjs.1786843931.js:0
[ 2049959ms] [LOG] %c JSHandle@node @ https://www.fullhdfilmizlesene.now/minx/ftjs.1786843931.js:0
[ 2050459ms] [LOG] %c JSHandle@node @ https://www.fullhdfilmizlesene.now/minx/ftjs.1786843931.js:0
[ 2050957ms] [LOG] %c JSHandle@node @ https://www.fullhdfilmizlesene.now/minx/ftjs.1786843931.js:0
[ 2051455ms] [LOG] %c JSHandle@node @ https://www.fullhdfilmizlesene.now/minx/ftjs.1786843931.js:0
[ 2051953ms] [LOG] %c JSHandle@node @ https://www.fullhdfilmizlesene.now/minx/ftjs.1786843931.js:0
[ 2052449ms] [LOG] %c JSHandle@node @ https://www.fullhdfilmizlesene.now/minx/ftjs.1786843931.js:0
[ 2052960ms] [LOG] %c JSHandle@node @ https://www.fullhdfilmizlesene.now/minx/ftjs.1786843931.js:0
[ 2053463ms] [LOG] %c JSHandle@node @ https://www.fullhdfilmizlesene.now/minx/ftjs.1786843931.js:0
[ 2053961ms] [LOG] %c JSHandle@node @ https://www.fullhdfilmizlesene.now/minx/ftjs.1786843931.js:0
[ 2054458ms] [LOG] %c JSHandle@node @ https://www.fullhdfilmizlesene.now/minx/ftjs.1786843931.js:0
[ 2054957ms] [LOG] %c JSHandle@node @ https://www.fullhdfilmizlesene.now/minx/ftjs.1786843931.js:0
[ 2055455ms] [LOG] %c JSHandle@node @ https://www.fullhdfilmizlesene.now/minx/ftjs.1786843931.js:0
[ 2055951ms] [LOG] %c JSHandle@node @ https://www.fullhdfilmizlesene.now/minx/ftjs.1786843931.js:0
[ 2056452ms] [LOG] %c JSHandle@node @ https://www.fullhdfilmizlesene.now/minx/ftjs.1786843931.js:0
[ 2056963ms] [LOG] %c JSHandle@node @ https://www.fullhdfilmizlesene.now/minx/ftjs.1786843931.js:0
[ 2057459ms] [LOG] %c JSHandle@node @ https://www.fullhdfilmizlesene.now/minx/ftjs.1786843931.js:0
[ 2057960ms] [LOG] %c JSHandle@node @ https://www.fullhdfilmizlesene.now/minx/ftjs.1786843931.js:0
[ 2058457ms] [LOG] %c JSHandle@node @ https://www.fullhdfilmizlesene.now/minx/ftjs.1786843931.js:0
[ 2058955ms] [LOG] %c JSHandle@node @ https://www.fullhdfilmizlesene.now/minx/ftjs.1786843931.js:0
[ 2059455ms] [LOG] %c JSHandle@node @ https://www.fullhdfilmizlesene.now/minx/ftjs.1786843931.js:0
[ 2059952ms] [LOG] %c JSHandle@node @ https://www.fullhdfilmizlesene.now/minx/ftjs.1786843931.js:0
[ 2060450ms] [LOG] %c JSHandle@node @ https://www.fullhdfilmizlesene.now/minx/ftjs.1786843931.js:0
[ 2060964ms] [LOG] %c JSHandle@node @ https://www.fullhdfilmizlesene.now/minx/ftjs.1786843931.js:0
[ 2061458ms] [LOG] %c JSHandle@node @ https://www.fullhdfilmizlesene.now/minx/ftjs.1786843931.js:0
[ 2061958ms] [LOG] %c JSHandle@node @ https://www.fullhdfilmizlesene.now/minx/ftjs.1786843931.js:0
[ 2062456ms] [LOG] %c JSHandle@node @ https://www.fullhdfilmizlesene.now/minx/ftjs.1786843931.js:0
[ 2062956ms] [LOG] %c JSHandle@node @ https://www.fullhdfilmizlesene.now/minx/ftjs.1786843931.js:0
[ 2063454ms] [LOG] %c JSHandle@node @ https://www.fullhdfilmizlesene.now/minx/ftjs.1786843931.js:0
[ 2063954ms] [LOG] %c JSHandle@node @ https://www.fullhdfilmizlesene.now/minx/ftjs.1786843931.js:0
[ 2064452ms] [LOG] %c JSHandle@node @ https://www.fullhdfilmizlesene.now/minx/ftjs.1786843931.js:0
[ 2064963ms] [LOG] %c JSHandle@node @ https://www.fullhdfilmizlesene.now/minx/ftjs.1786843931.js:0
[ 2065462ms] [LOG] %c JSHandle@node @ https://www.fullhdfilmizlesene.now/minx/ftjs.1786843931.js:0
[ 2065962ms] [LOG] %c JSHandle@node @ https://www.fullhdfilmizlesene.now/minx/ftjs.1786843931.js:0
[ 2066460ms] [LOG] %c JSHandle@node @ https://www.fullhdfilmizlesene.now/minx/ftjs.1786843931.js:0
[ 2066956ms] [LOG] %c JSHandle@node @ https://www.fullhdfilmizlesene.now/minx/ftjs.1786843931.js:0
[ 2067453ms] [LOG] %c JSHandle@node @ https://www.fullhdfilmizlesene.now/minx/ftjs.1786843931.js:0
[ 2067952ms] [LOG] %c JSHandle@node @ https://www.fullhdfilmizlesene.now/minx/ftjs.1786843931.js:0
[ 2068451ms] [LOG] %c JSHandle@node @ https://www.fullhdfilmizlesene.now/minx/ftjs.1786843931.js:0
[ 2068952ms] [LOG] %c JSHandle@node @ https://www.fullhdfilmizlesene.now/minx/ftjs.1786843931.js:0
[ 2069450ms] [LOG] %c JSHandle@node @ https://www.fullhdfilmizlesene.now/minx/ftjs.1786843931.js:0
[ 2069964ms] [LOG] %c JSHandle@node @ https://www.fullhdfilmizlesene.now/minx/ftjs.1786843931.js:0
[ 2070449ms] [LOG] %c JSHandle@node @ https://www.fullhdfilmizlesene.now/minx/ftjs.1786843931.js:0
[ 2070960ms] [LOG] %c JSHandle@node @ https://www.fullhdfilmizlesene.now/minx/ftjs.1786843931.js:0
[ 2071463ms] [LOG] %c JSHandle@node @ https://www.fullhdfilmizlesene.now/minx/ftjs.1786843931.js:0
[ 2071959ms] [LOG] %c JSHandle@node @ https://www.fullhdfilmizlesene.now/minx/ftjs.1786843931.js:0
[ 2072459ms] [LOG] %c JSHandle@node @ https://www.fullhdfilmizlesene.now/minx/ftjs.1786843931.js:0
[ 2072959ms] [LOG] %c JSHandle@node @ https://www.fullhdfilmizlesene.now/minx/ftjs.1786843931.js:0
[ 2073460ms] [LOG] %c JSHandle@node @ https://www.fullhdfilmizlesene.now/minx/ftjs.1786843931.js:0
[ 2073958ms] [LOG] %c JSHandle@node @ https://www.fullhdfilmizlesene.now/minx/ftjs.1786843931.js:0
[ 2074458ms] [LOG] %c JSHandle@node @ https://www.fullhdfilmizlesene.now/minx/ftjs.1786843931.js:0
[ 2074955ms] [LOG] %c JSHandle@node @ https://www.fullhdfilmizlesene.now/minx/ftjs.1786843931.js:0
[ 2075454ms] [LOG] %c JSHandle@node @ https://www.fullhdfilmizlesene.now/minx/ftjs.1786843931.js:0
[ 2075954ms] [LOG] %c JSHandle@node @ https://www.fullhdfilmizlesene.now/minx/ftjs.1786843931.js:0
[ 2076454ms] [LOG] %c JSHandle@node @ https://www.fullhdfilmizlesene.now/minx/ftjs.1786843931.js:0
[ 2076950ms] [LOG] %c JSHandle@node @ https://www.fullhdfilmizlesene.now/minx/ftjs.1786843931.js:0
[ 2077450ms] [LOG] %c JSHandle@node @ https://www.fullhdfilmizlesene.now/minx/ftjs.1786843931.js:0
[ 2077953ms] [LOG] %c JSHandle@node @ https://www.fullhdfilmizlesene.now/minx/ftjs.1786843931.js:0
[ 2078456ms] [LOG] %c JSHandle@node @ https://www.fullhdfilmizlesene.now/minx/ftjs.1786843931.js:0
[ 2078953ms] [LOG] %c JSHandle@node @ https://www.fullhdfilmizlesene.now/minx/ftjs.1786843931.js:0
[ 2079454ms] [LOG] %c JSHandle@node @ https://www.fullhdfilmizlesene.now/minx/ftjs.1786843931.js:0
[ 2079952ms] [LOG] %c JSHandle@node @ https://www.fullhdfilmizlesene.now/minx/ftjs.1786843931.js:0
[ 2080452ms] [LOG] %c JSHandle@node @ https://www.fullhdfilmizlesene.now/minx/ftjs.1786843931.js:0
[ 2080954ms] [LOG] %c JSHandle@node @ https://www.fullhdfilmizlesene.now/minx/ftjs.1786843931.js:0
[ 2081450ms] [LOG] %c JSHandle@node @ https://www.fullhdfilmizlesene.now/minx/ftjs.1786843931.js:0
[ 2081949ms] [LOG] %c JSHandle@node @ https://www.fullhdfilmizlesene.now/minx/ftjs.1786843931.js:0
[ 2082455ms] [LOG] %c JSHandle@node @ https://www.fullhdfilmizlesene.now/minx/ftjs.1786843931.js:0
[ 2082956ms] [LOG] %c JSHandle@node @ https://www.fullhdfilmizlesene.now/minx/ftjs.1786843931.js:0
[ 2083458ms] [LOG] %c JSHandle@node @ https://www.fullhdfilmizlesene.now/minx/ftjs.1786843931.js:0
[ 2083959ms] [LOG] %c JSHandle@node @ https://www.fullhdfilmizlesene.now/minx/ftjs.1786843931.js:0
[ 2084449ms] [LOG] %c JSHandle@node @ https://www.fullhdfilmizlesene.now/minx/ftjs.1786843931.js:0
[ 2084948ms] [LOG] %c JSHandle@node @ https://www.fullhdfilmizlesene.now/minx/ftjs.1786843931.js:0
[ 2085451ms] [LOG] %c JSHandle@node @ https://www.fullhdfilmizlesene.now/minx/ftjs.1786843931.js:0
[ 2085950ms] [LOG] %c JSHandle@node @ https://www.fullhdfilmizlesene.now/minx/ftjs.1786843931.js:0
[ 2086463ms] [LOG] %c JSHandle@node @ https://www.fullhdfilmizlesene.now/minx/ftjs.1786843931.js:0
[ 2086949ms] [LOG] %c JSHandle@node @ https://www.fullhdfilmizlesene.now/minx/ftjs.1786843931.js:0
[ 2087459ms] [LOG] %c JSHandle@node @ https://www.fullhdfilmizlesene.now/minx/ftjs.1786843931.js:0
[ 2087950ms] [LOG] %c JSHandle@node @ https://www.fullhdfilmizlesene.now/minx/ftjs.1786843931.js:0
[ 2088458ms] [LOG] %c JSHandle@node @ https://www.fullhdfilmizlesene.now/minx/ftjs.1786843931.js:0
[ 2088959ms] [LOG] %c JSHandle@node @ https://www.fullhdfilmizlesene.now/minx/ftjs.1786843931.js:0
[ 2089460ms] [LOG] %c JSHandle@node @ https://www.fullhdfilmizlesene.now/minx/ftjs.1786843931.js:0
[ 2089962ms] [LOG] %c JSHandle@node @ https://www.fullhdfilmizlesene.now/minx/ftjs.1786843931.js:0
[ 2090449ms] [LOG] %c JSHandle@node @ https://www.fullhdfilmizlesene.now/minx/ftjs.1786843931.js:0
[ 2090957ms] [LOG] %c JSHandle@node @ https://www.fullhdfilmizlesene.now/minx/ftjs.1786843931.js:0
[ 2091459ms] [LOG] %c JSHandle@node @ https://www.fullhdfilmizlesene.now/minx/ftjs.1786843931.js:0
[ 2091957ms] [LOG] %c JSHandle@node @ https://www.fullhdfilmizlesene.now/minx/ftjs.1786843931.js:0
[ 2092452ms] [LOG] %c JSHandle@node @ https://www.fullhdfilmizlesene.now/minx/ftjs.1786843931.js:0
[ 2092964ms] [LOG] %c JSHandle@node @ https://www.fullhdfilmizlesene.now/minx/ftjs.1786843931.js:0
[ 2093457ms] [LOG] %c JSHandle@node @ https://www.fullhdfilmizlesene.now/minx/ftjs.1786843931.js:0
[ 2093955ms] [LOG] %c JSHandle@node @ https://www.fullhdfilmizlesene.now/minx/ftjs.1786843931.js:0
[ 2094453ms] [LOG] %c JSHandle@node @ https://www.fullhdfilmizlesene.now/minx/ftjs.1786843931.js:0
[ 2094950ms] [LOG] %c JSHandle@node @ https://www.fullhdfilmizlesene.now/minx/ftjs.1786843931.js:0
[ 2095450ms] [LOG] %c JSHandle@node @ https://www.fullhdfilmizlesene.now/minx/ftjs.1786843931.js:0
[ 2095959ms] [LOG] %c JSHandle@node @ https://www.fullhdfilmizlesene.now/minx/ftjs.1786843931.js:0
[ 2096456ms] [LOG] %c JSHandle@node @ https://www.fullhdfilmizlesene.now/minx/ftjs.1786843931.js:0
[ 2096956ms] [LOG] %c JSHandle@node @ https://www.fullhdfilmizlesene.now/minx/ftjs.1786843931.js:0
[ 2097457ms] [LOG] %c JSHandle@node @ https://www.fullhdfilmizlesene.now/minx/ftjs.1786843931.js:0
[ 2097959ms] [LOG] %c JSHandle@node @ https://www.fullhdfilmizlesene.now/minx/ftjs.1786843931.js:0
[ 2098456ms] [LOG] %c JSHandle@node @ https://www.fullhdfilmizlesene.now/minx/ftjs.1786843931.js:0
[ 2098949ms] [LOG] %c JSHandle@node @ https://www.fullhdfilmizlesene.now/minx/ftjs.1786843931.js:0
[ 2099451ms] [LOG] %c JSHandle@node @ https://www.fullhdfilmizlesene.now/minx/ftjs.1786843931.js:0
[ 2099950ms] [LOG] %c JSHandle@node @ https://www.fullhdfilmizlesene.now/minx/ftjs.1786843931.js:0
[ 2100451ms] [LOG] %c JSHandle@node @ https://www.fullhdfilmizlesene.now/minx/ftjs.1786843931.js:0
[ 2100949ms] [LOG] %c JSHandle@node @ https://www.fullhdfilmizlesene.now/minx/ftjs.1786843931.js:0
[ 2101448ms] [LOG] %c JSHandle@node @ https://www.fullhdfilmizlesene.now/minx/ftjs.1786843931.js:0
[ 2101950ms] [LOG] %c JSHandle@node @ https://www.fullhdfilmizlesene.now/minx/ftjs.1786843931.js:0
[ 2102452ms] [LOG] %c JSHandle@node @ https://www.fullhdfilmizlesene.now/minx/ftjs.1786843931.js:0
[ 2102952ms] [LOG] %c JSHandle@node @ https://www.fullhdfilmizlesene.now/minx/ftjs.1786843931.js:0
[ 2103450ms] [LOG] %c JSHandle@node @ https://www.fullhdfilmizlesene.now/minx/ftjs.1786843931.js:0
[ 2103952ms] [LOG] %c JSHandle@node @ https://www.fullhdfilmizlesene.now/minx/ftjs.1786843931.js:0
[ 2104448ms] [LOG] %c JSHandle@node @ https://www.fullhdfilmizlesene.now/minx/ftjs.1786843931.js:0
[ 2104949ms] [LOG] %c JSHandle@node @ https://www.fullhdfilmizlesene.now/minx/ftjs.1786843931.js:0
[ 2105464ms] [LOG] %c JSHandle@node @ https://www.fullhdfilmizlesene.now/minx/ftjs.1786843931.js:0
[ 2105949ms] [LOG] %c JSHandle@node @ https://www.fullhdfilmizlesene.now/minx/ftjs.1786843931.js:0
[ 2106451ms] [LOG] %c JSHandle@node @ https://www.fullhdfilmizlesene.now/minx/ftjs.1786843931.js:0
[ 2106964ms] [LOG] %c JSHandle@node @ https://www.fullhdfilmizlesene.now/minx/ftjs.1786843931.js:0
[ 2107461ms] [LOG] %c JSHandle@node @ https://www.fullhdfilmizlesene.now/minx/ftjs.1786843931.js:0
[ 2107959ms] [LOG] %c JSHandle@node @ https://www.fullhdfilmizlesene.now/minx/ftjs.1786843931.js:0
[ 2108456ms] [LOG] %c JSHandle@node @ https://www.fullhdfilmizlesene.now/minx/ftjs.1786843931.js:0
[ 2108956ms] [LOG] %c JSHandle@node @ https://www.fullhdfilmizlesene.now/minx/ftjs.1786843931.js:0
[ 2109458ms] [LOG] %c JSHandle@node @ https://www.fullhdfilmizlesene.now/minx/ftjs.1786843931.js:0
[ 2109960ms] [LOG] %c JSHandle@node @ https://www.fullhdfilmizlesene.now/minx/ftjs.1786843931.js:0
[ 2110459ms] [LOG] %c JSHandle@node @ https://www.fullhdfilmizlesene.now/minx/ftjs.1786843931.js:0
[ 2110958ms] [LOG] %c JSHandle@node @ https://www.fullhdfilmizlesene.now/minx/ftjs.1786843931.js:0
[ 2111456ms] [LOG] %c JSHandle@node @ https://www.fullhdfilmizlesene.now/minx/ftjs.1786843931.js:0
[ 2111954ms] [LOG] %c JSHandle@node @ https://www.fullhdfilmizlesene.now/minx/ftjs.1786843931.js:0
[ 2112452ms] [LOG] %c JSHandle@node @ https://www.fullhdfilmizlesene.now/minx/ftjs.1786843931.js:0
[ 2112963ms] [LOG] %c JSHandle@node @ https://www.fullhdfilmizlesene.now/minx/ftjs.1786843931.js:0
[ 2113449ms] [LOG] %c JSHandle@node @ https://www.fullhdfilmizlesene.now/minx/ftjs.1786843931.js:0
[ 2113949ms] [LOG] %c JSHandle@node @ https://www.fullhdfilmizlesene.now/minx/ftjs.1786843931.js:0
[ 2114460ms] [LOG] %c JSHandle@node @ https://www.fullhdfilmizlesene.now/minx/ftjs.1786843931.js:0
[ 2114957ms] [LOG] %c JSHandle@node @ https://www.fullhdfilmizlesene.now/minx/ftjs.1786843931.js:0
[ 2115454ms] [LOG] %c JSHandle@node @ https://www.fullhdfilmizlesene.now/minx/ftjs.1786843931.js:0
[ 2115952ms] [LOG] %c JSHandle@node @ https://www.fullhdfilmizlesene.now/minx/ftjs.1786843931.js:0
[ 2116453ms] [LOG] %c JSHandle@node @ https://www.fullhdfilmizlesene.now/minx/ftjs.1786843931.js:0
[ 2116954ms] [LOG] %c JSHandle@node @ https://www.fullhdfilmizlesene.now/minx/ftjs.1786843931.js:0
[ 2117449ms] [LOG] %c JSHandle@node @ https://www.fullhdfilmizlesene.now/minx/ftjs.1786843931.js:0
[ 2117964ms] [LOG] %c JSHandle@node @ https://www.fullhdfilmizlesene.now/minx/ftjs.1786843931.js:0
[ 2118461ms] [LOG] %c JSHandle@node @ https://www.fullhdfilmizlesene.now/minx/ftjs.1786843931.js:0
[ 2118962ms] [LOG] %c JSHandle@node @ https://www.fullhdfilmizlesene.now/minx/ftjs.1786843931.js:0
[ 2119461ms] [LOG] %c JSHandle@node @ https://www.fullhdfilmizlesene.now/minx/ftjs.1786843931.js:0
[ 2119958ms] [LOG] %c JSHandle@node @ https://www.fullhdfilmizlesene.now/minx/ftjs.1786843931.js:0
[ 2120454ms] [LOG] %c JSHandle@node @ https://www.fullhdfilmizlesene.now/minx/ftjs.1786843931.js:0
[ 2120955ms] [LOG] %c JSHandle@node @ https://www.fullhdfilmizlesene.now/minx/ftjs.1786843931.js:0
[ 2121454ms] [LOG] %c JSHandle@node @ https://www.fullhdfilmizlesene.now/minx/ftjs.1786843931.js:0
[ 2121949ms] [LOG] %c JSHandle@node @ https://www.fullhdfilmizlesene.now/minx/ftjs.1786843931.js:0
[ 2122452ms] [LOG] %c JSHandle@node @ https://www.fullhdfilmizlesene.now/minx/ftjs.1786843931.js:0
[ 2122950ms] [LOG] %c JSHandle@node @ https://www.fullhdfilmizlesene.now/minx/ftjs.1786843931.js:0
[ 2123449ms] [LOG] %c JSHandle@node @ https://www.fullhdfilmizlesene.now/minx/ftjs.1786843931.js:0
[ 2123949ms] [LOG] %c JSHandle@node @ https://www.fullhdfilmizlesene.now/minx/ftjs.1786843931.js:0
[ 2124462ms] [LOG] %c JSHandle@node @ https://www.fullhdfilmizlesene.now/minx/ftjs.1786843931.js:0
[ 2124962ms] [LOG] %c JSHandle@node @ https://www.fullhdfilmizlesene.now/minx/ftjs.1786843931.js:0
[ 2125459ms] [LOG] %c JSHandle@node @ https://www.fullhdfilmizlesene.now/minx/ftjs.1786843931.js:0
[ 2125963ms] [LOG] %c JSHandle@node @ https://www.fullhdfilmizlesene.now/minx/ftjs.1786843931.js:0
[ 2126448ms] [LOG] %c JSHandle@node @ https://www.fullhdfilmizlesene.now/minx/ftjs.1786843931.js:0
[ 2126949ms] [LOG] %c JSHandle@node @ https://www.fullhdfilmizlesene.now/minx/ftjs.1786843931.js:0
[ 2127459ms] [LOG] %c JSHandle@node @ https://www.fullhdfilmizlesene.now/minx/ftjs.1786843931.js:0
[ 2127957ms] [LOG] %c JSHandle@node @ https://www.fullhdfilmizlesene.now/minx/ftjs.1786843931.js:0
[ 2128459ms] [LOG] %c JSHandle@node @ https://www.fullhdfilmizlesene.now/minx/ftjs.1786843931.js:0
[ 2128958ms] [LOG] %c JSHandle@node @ https://www.fullhdfilmizlesene.now/minx/ftjs.1786843931.js:0
[ 2129455ms] [LOG] %c JSHandle@node @ https://www.fullhdfilmizlesene.now/minx/ftjs.1786843931.js:0
[ 2129959ms] [LOG] %c JSHandle@node @ https://www.fullhdfilmizlesene.now/minx/ftjs.1786843931.js:0
[ 2130463ms] [LOG] %c JSHandle@node @ https://www.fullhdfilmizlesene.now/minx/ftjs.1786843931.js:0
[ 2130962ms] [LOG] %c JSHandle@node @ https://www.fullhdfilmizlesene.now/minx/ftjs.1786843931.js:0
[ 2131460ms] [LOG] %c JSHandle@node @ https://www.fullhdfilmizlesene.now/minx/ftjs.1786843931.js:0
[ 2131956ms] [LOG] %c JSHandle@node @ https://www.fullhdfilmizlesene.now/minx/ftjs.1786843931.js:0
[ 2132455ms] [LOG] %c JSHandle@node @ https://www.fullhdfilmizlesene.now/minx/ftjs.1786843931.js:0
[ 2132951ms] [LOG] %c JSHandle@node @ https://www.fullhdfilmizlesene.now/minx/ftjs.1786843931.js:0
[ 2133464ms] [LOG] %c JSHandle@node @ https://www.fullhdfilmizlesene.now/minx/ftjs.1786843931.js:0
[ 2133951ms] [LOG] %c JSHandle@node @ https://www.fullhdfilmizlesene.now/minx/ftjs.1786843931.js:0
[ 2134450ms] [LOG] %c JSHandle@node @ https://www.fullhdfilmizlesene.now/minx/ftjs.1786843931.js:0
[ 2134957ms] [LOG] %c JSHandle@node @ https://www.fullhdfilmizlesene.now/minx/ftjs.1786843931.js:0
[ 2135455ms] [LOG] %c JSHandle@node @ https://www.fullhdfilmizlesene.now/minx/ftjs.1786843931.js:0
[ 2135955ms] [LOG] %c JSHandle@node @ https://www.fullhdfilmizlesene.now/minx/ftjs.1786843931.js:0
[ 2136456ms] [LOG] %c JSHandle@node @ https://www.fullhdfilmizlesene.now/minx/ftjs.1786843931.js:0
[ 2136952ms] [LOG] %c JSHandle@node @ https://www.fullhdfilmizlesene.now/minx/ftjs.1786843931.js:0
[ 2137449ms] [LOG] %c JSHandle@node @ https://www.fullhdfilmizlesene.now/minx/ftjs.1786843931.js:0
[ 2137962ms] [LOG] %c JSHandle@node @ https://www.fullhdfilmizlesene.now/minx/ftjs.1786843931.js:0
[ 2138458ms] [LOG] %c JSHandle@node @ https://www.fullhdfilmizlesene.now/minx/ftjs.1786843931.js:0
[ 2138948ms] [LOG] %c JSHandle@node @ https://www.fullhdfilmizlesene.now/minx/ftjs.1786843931.js:0
[ 2139452ms] [LOG] %c JSHandle@node @ https://www.fullhdfilmizlesene.now/minx/ftjs.1786843931.js:0
[ 2139951ms] [LOG] %c JSHandle@node @ https://www.fullhdfilmizlesene.now/minx/ftjs.1786843931.js:0
[ 2140449ms] [LOG] %c JSHandle@node @ https://www.fullhdfilmizlesene.now/minx/ftjs.1786843931.js:0
[ 2140953ms] [LOG] %c JSHandle@node @ https://www.fullhdfilmizlesene.now/minx/ftjs.1786843931.js:0
[ 2141458ms] [LOG] %c JSHandle@node @ https://www.fullhdfilmizlesene.now/minx/ftjs.1786843931.js:0
[ 2141958ms] [LOG] %c JSHandle@node @ https://www.fullhdfilmizlesene.now/minx/ftjs.1786843931.js:0
[ 2142454ms] [LOG] %c JSHandle@node @ https://www.fullhdfilmizlesene.now/minx/ftjs.1786843931.js:0
[ 2142950ms] [LOG] %c JSHandle@node @ https://www.fullhdfilmizlesene.now/minx/ftjs.1786843931.js:0
[ 2143463ms] [LOG] %c JSHandle@node @ https://www.fullhdfilmizlesene.now/minx/ftjs.1786843931.js:0
[ 2143959ms] [LOG] %c JSHandle@node @ https://www.fullhdfilmizlesene.now/minx/ftjs.1786843931.js:0
[ 2144460ms] [LOG] %c JSHandle@node @ https://www.fullhdfilmizlesene.now/minx/ftjs.1786843931.js:0
[ 2144956ms] [LOG] %c JSHandle@node @ https://www.fullhdfilmizlesene.now/minx/ftjs.1786843931.js:0
[ 2145451ms] [LOG] %c JSHandle@node @ https://www.fullhdfilmizlesene.now/minx/ftjs.1786843931.js:0
[ 2145950ms] [LOG] %c JSHandle@node @ https://www.fullhdfilmizlesene.now/minx/ftjs.1786843931.js:0
[ 2146463ms] [LOG] %c JSHandle@node @ https://www.fullhdfilmizlesene.now/minx/ftjs.1786843931.js:0
[ 2146963ms] [LOG] %c JSHandle@node @ https://www.fullhdfilmizlesene.now/minx/ftjs.1786843931.js:0
[ 2147464ms] [LOG] %c JSHandle@node @ https://www.fullhdfilmizlesene.now/minx/ftjs.1786843931.js:0
[ 2147962ms] [LOG] %c JSHandle@node @ https://www.fullhdfilmizlesene.now/minx/ftjs.1786843931.js:0
[ 2148449ms] [LOG] %c JSHandle@node @ https://www.fullhdfilmizlesene.now/minx/ftjs.1786843931.js:0
[ 2148955ms] [LOG] %c JSHandle@node @ https://www.fullhdfilmizlesene.now/minx/ftjs.1786843931.js:0
[ 2149451ms] [LOG] %c JSHandle@node @ https://www.fullhdfilmizlesene.now/minx/ftjs.1786843931.js:0
[ 2149952ms] [LOG] %c JSHandle@node @ https://www.fullhdfilmizlesene.now/minx/ftjs.1786843931.js:0
[ 2150449ms] [LOG] %c JSHandle@node @ https://www.fullhdfilmizlesene.now/minx/ftjs.1786843931.js:0
[ 2150964ms] [LOG] %c JSHandle@node @ https://www.fullhdfilmizlesene.now/minx/ftjs.1786843931.js:0
[ 2151461ms] [LOG] %c JSHandle@node @ https://www.fullhdfilmizlesene.now/minx/ftjs.1786843931.js:0
[ 2151958ms] [LOG] %c JSHandle@node @ https://www.fullhdfilmizlesene.now/minx/ftjs.1786843931.js:0
[ 2152460ms] [LOG] %c JSHandle@node @ https://www.fullhdfilmizlesene.now/minx/ftjs.1786843931.js:0
[ 2152956ms] [LOG] %c JSHandle@node @ https://www.fullhdfilmizlesene.now/minx/ftjs.1786843931.js:0
[ 2153464ms] [LOG] %c JSHandle@node @ https://www.fullhdfilmizlesene.now/minx/ftjs.1786843931.js:0
[ 2153959ms] [LOG] %c JSHandle@node @ https://www.fullhdfilmizlesene.now/minx/ftjs.1786843931.js:0
[ 2154459ms] [LOG] %c JSHandle@node @ https://www.fullhdfilmizlesene.now/minx/ftjs.1786843931.js:0
[ 2154959ms] [LOG] %c JSHandle@node @ https://www.fullhdfilmizlesene.now/minx/ftjs.1786843931.js:0
[ 2155457ms] [LOG] %c JSHandle@node @ https://www.fullhdfilmizlesene.now/minx/ftjs.1786843931.js:0
[ 2155959ms] [LOG] %c JSHandle@node @ https://www.fullhdfilmizlesene.now/minx/ftjs.1786843931.js:0
[ 2156455ms] [LOG] %c JSHandle@node @ https://www.fullhdfilmizlesene.now/minx/ftjs.1786843931.js:0
[ 2156952ms] [LOG] %c JSHandle@node @ https://www.fullhdfilmizlesene.now/minx/ftjs.1786843931.js:0
[ 2157451ms] [LOG] %c JSHandle@node @ https://www.fullhdfilmizlesene.now/minx/ftjs.1786843931.js:0
[ 2157950ms] [LOG] %c JSHandle@node @ https://www.fullhdfilmizlesene.now/minx/ftjs.1786843931.js:0
[ 2158462ms] [LOG] %c JSHandle@node @ https://www.fullhdfilmizlesene.now/minx/ftjs.1786843931.js:0
[ 2158958ms] [LOG] %c JSHandle@node @ https://www.fullhdfilmizlesene.now/minx/ftjs.1786843931.js:0
[ 2159459ms] [LOG] %c JSHandle@node @ https://www.fullhdfilmizlesene.now/minx/ftjs.1786843931.js:0
[ 2159959ms] [LOG] %c JSHandle@node @ https://www.fullhdfilmizlesene.now/minx/ftjs.1786843931.js:0
[ 2160458ms] [LOG] %c JSHandle@node @ https://www.fullhdfilmizlesene.now/minx/ftjs.1786843931.js:0
[ 2160956ms] [LOG] %c JSHandle@node @ https://www.fullhdfilmizlesene.now/minx/ftjs.1786843931.js:0
[ 2161456ms] [LOG] %c JSHandle@node @ https://www.fullhdfilmizlesene.now/minx/ftjs.1786843931.js:0
[ 2161955ms] [LOG] %c JSHandle@node @ https://www.fullhdfilmizlesene.now/minx/ftjs.1786843931.js:0
[ 2162454ms] [LOG] %c JSHandle@node @ https://www.fullhdfilmizlesene.now/minx/ftjs.1786843931.js:0
[ 2162958ms] [LOG] %c JSHandle@node @ https://www.fullhdfilmizlesene.now/minx/ftjs.1786843931.js:0
[ 2163452ms] [LOG] %c JSHandle@node @ https://www.fullhdfilmizlesene.now/minx/ftjs.1786843931.js:0
[ 2163964ms] [LOG] %c JSHandle@node @ https://www.fullhdfilmizlesene.now/minx/ftjs.1786843931.js:0
[ 2164450ms] [LOG] %c JSHandle@node @ https://www.fullhdfilmizlesene.now/minx/ftjs.1786843931.js:0
[ 2164963ms] [LOG] %c JSHandle@node @ https://www.fullhdfilmizlesene.now/minx/ftjs.1786843931.js:0
[ 2165462ms] [LOG] %c JSHandle@node @ https://www.fullhdfilmizlesene.now/minx/ftjs.1786843931.js:0
[ 2165960ms] [LOG] %c JSHandle@node @ https://www.fullhdfilmizlesene.now/minx/ftjs.1786843931.js:0
[ 2166460ms] [LOG] %c JSHandle@node @ https://www.fullhdfilmizlesene.now/minx/ftjs.1786843931.js:0
[ 2166958ms] [LOG] %c JSHandle@node @ https://www.fullhdfilmizlesene.now/minx/ftjs.1786843931.js:0
[ 2167457ms] [LOG] %c JSHandle@node @ https://www.fullhdfilmizlesene.now/minx/ftjs.1786843931.js:0
[ 2167949ms] [LOG] %c JSHandle@node @ https://www.fullhdfilmizlesene.now/minx/ftjs.1786843931.js:0
[ 2168461ms] [LOG] %c JSHandle@node @ https://www.fullhdfilmizlesene.now/minx/ftjs.1786843931.js:0
[ 2168962ms] [LOG] %c JSHandle@node @ https://www.fullhdfilmizlesene.now/minx/ftjs.1786843931.js:0
[ 2169449ms] [LOG] %c JSHandle@node @ https://www.fullhdfilmizlesene.now/minx/ftjs.1786843931.js:0
[ 2169949ms] [LOG] %c JSHandle@node @ https://www.fullhdfilmizlesene.now/minx/ftjs.1786843931.js:0
[ 2170453ms] [LOG] %c JSHandle@node @ https://www.fullhdfilmizlesene.now/minx/ftjs.1786843931.js:0
[ 2170962ms] [LOG] %c JSHandle@node @ https://www.fullhdfilmizlesene.now/minx/ftjs.1786843931.js:0
[ 2171457ms] [LOG] %c JSHandle@node @ https://www.fullhdfilmizlesene.now/minx/ftjs.1786843931.js:0
[ 2171949ms] [LOG] %c JSHandle@node @ https://www.fullhdfilmizlesene.now/minx/ftjs.1786843931.js:0
[ 2172454ms] [LOG] %c JSHandle@node @ https://www.fullhdfilmizlesene.now/minx/ftjs.1786843931.js:0
[ 2172948ms] [LOG] %c JSHandle@node @ https://www.fullhdfilmizlesene.now/minx/ftjs.1786843931.js:0
[ 2173463ms] [LOG] %c JSHandle@node @ https://www.fullhdfilmizlesene.now/minx/ftjs.1786843931.js:0
[ 2173962ms] [LOG] %c JSHandle@node @ https://www.fullhdfilmizlesene.now/minx/ftjs.1786843931.js:0
[ 2174457ms] [LOG] %c JSHandle@node @ https://www.fullhdfilmizlesene.now/minx/ftjs.1786843931.js:0
[ 2174955ms] [LOG] %c JSHandle@node @ https://www.fullhdfilmizlesene.now/minx/ftjs.1786843931.js:0
[ 2175454ms] [LOG] %c JSHandle@node @ https://www.fullhdfilmizlesene.now/minx/ftjs.1786843931.js:0
[ 2175952ms] [LOG] %c JSHandle@node @ https://www.fullhdfilmizlesene.now/minx/ftjs.1786843931.js:0
[ 2176450ms] [LOG] %c JSHandle@node @ https://www.fullhdfilmizlesene.now/minx/ftjs.1786843931.js:0
[ 2176949ms] [LOG] %c JSHandle@node @ https://www.fullhdfilmizlesene.now/minx/ftjs.1786843931.js:0
[ 2177453ms] [LOG] %c JSHandle@node @ https://www.fullhdfilmizlesene.now/minx/ftjs.1786843931.js:0
[ 2177959ms] [LOG] %c JSHandle@node @ https://www.fullhdfilmizlesene.now/minx/ftjs.1786843931.js:0
[ 2178450ms] [LOG] %c JSHandle@node @ https://www.fullhdfilmizlesene.now/minx/ftjs.1786843931.js:0
[ 2178957ms] [LOG] %c JSHandle@node @ https://www.fullhdfilmizlesene.now/minx/ftjs.1786843931.js:0
[ 2179455ms] [LOG] %c JSHandle@node @ https://www.fullhdfilmizlesene.now/minx/ftjs.1786843931.js:0
[ 2179950ms] [LOG] %c JSHandle@node @ https://www.fullhdfilmizlesene.now/minx/ftjs.1786843931.js:0
[ 2180452ms] [LOG] %c JSHandle@node @ https://www.fullhdfilmizlesene.now/minx/ftjs.1786843931.js:0
[ 2180955ms] [LOG] %c JSHandle@node @ https://www.fullhdfilmizlesene.now/minx/ftjs.1786843931.js:0
[ 2181455ms] [LOG] %c JSHandle@node @ https://www.fullhdfilmizlesene.now/minx/ftjs.1786843931.js:0
[ 2181952ms] [LOG] %c JSHandle@node @ https://www.fullhdfilmizlesene.now/minx/ftjs.1786843931.js:0
[ 2182449ms] [LOG] %c JSHandle@node @ https://www.fullhdfilmizlesene.now/minx/ftjs.1786843931.js:0
[ 2182959ms] [LOG] %c JSHandle@node @ https://www.fullhdfilmizlesene.now/minx/ftjs.1786843931.js:0
[ 2183459ms] [LOG] %c JSHandle@node @ https://www.fullhdfilmizlesene.now/minx/ftjs.1786843931.js:0
[ 2183957ms] [LOG] %c JSHandle@node @ https://www.fullhdfilmizlesene.now/minx/ftjs.1786843931.js:0
[ 2184455ms] [LOG] %c JSHandle@node @ https://www.fullhdfilmizlesene.now/minx/ftjs.1786843931.js:0
[ 2184952ms] [LOG] %c JSHandle@node @ https://www.fullhdfilmizlesene.now/minx/ftjs.1786843931.js:0
[ 2185453ms] [LOG] %c JSHandle@node @ https://www.fullhdfilmizlesene.now/minx/ftjs.1786843931.js:0
[ 2185953ms] [LOG] %c JSHandle@node @ https://www.fullhdfilmizlesene.now/minx/ftjs.1786843931.js:0
[ 2186451ms] [LOG] %c JSHandle@node @ https://www.fullhdfilmizlesene.now/minx/ftjs.1786843931.js:0
[ 2186952ms] [LOG] %c JSHandle@node @ https://www.fullhdfilmizlesene.now/minx/ftjs.1786843931.js:0
[ 2187451ms] [LOG] %c JSHandle@node @ https://www.fullhdfilmizlesene.now/minx/ftjs.1786843931.js:0
[ 2187960ms] [LOG] %c JSHandle@node @ https://www.fullhdfilmizlesene.now/minx/ftjs.1786843931.js:0
[ 2188459ms] [LOG] %c JSHandle@node @ https://www.fullhdfilmizlesene.now/minx/ftjs.1786843931.js:0
[ 2188959ms] [LOG] %c JSHandle@node @ https://www.fullhdfilmizlesene.now/minx/ftjs.1786843931.js:0
[ 2189453ms] [LOG] %c JSHandle@node @ https://www.fullhdfilmizlesene.now/minx/ftjs.1786843931.js:0
[ 2189955ms] [LOG] %c JSHandle@node @ https://www.fullhdfilmizlesene.now/minx/ftjs.1786843931.js:0
[ 2190454ms] [LOG] %c JSHandle@node @ https://www.fullhdfilmizlesene.now/minx/ftjs.1786843931.js:0
[ 2190949ms] [LOG] %c JSHandle@node @ https://www.fullhdfilmizlesene.now/minx/ftjs.1786843931.js:0
[ 2191460ms] [LOG] %c JSHandle@node @ https://www.fullhdfilmizlesene.now/minx/ftjs.1786843931.js:0
[ 2191963ms] [LOG] %c JSHandle@node @ https://www.fullhdfilmizlesene.now/minx/ftjs.1786843931.js:0
[ 2192460ms] [LOG] %c JSHandle@node @ https://www.fullhdfilmizlesene.now/minx/ftjs.1786843931.js:0
[ 2192957ms] [LOG] %c JSHandle@node @ https://www.fullhdfilmizlesene.now/minx/ftjs.1786843931.js:0
[ 2193453ms] [LOG] %c JSHandle@node @ https://www.fullhdfilmizlesene.now/minx/ftjs.1786843931.js:0
[ 2193949ms] [LOG] %c JSHandle@node @ https://www.fullhdfilmizlesene.now/minx/ftjs.1786843931.js:0
[ 2194450ms] [LOG] %c JSHandle@node @ https://www.fullhdfilmizlesene.now/minx/ftjs.1786843931.js:0
[ 2194954ms] [LOG] %c JSHandle@node @ https://www.fullhdfilmizlesene.now/minx/ftjs.1786843931.js:0
[ 2195454ms] [LOG] %c JSHandle@node @ https://www.fullhdfilmizlesene.now/minx/ftjs.1786843931.js:0
[ 2195955ms] [LOG] %c JSHandle@node @ https://www.fullhdfilmizlesene.now/minx/ftjs.1786843931.js:0
[ 2196455ms] [LOG] %c JSHandle@node @ https://www.fullhdfilmizlesene.now/minx/ftjs.1786843931.js:0
[ 2196952ms] [LOG] %c JSHandle@node @ https://www.fullhdfilmizlesene.now/minx/ftjs.1786843931.js:0
[ 2197451ms] [LOG] %c JSHandle@node @ https://www.fullhdfilmizlesene.now/minx/ftjs.1786843931.js:0
[ 2197950ms] [LOG] %c JSHandle@node @ https://www.fullhdfilmizlesene.now/minx/ftjs.1786843931.js:0
[ 2198450ms] [LOG] %c JSHandle@node @ https://www.fullhdfilmizlesene.now/minx/ftjs.1786843931.js:0
[ 2198949ms] [LOG] %c JSHandle@node @ https://www.fullhdfilmizlesene.now/minx/ftjs.1786843931.js:0
[ 2199450ms] [LOG] %c JSHandle@node @ https://www.fullhdfilmizlesene.now/minx/ftjs.1786843931.js:0
[ 2199963ms] [LOG] %c JSHandle@node @ https://www.fullhdfilmizlesene.now/minx/ftjs.1786843931.js:0
[ 2200460ms] [LOG] %c JSHandle@node @ https://www.fullhdfilmizlesene.now/minx/ftjs.1786843931.js:0
[ 2200959ms] [LOG] %c JSHandle@node @ https://www.fullhdfilmizlesene.now/minx/ftjs.1786843931.js:0
[ 2201455ms] [LOG] %c JSHandle@node @ https://www.fullhdfilmizlesene.now/minx/ftjs.1786843931.js:0
[ 2201954ms] [LOG] %c JSHandle@node @ https://www.fullhdfilmizlesene.now/minx/ftjs.1786843931.js:0
[ 2202453ms] [LOG] %c JSHandle@node @ https://www.fullhdfilmizlesene.now/minx/ftjs.1786843931.js:0
[ 2202952ms] [LOG] %c JSHandle@node @ https://www.fullhdfilmizlesene.now/minx/ftjs.1786843931.js:0
[ 2203452ms] [LOG] %c JSHandle@node @ https://www.fullhdfilmizlesene.now/minx/ftjs.1786843931.js:0
[ 2203955ms] [LOG] %c JSHandle@node @ https://www.fullhdfilmizlesene.now/minx/ftjs.1786843931.js:0
[ 2204453ms] [LOG] %c JSHandle@node @ https://www.fullhdfilmizlesene.now/minx/ftjs.1786843931.js:0
[ 2204953ms] [LOG] %c JSHandle@node @ https://www.fullhdfilmizlesene.now/minx/ftjs.1786843931.js:0
[ 2205450ms] [LOG] %c JSHandle@node @ https://www.fullhdfilmizlesene.now/minx/ftjs.1786843931.js:0
[ 2205949ms] [LOG] %c JSHandle@node @ https://www.fullhdfilmizlesene.now/minx/ftjs.1786843931.js:0
[ 2206461ms] [LOG] %c JSHandle@node @ https://www.fullhdfilmizlesene.now/minx/ftjs.1786843931.js:0
[ 2206958ms] [LOG] %c JSHandle@node @ https://www.fullhdfilmizlesene.now/minx/ftjs.1786843931.js:0
[ 2207456ms] [LOG] %c JSHandle@node @ https://www.fullhdfilmizlesene.now/minx/ftjs.1786843931.js:0
[ 2207952ms] [LOG] %c JSHandle@node @ https://www.fullhdfilmizlesene.now/minx/ftjs.1786843931.js:0
[ 2208451ms] [LOG] %c JSHandle@node @ https://www.fullhdfilmizlesene.now/minx/ftjs.1786843931.js:0
[ 2208950ms] [LOG] %c JSHandle@node @ https://www.fullhdfilmizlesene.now/minx/ftjs.1786843931.js:0
[ 2209450ms] [LOG] %c JSHandle@node @ https://www.fullhdfilmizlesene.now/minx/ftjs.1786843931.js:0
[ 2209963ms] [LOG] %c JSHandle@node @ https://www.fullhdfilmizlesene.now/minx/ftjs.1786843931.js:0
[ 2210461ms] [LOG] %c JSHandle@node @ https://www.fullhdfilmizlesene.now/minx/ftjs.1786843931.js:0
[ 2210959ms] [LOG] %c JSHandle@node @ https://www.fullhdfilmizlesene.now/minx/ftjs.1786843931.js:0
[ 2211457ms] [LOG] %c JSHandle@node @ https://www.fullhdfilmizlesene.now/minx/ftjs.1786843931.js:0
[ 2211954ms] [LOG] %c JSHandle@node @ https://www.fullhdfilmizlesene.now/minx/ftjs.1786843931.js:0
[ 2212450ms] [LOG] %c JSHandle@node @ https://www.fullhdfilmizlesene.now/minx/ftjs.1786843931.js:0
[ 2212961ms] [LOG] %c JSHandle@node @ https://www.fullhdfilmizlesene.now/minx/ftjs.1786843931.js:0
[ 2213456ms] [LOG] %c JSHandle@node @ https://www.fullhdfilmizlesene.now/minx/ftjs.1786843931.js:0
[ 2213954ms] [LOG] %c JSHandle@node @ https://www.fullhdfilmizlesene.now/minx/ftjs.1786843931.js:0
[ 2214449ms] [LOG] %c JSHandle@node @ https://www.fullhdfilmizlesene.now/minx/ftjs.1786843931.js:0
[ 2214963ms] [LOG] %c JSHandle@node @ https://www.fullhdfilmizlesene.now/minx/ftjs.1786843931.js:0
[ 2215462ms] [LOG] %c JSHandle@node @ https://www.fullhdfilmizlesene.now/minx/ftjs.1786843931.js:0
[ 2215955ms] [LOG] %c JSHandle@node @ https://www.fullhdfilmizlesene.now/minx/ftjs.1786843931.js:0
[ 2216461ms] [LOG] %c JSHandle@node @ https://www.fullhdfilmizlesene.now/minx/ftjs.1786843931.js:0
[ 2216963ms] [LOG] %c JSHandle@node @ https://www.fullhdfilmizlesene.now/minx/ftjs.1786843931.js:0
[ 2217449ms] [LOG] %c JSHandle@node @ https://www.fullhdfilmizlesene.now/minx/ftjs.1786843931.js:0
[ 2217963ms] [LOG] %c JSHandle@node @ https://www.fullhdfilmizlesene.now/minx/ftjs.1786843931.js:0
[ 2218462ms] [LOG] %c JSHandle@node @ https://www.fullhdfilmizlesene.now/minx/ftjs.1786843931.js:0
[ 2218960ms] [LOG] %c JSHandle@node @ https://www.fullhdfilmizlesene.now/minx/ftjs.1786843931.js:0
[ 2219458ms] [LOG] %c JSHandle@node @ https://www.fullhdfilmizlesene.now/minx/ftjs.1786843931.js:0
[ 2219956ms] [LOG] %c JSHandle@node @ https://www.fullhdfilmizlesene.now/minx/ftjs.1786843931.js:0
[ 2220460ms] [LOG] %c JSHandle@node @ https://www.fullhdfilmizlesene.now/minx/ftjs.1786843931.js:0
[ 2220956ms] [LOG] %c JSHandle@node @ https://www.fullhdfilmizlesene.now/minx/ftjs.1786843931.js:0
[ 2221454ms] [LOG] %c JSHandle@node @ https://www.fullhdfilmizlesene.now/minx/ftjs.1786843931.js:0
[ 2221955ms] [LOG] %c JSHandle@node @ https://www.fullhdfilmizlesene.now/minx/ftjs.1786843931.js:0
[ 2222454ms] [LOG] %c JSHandle@node @ https://www.fullhdfilmizlesene.now/minx/ftjs.1786843931.js:0
[ 2222953ms] [LOG] %c JSHandle@node @ https://www.fullhdfilmizlesene.now/minx/ftjs.1786843931.js:0
[ 2223462ms] [LOG] %c JSHandle@node @ https://www.fullhdfilmizlesene.now/minx/ftjs.1786843931.js:0
[ 2223963ms] [LOG] %c JSHandle@node @ https://www.fullhdfilmizlesene.now/minx/ftjs.1786843931.js:0
[ 2224448ms] [LOG] %c JSHandle@node @ https://www.fullhdfilmizlesene.now/minx/ftjs.1786843931.js:0
[ 2224962ms] [LOG] %c JSHandle@node @ https://www.fullhdfilmizlesene.now/minx/ftjs.1786843931.js:0
[ 2225461ms] [LOG] %c JSHandle@node @ https://www.fullhdfilmizlesene.now/minx/ftjs.1786843931.js:0
[ 2225958ms] [LOG] %c JSHandle@node @ https://www.fullhdfilmizlesene.now/minx/ftjs.1786843931.js:0
[ 2226460ms] [LOG] %c JSHandle@node @ https://www.fullhdfilmizlesene.now/minx/ftjs.1786843931.js:0
[ 2226960ms] [LOG] %c JSHandle@node @ https://www.fullhdfilmizlesene.now/minx/ftjs.1786843931.js:0
[ 2227457ms] [LOG] %c JSHandle@node @ https://www.fullhdfilmizlesene.now/minx/ftjs.1786843931.js:0
[ 2227955ms] [LOG] %c JSHandle@node @ https://www.fullhdfilmizlesene.now/minx/ftjs.1786843931.js:0
[ 2228455ms] [LOG] %c JSHandle@node @ https://www.fullhdfilmizlesene.now/minx/ftjs.1786843931.js:0
[ 2228956ms] [LOG] %c JSHandle@node @ https://www.fullhdfilmizlesene.now/minx/ftjs.1786843931.js:0
[ 2229457ms] [LOG] %c JSHandle@node @ https://www.fullhdfilmizlesene.now/minx/ftjs.1786843931.js:0
[ 2229954ms] [LOG] %c JSHandle@node @ https://www.fullhdfilmizlesene.now/minx/ftjs.1786843931.js:0
[ 2230450ms] [LOG] %c JSHandle@node @ https://www.fullhdfilmizlesene.now/minx/ftjs.1786843931.js:0
[ 2230962ms] [LOG] %c JSHandle@node @ https://www.fullhdfilmizlesene.now/minx/ftjs.1786843931.js:0
[ 2231461ms] [LOG] %c JSHandle@node @ https://www.fullhdfilmizlesene.now/minx/ftjs.1786843931.js:0
[ 2231960ms] [LOG] %c JSHandle@node @ https://www.fullhdfilmizlesene.now/minx/ftjs.1786843931.js:0
[ 2232455ms] [LOG] %c JSHandle@node @ https://www.fullhdfilmizlesene.now/minx/ftjs.1786843931.js:0
[ 2232954ms] [LOG] %c JSHandle@node @ https://www.fullhdfilmizlesene.now/minx/ftjs.1786843931.js:0
[ 2233455ms] [LOG] %c JSHandle@node @ https://www.fullhdfilmizlesene.now/minx/ftjs.1786843931.js:0
[ 2233953ms] [LOG] %c JSHandle@node @ https://www.fullhdfilmizlesene.now/minx/ftjs.1786843931.js:0
[ 2234452ms] [LOG] %c JSHandle@node @ https://www.fullhdfilmizlesene.now/minx/ftjs.1786843931.js:0
[ 2234948ms] [LOG] %c JSHandle@node @ https://www.fullhdfilmizlesene.now/minx/ftjs.1786843931.js:0
[ 2235457ms] [LOG] %c JSHandle@node @ https://www.fullhdfilmizlesene.now/minx/ftjs.1786843931.js:0
[ 2235953ms] [LOG] %c JSHandle@node @ https://www.fullhdfilmizlesene.now/minx/ftjs.1786843931.js:0
[ 2236452ms] [LOG] %c JSHandle@node @ https://www.fullhdfilmizlesene.now/minx/ftjs.1786843931.js:0
[ 2236951ms] [LOG] %c JSHandle@node @ https://www.fullhdfilmizlesene.now/minx/ftjs.1786843931.js:0
[ 2237463ms] [LOG] %c JSHandle@node @ https://www.fullhdfilmizlesene.now/minx/ftjs.1786843931.js:0
[ 2237956ms] [LOG] %c JSHandle@node @ https://www.fullhdfilmizlesene.now/minx/ftjs.1786843931.js:0
[ 2238455ms] [LOG] %c JSHandle@node @ https://www.fullhdfilmizlesene.now/minx/ftjs.1786843931.js:0
[ 2238954ms] [LOG] %c JSHandle@node @ https://www.fullhdfilmizlesene.now/minx/ftjs.1786843931.js:0
[ 2239450ms] [LOG] %c JSHandle@node @ https://www.fullhdfilmizlesene.now/minx/ftjs.1786843931.js:0
[ 2239961ms] [LOG] %c JSHandle@node @ https://www.fullhdfilmizlesene.now/minx/ftjs.1786843931.js:0
[ 2240457ms] [LOG] %c JSHandle@node @ https://www.fullhdfilmizlesene.now/minx/ftjs.1786843931.js:0
[ 2240954ms] [LOG] %c JSHandle@node @ https://www.fullhdfilmizlesene.now/minx/ftjs.1786843931.js:0
[ 2241453ms] [LOG] %c JSHandle@node @ https://www.fullhdfilmizlesene.now/minx/ftjs.1786843931.js:0
[ 2241950ms] [LOG] %c JSHandle@node @ https://www.fullhdfilmizlesene.now/minx/ftjs.1786843931.js:0
[ 2242450ms] [LOG] %c JSHandle@node @ https://www.fullhdfilmizlesene.now/minx/ftjs.1786843931.js:0
[ 2242949ms] [LOG] %c JSHandle@node @ https://www.fullhdfilmizlesene.now/minx/ftjs.1786843931.js:0
[ 2243462ms] [LOG] %c JSHandle@node @ https://www.fullhdfilmizlesene.now/minx/ftjs.1786843931.js:0
[ 2243959ms] [LOG] %c JSHandle@node @ https://www.fullhdfilmizlesene.now/minx/ftjs.1786843931.js:0
[ 2244460ms] [LOG] %c JSHandle@node @ https://www.fullhdfilmizlesene.now/minx/ftjs.1786843931.js:0
[ 2244959ms] [LOG] %c JSHandle@node @ https://www.fullhdfilmizlesene.now/minx/ftjs.1786843931.js:0
[ 2245455ms] [LOG] %c JSHandle@node @ https://www.fullhdfilmizlesene.now/minx/ftjs.1786843931.js:0
[ 2245954ms] [LOG] %c JSHandle@node @ https://www.fullhdfilmizlesene.now/minx/ftjs.1786843931.js:0
[ 2246454ms] [LOG] %c JSHandle@node @ https://www.fullhdfilmizlesene.now/minx/ftjs.1786843931.js:0
[ 2246953ms] [LOG] %c JSHandle@node @ https://www.fullhdfilmizlesene.now/minx/ftjs.1786843931.js:0
[ 2247449ms] [LOG] %c JSHandle@node @ https://www.fullhdfilmizlesene.now/minx/ftjs.1786843931.js:0
[ 2247949ms] [LOG] %c JSHandle@node @ https://www.fullhdfilmizlesene.now/minx/ftjs.1786843931.js:0
[ 2248463ms] [LOG] %c JSHandle@node @ https://www.fullhdfilmizlesene.now/minx/ftjs.1786843931.js:0
[ 2248952ms] [LOG] %c JSHandle@node @ https://www.fullhdfilmizlesene.now/minx/ftjs.1786843931.js:0
[ 2249455ms] [LOG] %c JSHandle@node @ https://www.fullhdfilmizlesene.now/minx/ftjs.1786843931.js:0
[ 2249950ms] [LOG] %c JSHandle@node @ https://www.fullhdfilmizlesene.now/minx/ftjs.1786843931.js:0
[ 2250462ms] [LOG] %c JSHandle@node @ https://www.fullhdfilmizlesene.now/minx/ftjs.1786843931.js:0
[ 2250963ms] [LOG] %c JSHandle@node @ https://www.fullhdfilmizlesene.now/minx/ftjs.1786843931.js:0
[ 2251461ms] [LOG] %c JSHandle@node @ https://www.fullhdfilmizlesene.now/minx/ftjs.1786843931.js:0
[ 2251958ms] [LOG] %c JSHandle@node @ https://www.fullhdfilmizlesene.now/minx/ftjs.1786843931.js:0
[ 2252460ms] [LOG] %c JSHandle@node @ https://www.fullhdfilmizlesene.now/minx/ftjs.1786843931.js:0
[ 2252954ms] [LOG] %c JSHandle@node @ https://www.fullhdfilmizlesene.now/minx/ftjs.1786843931.js:0
[ 2253458ms] [LOG] %c JSHandle@node @ https://www.fullhdfilmizlesene.now/minx/ftjs.1786843931.js:0
[ 2253957ms] [LOG] %c JSHandle@node @ https://www.fullhdfilmizlesene.now/minx/ftjs.1786843931.js:0
[ 2254458ms] [LOG] %c JSHandle@node @ https://www.fullhdfilmizlesene.now/minx/ftjs.1786843931.js:0
[ 2254957ms] [LOG] %c JSHandle@node @ https://www.fullhdfilmizlesene.now/minx/ftjs.1786843931.js:0
[ 2255453ms] [LOG] %c JSHandle@node @ https://www.fullhdfilmizlesene.now/minx/ftjs.1786843931.js:0
[ 2255952ms] [LOG] %c JSHandle@node @ https://www.fullhdfilmizlesene.now/minx/ftjs.1786843931.js:0
[ 2256463ms] [LOG] %c JSHandle@node @ https://www.fullhdfilmizlesene.now/minx/ftjs.1786843931.js:0
[ 2256949ms] [LOG] %c JSHandle@node @ https://www.fullhdfilmizlesene.now/minx/ftjs.1786843931.js:0
[ 2257449ms] [LOG] %c JSHandle@node @ https://www.fullhdfilmizlesene.now/minx/ftjs.1786843931.js:0
[ 2257951ms] [LOG] %c JSHandle@node @ https://www.fullhdfilmizlesene.now/minx/ftjs.1786843931.js:0
[ 2258453ms] [LOG] %c JSHandle@node @ https://www.fullhdfilmizlesene.now/minx/ftjs.1786843931.js:0
[ 2258956ms] [LOG] %c JSHandle@node @ https://www.fullhdfilmizlesene.now/minx/ftjs.1786843931.js:0
[ 2259455ms] [LOG] %c JSHandle@node @ https://www.fullhdfilmizlesene.now/minx/ftjs.1786843931.js:0
[ 2259954ms] [LOG] %c JSHandle@node @ https://www.fullhdfilmizlesene.now/minx/ftjs.1786843931.js:0
[ 2260453ms] [LOG] %c JSHandle@node @ https://www.fullhdfilmizlesene.now/minx/ftjs.1786843931.js:0
[ 2260955ms] [LOG] %c JSHandle@node @ https://www.fullhdfilmizlesene.now/minx/ftjs.1786843931.js:0
[ 2261455ms] [LOG] %c JSHandle@node @ https://www.fullhdfilmizlesene.now/minx/ftjs.1786843931.js:0
[ 2261953ms] [LOG] %c JSHandle@node @ https://www.fullhdfilmizlesene.now/minx/ftjs.1786843931.js:0
[ 2262456ms] [LOG] %c JSHandle@node @ https://www.fullhdfilmizlesene.now/minx/ftjs.1786843931.js:0
[ 2262955ms] [LOG] %c JSHandle@node @ https://www.fullhdfilmizlesene.now/minx/ftjs.1786843931.js:0
[ 2263455ms] [LOG] %c JSHandle@node @ https://www.fullhdfilmizlesene.now/minx/ftjs.1786843931.js:0
[ 2263952ms] [LOG] %c JSHandle@node @ https://www.fullhdfilmizlesene.now/minx/ftjs.1786843931.js:0
[ 2264449ms] [LOG] %c JSHandle@node @ https://www.fullhdfilmizlesene.now/minx/ftjs.1786843931.js:0
[ 2264960ms] [LOG] %c JSHandle@node @ https://www.fullhdfilmizlesene.now/minx/ftjs.1786843931.js:0
[ 2265460ms] [LOG] %c JSHandle@node @ https://www.fullhdfilmizlesene.now/minx/ftjs.1786843931.js:0
[ 2265959ms] [LOG] %c JSHandle@node @ https://www.fullhdfilmizlesene.now/minx/ftjs.1786843931.js:0
[ 2266453ms] [LOG] %c JSHandle@node @ https://www.fullhdfilmizlesene.now/minx/ftjs.1786843931.js:0
[ 2266954ms] [LOG] %c JSHandle@node @ https://www.fullhdfilmizlesene.now/minx/ftjs.1786843931.js:0
[ 2267450ms] [LOG] %c JSHandle@node @ https://www.fullhdfilmizlesene.now/minx/ftjs.1786843931.js:0
[ 2267964ms] [LOG] %c JSHandle@node @ https://www.fullhdfilmizlesene.now/minx/ftjs.1786843931.js:0
[ 2268462ms] [LOG] %c JSHandle@node @ https://www.fullhdfilmizlesene.now/minx/ftjs.1786843931.js:0
[ 2268961ms] [LOG] %c JSHandle@node @ https://www.fullhdfilmizlesene.now/minx/ftjs.1786843931.js:0
[ 2269459ms] [LOG] %c JSHandle@node @ https://www.fullhdfilmizlesene.now/minx/ftjs.1786843931.js:0
[ 2269958ms] [LOG] %c JSHandle@node @ https://www.fullhdfilmizlesene.now/minx/ftjs.1786843931.js:0
[ 2270456ms] [LOG] %c JSHandle@node @ https://www.fullhdfilmizlesene.now/minx/ftjs.1786843931.js:0
[ 2270953ms] [LOG] %c JSHandle@node @ https://www.fullhdfilmizlesene.now/minx/ftjs.1786843931.js:0
[ 2271449ms] [LOG] %c JSHandle@node @ https://www.fullhdfilmizlesene.now/minx/ftjs.1786843931.js:0
[ 2271951ms] [LOG] %c JSHandle@node @ https://www.fullhdfilmizlesene.now/minx/ftjs.1786843931.js:0
[ 2272463ms] [LOG] %c JSHandle@node @ https://www.fullhdfilmizlesene.now/minx/ftjs.1786843931.js:0
[ 2272963ms] [LOG] %c JSHandle@node @ https://www.fullhdfilmizlesene.now/minx/ftjs.1786843931.js:0
[ 2273461ms] [LOG] %c JSHandle@node @ https://www.fullhdfilmizlesene.now/minx/ftjs.1786843931.js:0
[ 2273960ms] [LOG] %c JSHandle@node @ https://www.fullhdfilmizlesene.now/minx/ftjs.1786843931.js:0
[ 2274457ms] [LOG] %c JSHandle@node @ https://www.fullhdfilmizlesene.now/minx/ftjs.1786843931.js:0
[ 2274951ms] [LOG] %c JSHandle@node @ https://www.fullhdfilmizlesene.now/minx/ftjs.1786843931.js:0
[ 2275457ms] [LOG] %c JSHandle@node @ https://www.fullhdfilmizlesene.now/minx/ftjs.1786843931.js:0
[ 2275963ms] [LOG] %c JSHandle@node @ https://www.fullhdfilmizlesene.now/minx/ftjs.1786843931.js:0
[ 2276461ms] [LOG] %c JSHandle@node @ https://www.fullhdfilmizlesene.now/minx/ftjs.1786843931.js:0
[ 2276949ms] [LOG] %c JSHandle@node @ https://www.fullhdfilmizlesene.now/minx/ftjs.1786843931.js:0
[ 2277458ms] [LOG] %c JSHandle@node @ https://www.fullhdfilmizlesene.now/minx/ftjs.1786843931.js:0
[ 2277953ms] [LOG] %c JSHandle@node @ https://www.fullhdfilmizlesene.now/minx/ftjs.1786843931.js:0
[ 2278451ms] [LOG] %c JSHandle@node @ https://www.fullhdfilmizlesene.now/minx/ftjs.1786843931.js:0
[ 2278949ms] [LOG] %c JSHandle@node @ https://www.fullhdfilmizlesene.now/minx/ftjs.1786843931.js:0
[ 2279448ms] [LOG] %c JSHandle@node @ https://www.fullhdfilmizlesene.now/minx/ftjs.1786843931.js:0
[ 2279963ms] [LOG] %c JSHandle@node @ https://www.fullhdfilmizlesene.now/minx/ftjs.1786843931.js:0
[ 2280460ms] [LOG] %c JSHandle@node @ https://www.fullhdfilmizlesene.now/minx/ftjs.1786843931.js:0
[ 2280957ms] [LOG] %c JSHandle@node @ https://www.fullhdfilmizlesene.now/minx/ftjs.1786843931.js:0
[ 2281457ms] [LOG] %c JSHandle@node @ https://www.fullhdfilmizlesene.now/minx/ftjs.1786843931.js:0
[ 2281955ms] [LOG] %c JSHandle@node @ https://www.fullhdfilmizlesene.now/minx/ftjs.1786843931.js:0
[ 2282456ms] [LOG] %c JSHandle@node @ https://www.fullhdfilmizlesene.now/minx/ftjs.1786843931.js:0
[ 2282964ms] [LOG] %c JSHandle@node @ https://www.fullhdfilmizlesene.now/minx/ftjs.1786843931.js:0
[ 2283461ms] [LOG] %c JSHandle@node @ https://www.fullhdfilmizlesene.now/minx/ftjs.1786843931.js:0
[ 2283957ms] [LOG] %c JSHandle@node @ https://www.fullhdfilmizlesene.now/minx/ftjs.1786843931.js:0
[ 2284456ms] [LOG] %c JSHandle@node @ https://www.fullhdfilmizlesene.now/minx/ftjs.1786843931.js:0
[ 2284954ms] [LOG] %c JSHandle@node @ https://www.fullhdfilmizlesene.now/minx/ftjs.1786843931.js:0
[ 2285449ms] [LOG] %c JSHandle@node @ https://www.fullhdfilmizlesene.now/minx/ftjs.1786843931.js:0
[ 2285963ms] [LOG] %c JSHandle@node @ https://www.fullhdfilmizlesene.now/minx/ftjs.1786843931.js:0
[ 2286463ms] [LOG] %c JSHandle@node @ https://www.fullhdfilmizlesene.now/minx/ftjs.1786843931.js:0
[ 2286962ms] [LOG] %c JSHandle@node @ https://www.fullhdfilmizlesene.now/minx/ftjs.1786843931.js:0
[ 2287460ms] [LOG] %c JSHandle@node @ https://www.fullhdfilmizlesene.now/minx/ftjs.1786843931.js:0
[ 2287949ms] [LOG] %c JSHandle@node @ https://www.fullhdfilmizlesene.now/minx/ftjs.1786843931.js:0
[ 2288454ms] [LOG] %c JSHandle@node @ https://www.fullhdfilmizlesene.now/minx/ftjs.1786843931.js:0
[ 2288952ms] [LOG] %c JSHandle@node @ https://www.fullhdfilmizlesene.now/minx/ftjs.1786843931.js:0
[ 2289462ms] [LOG] %c JSHandle@node @ https://www.fullhdfilmizlesene.now/minx/ftjs.1786843931.js:0
[ 2289958ms] [LOG] %c JSHandle@node @ https://www.fullhdfilmizlesene.now/minx/ftjs.1786843931.js:0
[ 2290457ms] [LOG] %c JSHandle@node @ https://www.fullhdfilmizlesene.now/minx/ftjs.1786843931.js:0
[ 2290955ms] [LOG] %c JSHandle@node @ https://www.fullhdfilmizlesene.now/minx/ftjs.1786843931.js:0
[ 2291451ms] [LOG] %c JSHandle@node @ https://www.fullhdfilmizlesene.now/minx/ftjs.1786843931.js:0
[ 2291950ms] [LOG] %c JSHandle@node @ https://www.fullhdfilmizlesene.now/minx/ftjs.1786843931.js:0
[ 2292463ms] [LOG] %c JSHandle@node @ https://www.fullhdfilmizlesene.now/minx/ftjs.1786843931.js:0
[ 2292958ms] [LOG] %c JSHandle@node @ https://www.fullhdfilmizlesene.now/minx/ftjs.1786843931.js:0
[ 2293455ms] [LOG] %c JSHandle@node @ https://www.fullhdfilmizlesene.now/minx/ftjs.1786843931.js:0
[ 2293955ms] [LOG] %c JSHandle@node @ https://www.fullhdfilmizlesene.now/minx/ftjs.1786843931.js:0
[ 2294452ms] [LOG] %c JSHandle@node @ https://www.fullhdfilmizlesene.now/minx/ftjs.1786843931.js:0
[ 2294962ms] [LOG] %c JSHandle@node @ https://www.fullhdfilmizlesene.now/minx/ftjs.1786843931.js:0
[ 2295456ms] [LOG] %c JSHandle@node @ https://www.fullhdfilmizlesene.now/minx/ftjs.1786843931.js:0
[ 2295956ms] [LOG] %c JSHandle@node @ https://www.fullhdfilmizlesene.now/minx/ftjs.1786843931.js:0
[ 2296455ms] [LOG] %c JSHandle@node @ https://www.fullhdfilmizlesene.now/minx/ftjs.1786843931.js:0
[ 2296954ms] [LOG] %c JSHandle@node @ https://www.fullhdfilmizlesene.now/minx/ftjs.1786843931.js:0
[ 2297451ms] [LOG] %c JSHandle@node @ https://www.fullhdfilmizlesene.now/minx/ftjs.1786843931.js:0
[ 2297950ms] [LOG] %c JSHandle@node @ https://www.fullhdfilmizlesene.now/minx/ftjs.1786843931.js:0
[ 2298461ms] [LOG] %c JSHandle@node @ https://www.fullhdfilmizlesene.now/minx/ftjs.1786843931.js:0
[ 2298959ms] [LOG] %c JSHandle@node @ https://www.fullhdfilmizlesene.now/minx/ftjs.1786843931.js:0
[ 2299457ms] [LOG] %c JSHandle@node @ https://www.fullhdfilmizlesene.now/minx/ftjs.1786843931.js:0
[ 2299954ms] [LOG] %c JSHandle@node @ https://www.fullhdfilmizlesene.now/minx/ftjs.1786843931.js:0
[ 2300453ms] [LOG] %c JSHandle@node @ https://www.fullhdfilmizlesene.now/minx/ftjs.1786843931.js:0
[ 2300949ms] [LOG] %c JSHandle@node @ https://www.fullhdfilmizlesene.now/minx/ftjs.1786843931.js:0
[ 2301448ms] [LOG] %c JSHandle@node @ https://www.fullhdfilmizlesene.now/minx/ftjs.1786843931.js:0
[ 2301949ms] [LOG] %c JSHandle@node @ https://www.fullhdfilmizlesene.now/minx/ftjs.1786843931.js:0
[ 2302458ms] [LOG] %c JSHandle@node @ https://www.fullhdfilmizlesene.now/minx/ftjs.1786843931.js:0
[ 2302959ms] [LOG] %c JSHandle@node @ https://www.fullhdfilmizlesene.now/minx/ftjs.1786843931.js:0
[ 2303448ms] [LOG] %c JSHandle@node @ https://www.fullhdfilmizlesene.now/minx/ftjs.1786843931.js:0
[ 2303951ms] [LOG] %c JSHandle@node @ https://www.fullhdfilmizlesene.now/minx/ftjs.1786843931.js:0
[ 2304449ms] [LOG] %c JSHandle@node @ https://www.fullhdfilmizlesene.now/minx/ftjs.1786843931.js:0
[ 2304962ms] [LOG] %c JSHandle@node @ https://www.fullhdfilmizlesene.now/minx/ftjs.1786843931.js:0
[ 2305454ms] [LOG] %c JSHandle@node @ https://www.fullhdfilmizlesene.now/minx/ftjs.1786843931.js:0
[ 2305953ms] [LOG] %c JSHandle@node @ https://www.fullhdfilmizlesene.now/minx/ftjs.1786843931.js:0
[ 2306462ms] [LOG] %c JSHandle@node @ https://www.fullhdfilmizlesene.now/minx/ftjs.1786843931.js:0
[ 2306962ms] [LOG] %c JSHandle@node @ https://www.fullhdfilmizlesene.now/minx/ftjs.1786843931.js:0
[ 2307462ms] [LOG] %c JSHandle@node @ https://www.fullhdfilmizlesene.now/minx/ftjs.1786843931.js:0
[ 2307960ms] [LOG] %c JSHandle@node @ https://www.fullhdfilmizlesene.now/minx/ftjs.1786843931.js:0
[ 2308457ms] [LOG] %c JSHandle@node @ https://www.fullhdfilmizlesene.now/minx/ftjs.1786843931.js:0
[ 2308957ms] [LOG] %c JSHandle@node @ https://www.fullhdfilmizlesene.now/minx/ftjs.1786843931.js:0
[ 2309454ms] [LOG] %c JSHandle@node @ https://www.fullhdfilmizlesene.now/minx/ftjs.1786843931.js:0
[ 2309951ms] [LOG] %c JSHandle@node @ https://www.fullhdfilmizlesene.now/minx/ftjs.1786843931.js:0
[ 2310463ms] [LOG] %c JSHandle@node @ https://www.fullhdfilmizlesene.now/minx/ftjs.1786843931.js:0
[ 2310961ms] [LOG] %c JSHandle@node @ https://www.fullhdfilmizlesene.now/minx/ftjs.1786843931.js:0
[ 2311450ms] [LOG] %c JSHandle@node @ https://www.fullhdfilmizlesene.now/minx/ftjs.1786843931.js:0
[ 2311963ms] [LOG] %c JSHandle@node @ https://www.fullhdfilmizlesene.now/minx/ftjs.1786843931.js:0
[ 2312463ms] [LOG] %c JSHandle@node @ https://www.fullhdfilmizlesene.now/minx/ftjs.1786843931.js:0
[ 2312956ms] [LOG] %c JSHandle@node @ https://www.fullhdfilmizlesene.now/minx/ftjs.1786843931.js:0
[ 2313460ms] [LOG] %c JSHandle@node @ https://www.fullhdfilmizlesene.now/minx/ftjs.1786843931.js:0
[ 2313957ms] [LOG] %c JSHandle@node @ https://www.fullhdfilmizlesene.now/minx/ftjs.1786843931.js:0
[ 2314450ms] [LOG] %c JSHandle@node @ https://www.fullhdfilmizlesene.now/minx/ftjs.1786843931.js:0
[ 2314950ms] [LOG] %c JSHandle@node @ https://www.fullhdfilmizlesene.now/minx/ftjs.1786843931.js:0
[ 2315454ms] [LOG] %c JSHandle@node @ https://www.fullhdfilmizlesene.now/minx/ftjs.1786843931.js:0
[ 2315951ms] [LOG] %c JSHandle@node @ https://www.fullhdfilmizlesene.now/minx/ftjs.1786843931.js:0
[ 2316451ms] [LOG] %c JSHandle@node @ https://www.fullhdfilmizlesene.now/minx/ftjs.1786843931.js:0
[ 2316950ms] [LOG] %c JSHandle@node @ https://www.fullhdfilmizlesene.now/minx/ftjs.1786843931.js:0
[ 2317448ms] [LOG] %c JSHandle@node @ https://www.fullhdfilmizlesene.now/minx/ftjs.1786843931.js:0
[ 2317949ms] [LOG] %c JSHandle@node @ https://www.fullhdfilmizlesene.now/minx/ftjs.1786843931.js:0
[ 2318463ms] [LOG] %c JSHandle@node @ https://www.fullhdfilmizlesene.now/minx/ftjs.1786843931.js:0
[ 2318956ms] [LOG] %c JSHandle@node @ https://www.fullhdfilmizlesene.now/minx/ftjs.1786843931.js:0
[ 2319448ms] [LOG] %c JSHandle@node @ https://www.fullhdfilmizlesene.now/minx/ftjs.1786843931.js:0
[ 2319957ms] [LOG] %c JSHandle@node @ https://www.fullhdfilmizlesene.now/minx/ftjs.1786843931.js:0
[ 2320458ms] [LOG] %c JSHandle@node @ https://www.fullhdfilmizlesene.now/minx/ftjs.1786843931.js:0
[ 2320950ms] [LOG] %c JSHandle@node @ https://www.fullhdfilmizlesene.now/minx/ftjs.1786843931.js:0
[ 2321449ms] [LOG] %c JSHandle@node @ https://www.fullhdfilmizlesene.now/minx/ftjs.1786843931.js:0
[ 2321951ms] [LOG] %c JSHandle@node @ https://www.fullhdfilmizlesene.now/minx/ftjs.1786843931.js:0
[ 2322451ms] [LOG] %c JSHandle@node @ https://www.fullhdfilmizlesene.now/minx/ftjs.1786843931.js:0
[ 2322952ms] [LOG] %c JSHandle@node @ https://www.fullhdfilmizlesene.now/minx/ftjs.1786843931.js:0
[ 2323449ms] [LOG] %c JSHandle@node @ https://www.fullhdfilmizlesene.now/minx/ftjs.1786843931.js:0
[ 2323949ms] [LOG] %c JSHandle@node @ https://www.fullhdfilmizlesene.now/minx/ftjs.1786843931.js:0
[ 2324458ms] [LOG] %c JSHandle@node @ https://www.fullhdfilmizlesene.now/minx/ftjs.1786843931.js:0
[ 2324957ms] [LOG] %c JSHandle@node @ https://www.fullhdfilmizlesene.now/minx/ftjs.1786843931.js:0
[ 2325451ms] [LOG] %c JSHandle@node @ https://www.fullhdfilmizlesene.now/minx/ftjs.1786843931.js:0
[ 2325953ms] [LOG] %c JSHandle@node @ https://www.fullhdfilmizlesene.now/minx/ftjs.1786843931.js:0
[ 2326455ms] [LOG] %c JSHandle@node @ https://www.fullhdfilmizlesene.now/minx/ftjs.1786843931.js:0
[ 2326951ms] [LOG] %c JSHandle@node @ https://www.fullhdfilmizlesene.now/minx/ftjs.1786843931.js:0
[ 2327449ms] [LOG] %c JSHandle@node @ https://www.fullhdfilmizlesene.now/minx/ftjs.1786843931.js:0
[ 2327962ms] [LOG] %c JSHandle@node @ https://www.fullhdfilmizlesene.now/minx/ftjs.1786843931.js:0
[ 2328457ms] [LOG] %c JSHandle@node @ https://www.fullhdfilmizlesene.now/minx/ftjs.1786843931.js:0
[ 2328953ms] [LOG] %c JSHandle@node @ https://www.fullhdfilmizlesene.now/minx/ftjs.1786843931.js:0
[ 2329450ms] [LOG] %c JSHandle@node @ https://www.fullhdfilmizlesene.now/minx/ftjs.1786843931.js:0
[ 2329950ms] [LOG] %c JSHandle@node @ https://www.fullhdfilmizlesene.now/minx/ftjs.1786843931.js:0
[ 2330452ms] [LOG] %c JSHandle@node @ https://www.fullhdfilmizlesene.now/minx/ftjs.1786843931.js:0
[ 2330962ms] [LOG] %c JSHandle@node @ https://www.fullhdfilmizlesene.now/minx/ftjs.1786843931.js:0
[ 2331455ms] [LOG] %c JSHandle@node @ https://www.fullhdfilmizlesene.now/minx/ftjs.1786843931.js:0
[ 2331964ms] [LOG] %c JSHandle@node @ https://www.fullhdfilmizlesene.now/minx/ftjs.1786843931.js:0
[ 2332460ms] [LOG] %c JSHandle@node @ https://www.fullhdfilmizlesene.now/minx/ftjs.1786843931.js:0
[ 2332956ms] [LOG] %c JSHandle@node @ https://www.fullhdfilmizlesene.now/minx/ftjs.1786843931.js:0
[ 2333455ms] [LOG] %c JSHandle@node @ https://www.fullhdfilmizlesene.now/minx/ftjs.1786843931.js:0
[ 2333952ms] [LOG] %c JSHandle@node @ https://www.fullhdfilmizlesene.now/minx/ftjs.1786843931.js:0
[ 2334451ms] [LOG] %c JSHandle@node @ https://www.fullhdfilmizlesene.now/minx/ftjs.1786843931.js:0
[ 2334954ms] [LOG] %c JSHandle@node @ https://www.fullhdfilmizlesene.now/minx/ftjs.1786843931.js:0
[ 2335462ms] [LOG] %c JSHandle@node @ https://www.fullhdfilmizlesene.now/minx/ftjs.1786843931.js:0
[ 2335958ms] [LOG] %c JSHandle@node @ https://www.fullhdfilmizlesene.now/minx/ftjs.1786843931.js:0
[ 2336460ms] [LOG] %c JSHandle@node @ https://www.fullhdfilmizlesene.now/minx/ftjs.1786843931.js:0
[ 2336955ms] [LOG] %c JSHandle@node @ https://www.fullhdfilmizlesene.now/minx/ftjs.1786843931.js:0
[ 2337452ms] [LOG] %c JSHandle@node @ https://www.fullhdfilmizlesene.now/minx/ftjs.1786843931.js:0
[ 2337950ms] [LOG] %c JSHandle@node @ https://www.fullhdfilmizlesene.now/minx/ftjs.1786843931.js:0
[ 2338463ms] [LOG] %c JSHandle@node @ https://www.fullhdfilmizlesene.now/minx/ftjs.1786843931.js:0
[ 2338957ms] [LOG] %c JSHandle@node @ https://www.fullhdfilmizlesene.now/minx/ftjs.1786843931.js:0
[ 2339456ms] [LOG] %c JSHandle@node @ https://www.fullhdfilmizlesene.now/minx/ftjs.1786843931.js:0
[ 2339953ms] [LOG] %c JSHandle@node @ https://www.fullhdfilmizlesene.now/minx/ftjs.1786843931.js:0
[ 2340462ms] [LOG] %c JSHandle@node @ https://www.fullhdfilmizlesene.now/minx/ftjs.1786843931.js:0
[ 2340949ms] [LOG] %c JSHandle@node @ https://www.fullhdfilmizlesene.now/minx/ftjs.1786843931.js:0
[ 2341458ms] [LOG] %c JSHandle@node @ https://www.fullhdfilmizlesene.now/minx/ftjs.1786843931.js:0
[ 2341951ms] [LOG] %c JSHandle@node @ https://www.fullhdfilmizlesene.now/minx/ftjs.1786843931.js:0
[ 2342454ms] [LOG] %c JSHandle@node @ https://www.fullhdfilmizlesene.now/minx/ftjs.1786843931.js:0
[ 2342951ms] [LOG] %c JSHandle@node @ https://www.fullhdfilmizlesene.now/minx/ftjs.1786843931.js:0
[ 2343449ms] [LOG] %c JSHandle@node @ https://www.fullhdfilmizlesene.now/minx/ftjs.1786843931.js:0
[ 2343953ms] [LOG] %c JSHandle@node @ https://www.fullhdfilmizlesene.now/minx/ftjs.1786843931.js:0
[ 2344451ms] [LOG] %c JSHandle@node @ https://www.fullhdfilmizlesene.now/minx/ftjs.1786843931.js:0
[ 2344950ms] [LOG] %c JSHandle@node @ https://www.fullhdfilmizlesene.now/minx/ftjs.1786843931.js:0
[ 2345458ms] [LOG] %c JSHandle@node @ https://www.fullhdfilmizlesene.now/minx/ftjs.1786843931.js:0
[ 2345951ms] [LOG] %c JSHandle@node @ https://www.fullhdfilmizlesene.now/minx/ftjs.1786843931.js:0
[ 2346453ms] [LOG] %c JSHandle@node @ https://www.fullhdfilmizlesene.now/minx/ftjs.1786843931.js:0
[ 2346951ms] [LOG] %c JSHandle@node @ https://www.fullhdfilmizlesene.now/minx/ftjs.1786843931.js:0
[ 2347462ms] [LOG] %c JSHandle@node @ https://www.fullhdfilmizlesene.now/minx/ftjs.1786843931.js:0
[ 2347960ms] [LOG] %c JSHandle@node @ https://www.fullhdfilmizlesene.now/minx/ftjs.1786843931.js:0
[ 2348458ms] [LOG] %c JSHandle@node @ https://www.fullhdfilmizlesene.now/minx/ftjs.1786843931.js:0
[ 2348960ms] [LOG] %c JSHandle@node @ https://www.fullhdfilmizlesene.now/minx/ftjs.1786843931.js:0
[ 2349450ms] [LOG] %c JSHandle@node @ https://www.fullhdfilmizlesene.now/minx/ftjs.1786843931.js:0
[ 2349949ms] [LOG] %c JSHandle@node @ https://www.fullhdfilmizlesene.now/minx/ftjs.1786843931.js:0
[ 2350454ms] [LOG] %c JSHandle@node @ https://www.fullhdfilmizlesene.now/minx/ftjs.1786843931.js:0
[ 2350953ms] [LOG] %c JSHandle@node @ https://www.fullhdfilmizlesene.now/minx/ftjs.1786843931.js:0
[ 2351450ms] [LOG] %c JSHandle@node @ https://www.fullhdfilmizlesene.now/minx/ftjs.1786843931.js:0
[ 2351962ms] [LOG] %c JSHandle@node @ https://www.fullhdfilmizlesene.now/minx/ftjs.1786843931.js:0
[ 2352459ms] [LOG] %c JSHandle@node @ https://www.fullhdfilmizlesene.now/minx/ftjs.1786843931.js:0
[ 2352958ms] [LOG] %c JSHandle@node @ https://www.fullhdfilmizlesene.now/minx/ftjs.1786843931.js:0
[ 2353450ms] [LOG] %c JSHandle@node @ https://www.fullhdfilmizlesene.now/minx/ftjs.1786843931.js:0
[ 2353955ms] [LOG] %c JSHandle@node @ https://www.fullhdfilmizlesene.now/minx/ftjs.1786843931.js:0
[ 2354454ms] [LOG] %c JSHandle@node @ https://www.fullhdfilmizlesene.now/minx/ftjs.1786843931.js:0
[ 2354952ms] [LOG] %c JSHandle@node @ https://www.fullhdfilmizlesene.now/minx/ftjs.1786843931.js:0
[ 2355449ms] [LOG] %c JSHandle@node @ https://www.fullhdfilmizlesene.now/minx/ftjs.1786843931.js:0
[ 2355951ms] [LOG] %c JSHandle@node @ https://www.fullhdfilmizlesene.now/minx/ftjs.1786843931.js:0
[ 2356460ms] [LOG] %c JSHandle@node @ https://www.fullhdfilmizlesene.now/minx/ftjs.1786843931.js:0
[ 2356959ms] [LOG] %c JSHandle@node @ https://www.fullhdfilmizlesene.now/minx/ftjs.1786843931.js:0
[ 2357457ms] [LOG] %c JSHandle@node @ https://www.fullhdfilmizlesene.now/minx/ftjs.1786843931.js:0
[ 2357951ms] [LOG] %c JSHandle@node @ https://www.fullhdfilmizlesene.now/minx/ftjs.1786843931.js:0
[ 2358448ms] [LOG] %c JSHandle@node @ https://www.fullhdfilmizlesene.now/minx/ftjs.1786843931.js:0
[ 2358958ms] [LOG] %c JSHandle@node @ https://www.fullhdfilmizlesene.now/minx/ftjs.1786843931.js:0
[ 2359457ms] [LOG] %c JSHandle@node @ https://www.fullhdfilmizlesene.now/minx/ftjs.1786843931.js:0
[ 2359957ms] [LOG] %c JSHandle@node @ https://www.fullhdfilmizlesene.now/minx/ftjs.1786843931.js:0
[ 2360457ms] [LOG] %c JSHandle@node @ https://www.fullhdfilmizlesene.now/minx/ftjs.1786843931.js:0
[ 2360955ms] [LOG] %c JSHandle@node @ https://www.fullhdfilmizlesene.now/minx/ftjs.1786843931.js:0
[ 2361451ms] [LOG] %c JSHandle@node @ https://www.fullhdfilmizlesene.now/minx/ftjs.1786843931.js:0
[ 2361949ms] [LOG] %c JSHandle@node @ https://www.fullhdfilmizlesene.now/minx/ftjs.1786843931.js:0
[ 2362463ms] [LOG] %c JSHandle@node @ https://www.fullhdfilmizlesene.now/minx/ftjs.1786843931.js:0
[ 2362948ms] [LOG] %c JSHandle@node @ https://www.fullhdfilmizlesene.now/minx/ftjs.1786843931.js:0
[ 2363459ms] [LOG] %c JSHandle@node @ https://www.fullhdfilmizlesene.now/minx/ftjs.1786843931.js:0
[ 2363958ms] [LOG] %c JSHandle@node @ https://www.fullhdfilmizlesene.now/minx/ftjs.1786843931.js:0
[ 2364456ms] [LOG] %c JSHandle@node @ https://www.fullhdfilmizlesene.now/minx/ftjs.1786843931.js:0
[ 2364950ms] [LOG] %c JSHandle@node @ https://www.fullhdfilmizlesene.now/minx/ftjs.1786843931.js:0
[ 2365449ms] [LOG] %c JSHandle@node @ https://www.fullhdfilmizlesene.now/minx/ftjs.1786843931.js:0
[ 2365959ms] [LOG] %c JSHandle@node @ https://www.fullhdfilmizlesene.now/minx/ftjs.1786843931.js:0
[ 2366460ms] [LOG] %c JSHandle@node @ https://www.fullhdfilmizlesene.now/minx/ftjs.1786843931.js:0
[ 2366958ms] [LOG] %c JSHandle@node @ https://www.fullhdfilmizlesene.now/minx/ftjs.1786843931.js:0
[ 2367456ms] [LOG] %c JSHandle@node @ https://www.fullhdfilmizlesene.now/minx/ftjs.1786843931.js:0
[ 2367951ms] [LOG] %c JSHandle@node @ https://www.fullhdfilmizlesene.now/minx/ftjs.1786843931.js:0
[ 2368448ms] [LOG] %c JSHandle@node @ https://www.fullhdfilmizlesene.now/minx/ftjs.1786843931.js:0
[ 2368949ms] [LOG] %c JSHandle@node @ https://www.fullhdfilmizlesene.now/minx/ftjs.1786843931.js:0
[ 2369460ms] [LOG] %c JSHandle@node @ https://www.fullhdfilmizlesene.now/minx/ftjs.1786843931.js:0
[ 2369961ms] [LOG] %c JSHandle@node @ https://www.fullhdfilmizlesene.now/minx/ftjs.1786843931.js:0
[ 2370457ms] [LOG] %c JSHandle@node @ https://www.fullhdfilmizlesene.now/minx/ftjs.1786843931.js:0
[ 2370952ms] [LOG] %c JSHandle@node @ https://www.fullhdfilmizlesene.now/minx/ftjs.1786843931.js:0
[ 2371454ms] [LOG] %c JSHandle@node @ https://www.fullhdfilmizlesene.now/minx/ftjs.1786843931.js:0
[ 2371950ms] [LOG] %c JSHandle@node @ https://www.fullhdfilmizlesene.now/minx/ftjs.1786843931.js:0
[ 2372454ms] [LOG] %c JSHandle@node @ https://www.fullhdfilmizlesene.now/minx/ftjs.1786843931.js:0
[ 2372955ms] [LOG] %c JSHandle@node @ https://www.fullhdfilmizlesene.now/minx/ftjs.1786843931.js:0
[ 2373449ms] [LOG] %c JSHandle@node @ https://www.fullhdfilmizlesene.now/minx/ftjs.1786843931.js:0
[ 2373954ms] [LOG] %c JSHandle@node @ https://www.fullhdfilmizlesene.now/minx/ftjs.1786843931.js:0
[ 2374452ms] [LOG] %c JSHandle@node @ https://www.fullhdfilmizlesene.now/minx/ftjs.1786843931.js:0
[ 2374955ms] [LOG] %c JSHandle@node @ https://www.fullhdfilmizlesene.now/minx/ftjs.1786843931.js:0
[ 2375451ms] [LOG] %c JSHandle@node @ https://www.fullhdfilmizlesene.now/minx/ftjs.1786843931.js:0
[ 2375958ms] [LOG] %c JSHandle@node @ https://www.fullhdfilmizlesene.now/minx/ftjs.1786843931.js:0
[ 2376456ms] [LOG] %c JSHandle@node @ https://www.fullhdfilmizlesene.now/minx/ftjs.1786843931.js:0
[ 2376953ms] [LOG] %c JSHandle@node @ https://www.fullhdfilmizlesene.now/minx/ftjs.1786843931.js:0
[ 2377462ms] [LOG] %c JSHandle@node @ https://www.fullhdfilmizlesene.now/minx/ftjs.1786843931.js:0
[ 2377961ms] [LOG] %c JSHandle@node @ https://www.fullhdfilmizlesene.now/minx/ftjs.1786843931.js:0
[ 2378461ms] [LOG] %c JSHandle@node @ https://www.fullhdfilmizlesene.now/minx/ftjs.1786843931.js:0
[ 2378960ms] [LOG] %c JSHandle@node @ https://www.fullhdfilmizlesene.now/minx/ftjs.1786843931.js:0
[ 2379461ms] [LOG] %c JSHandle@node @ https://www.fullhdfilmizlesene.now/minx/ftjs.1786843931.js:0
[ 2379957ms] [LOG] %c JSHandle@node @ https://www.fullhdfilmizlesene.now/minx/ftjs.1786843931.js:0
[ 2380459ms] [LOG] %c JSHandle@node @ https://www.fullhdfilmizlesene.now/minx/ftjs.1786843931.js:0
[ 2380956ms] [LOG] %c JSHandle@node @ https://www.fullhdfilmizlesene.now/minx/ftjs.1786843931.js:0
[ 2381457ms] [LOG] %c JSHandle@node @ https://www.fullhdfilmizlesene.now/minx/ftjs.1786843931.js:0
[ 2381953ms] [LOG] %c JSHandle@node @ https://www.fullhdfilmizlesene.now/minx/ftjs.1786843931.js:0
[ 2382456ms] [LOG] %c JSHandle@node @ https://www.fullhdfilmizlesene.now/minx/ftjs.1786843931.js:0
[ 2382957ms] [LOG] %c JSHandle@node @ https://www.fullhdfilmizlesene.now/minx/ftjs.1786843931.js:0
[ 2383453ms] [LOG] %c JSHandle@node @ https://www.fullhdfilmizlesene.now/minx/ftjs.1786843931.js:0
[ 2383952ms] [LOG] %c JSHandle@node @ https://www.fullhdfilmizlesene.now/minx/ftjs.1786843931.js:0
[ 2384454ms] [LOG] %c JSHandle@node @ https://www.fullhdfilmizlesene.now/minx/ftjs.1786843931.js:0
[ 2384955ms] [LOG] %c JSHandle@node @ https://www.fullhdfilmizlesene.now/minx/ftjs.1786843931.js:0
[ 2385454ms] [LOG] %c JSHandle@node @ https://www.fullhdfilmizlesene.now/minx/ftjs.1786843931.js:0
[ 2385951ms] [LOG] %c JSHandle@node @ https://www.fullhdfilmizlesene.now/minx/ftjs.1786843931.js:0
[ 2386450ms] [LOG] %c JSHandle@node @ https://www.fullhdfilmizlesene.now/minx/ftjs.1786843931.js:0
[ 2386960ms] [LOG] %c JSHandle@node @ https://www.fullhdfilmizlesene.now/minx/ftjs.1786843931.js:0
[ 2387457ms] [LOG] %c JSHandle@node @ https://www.fullhdfilmizlesene.now/minx/ftjs.1786843931.js:0
[ 2387952ms] [LOG] %c JSHandle@node @ https://www.fullhdfilmizlesene.now/minx/ftjs.1786843931.js:0
[ 2388452ms] [LOG] %c JSHandle@node @ https://www.fullhdfilmizlesene.now/minx/ftjs.1786843931.js:0
[ 2388951ms] [LOG] %c JSHandle@node @ https://www.fullhdfilmizlesene.now/minx/ftjs.1786843931.js:0
[ 2389462ms] [LOG] %c JSHandle@node @ https://www.fullhdfilmizlesene.now/minx/ftjs.1786843931.js:0
[ 2389960ms] [LOG] %c JSHandle@node @ https://www.fullhdfilmizlesene.now/minx/ftjs.1786843931.js:0
[ 2390461ms] [LOG] %c JSHandle@node @ https://www.fullhdfilmizlesene.now/minx/ftjs.1786843931.js:0
[ 2390958ms] [LOG] %c JSHandle@node @ https://www.fullhdfilmizlesene.now/minx/ftjs.1786843931.js:0
[ 2391457ms] [LOG] %c JSHandle@node @ https://www.fullhdfilmizlesene.now/minx/ftjs.1786843931.js:0
[ 2391954ms] [LOG] %c JSHandle@node @ https://www.fullhdfilmizlesene.now/minx/ftjs.1786843931.js:0
[ 2392454ms] [LOG] %c JSHandle@node @ https://www.fullhdfilmizlesene.now/minx/ftjs.1786843931.js:0
[ 2392951ms] [LOG] %c JSHandle@node @ https://www.fullhdfilmizlesene.now/minx/ftjs.1786843931.js:0
[ 2393448ms] [LOG] %c JSHandle@node @ https://www.fullhdfilmizlesene.now/minx/ftjs.1786843931.js:0
[ 2393949ms] [LOG] %c JSHandle@node @ https://www.fullhdfilmizlesene.now/minx/ftjs.1786843931.js:0
[ 2394463ms] [LOG] %c JSHandle@node @ https://www.fullhdfilmizlesene.now/minx/ftjs.1786843931.js:0
[ 2394962ms] [LOG] %c JSHandle@node @ https://www.fullhdfilmizlesene.now/minx/ftjs.1786843931.js:0
[ 2395450ms] [LOG] %c JSHandle@node @ https://www.fullhdfilmizlesene.now/minx/ftjs.1786843931.js:0
[ 2395957ms] [LOG] %c JSHandle@node @ https://www.fullhdfilmizlesene.now/minx/ftjs.1786843931.js:0
[ 2396456ms] [LOG] %c JSHandle@node @ https://www.fullhdfilmizlesene.now/minx/ftjs.1786843931.js:0
[ 2396954ms] [LOG] %c JSHandle@node @ https://www.fullhdfilmizlesene.now/minx/ftjs.1786843931.js:0
[ 2397453ms] [LOG] %c JSHandle@node @ https://www.fullhdfilmizlesene.now/minx/ftjs.1786843931.js:0
[ 2397952ms] [LOG] %c JSHandle@node @ https://www.fullhdfilmizlesene.now/minx/ftjs.1786843931.js:0
[ 2398448ms] [LOG] %c JSHandle@node @ https://www.fullhdfilmizlesene.now/minx/ftjs.1786843931.js:0
[ 2398961ms] [LOG] %c JSHandle@node @ https://www.fullhdfilmizlesene.now/minx/ftjs.1786843931.js:0
[ 2399456ms] [LOG] %c JSHandle@node @ https://www.fullhdfilmizlesene.now/minx/ftjs.1786843931.js:0
[ 2399959ms] [LOG] %c JSHandle@node @ https://www.fullhdfilmizlesene.now/minx/ftjs.1786843931.js:0
[ 2400459ms] [LOG] %c JSHandle@node @ https://www.fullhdfilmizlesene.now/minx/ftjs.1786843931.js:0
[ 2400962ms] [LOG] %c JSHandle@node @ https://www.fullhdfilmizlesene.now/minx/ftjs.1786843931.js:0
[ 2401464ms] [LOG] %c JSHandle@node @ https://www.fullhdfilmizlesene.now/minx/ftjs.1786843931.js:0
[ 2401949ms] [LOG] %c JSHandle@node @ https://www.fullhdfilmizlesene.now/minx/ftjs.1786843931.js:0
[ 2402463ms] [LOG] %c JSHandle@node @ https://www.fullhdfilmizlesene.now/minx/ftjs.1786843931.js:0
[ 2402949ms] [LOG] %c JSHandle@node @ https://www.fullhdfilmizlesene.now/minx/ftjs.1786843931.js:0
[ 2403462ms] [LOG] %c JSHandle@node @ https://www.fullhdfilmizlesene.now/minx/ftjs.1786843931.js:0
[ 2403962ms] [LOG] %c JSHandle@node @ https://www.fullhdfilmizlesene.now/minx/ftjs.1786843931.js:0
[ 2404461ms] [LOG] %c JSHandle@node @ https://www.fullhdfilmizlesene.now/minx/ftjs.1786843931.js:0
[ 2404963ms] [LOG] %c JSHandle@node @ https://www.fullhdfilmizlesene.now/minx/ftjs.1786843931.js:0
[ 2405448ms] [LOG] %c JSHandle@node @ https://www.fullhdfilmizlesene.now/minx/ftjs.1786843931.js:0
[ 2405962ms] [LOG] %c JSHandle@node @ https://www.fullhdfilmizlesene.now/minx/ftjs.1786843931.js:0
[ 2406460ms] [LOG] %c JSHandle@node @ https://www.fullhdfilmizlesene.now/minx/ftjs.1786843931.js:0
[ 2406959ms] [LOG] %c JSHandle@node @ https://www.fullhdfilmizlesene.now/minx/ftjs.1786843931.js:0
[ 2407460ms] [LOG] %c JSHandle@node @ https://www.fullhdfilmizlesene.now/minx/ftjs.1786843931.js:0
[ 2407958ms] [LOG] %c JSHandle@node @ https://www.fullhdfilmizlesene.now/minx/ftjs.1786843931.js:0
[ 2408457ms] [LOG] %c JSHandle@node @ https://www.fullhdfilmizlesene.now/minx/ftjs.1786843931.js:0
[ 2408955ms] [LOG] %c JSHandle@node @ https://www.fullhdfilmizlesene.now/minx/ftjs.1786843931.js:0
[ 2409453ms] [LOG] %c JSHandle@node @ https://www.fullhdfilmizlesene.now/minx/ftjs.1786843931.js:0
[ 2409952ms] [LOG] %c JSHandle@node @ https://www.fullhdfilmizlesene.now/minx/ftjs.1786843931.js:0
[ 2410450ms] [LOG] %c JSHandle@node @ https://www.fullhdfilmizlesene.now/minx/ftjs.1786843931.js:0
[ 2410950ms] [LOG] %c JSHandle@node @ https://www.fullhdfilmizlesene.now/minx/ftjs.1786843931.js:0
[ 2411462ms] [LOG] %c JSHandle@node @ https://www.fullhdfilmizlesene.now/minx/ftjs.1786843931.js:0
[ 2411954ms] [LOG] %c JSHandle@node @ https://www.fullhdfilmizlesene.now/minx/ftjs.1786843931.js:0
[ 2412457ms] [LOG] %c JSHandle@node @ https://www.fullhdfilmizlesene.now/minx/ftjs.1786843931.js:0
[ 2412957ms] [LOG] %c JSHandle@node @ https://www.fullhdfilmizlesene.now/minx/ftjs.1786843931.js:0
[ 2413456ms] [LOG] %c JSHandle@node @ https://www.fullhdfilmizlesene.now/minx/ftjs.1786843931.js:0
[ 2413956ms] [LOG] %c JSHandle@node @ https://www.fullhdfilmizlesene.now/minx/ftjs.1786843931.js:0
[ 2414454ms] [LOG] %c JSHandle@node @ https://www.fullhdfilmizlesene.now/minx/ftjs.1786843931.js:0
[ 2414949ms] [LOG] %c JSHandle@node @ https://www.fullhdfilmizlesene.now/minx/ftjs.1786843931.js:0
[ 2415449ms] [LOG] %c JSHandle@node @ https://www.fullhdfilmizlesene.now/minx/ftjs.1786843931.js:0
[ 2415963ms] [LOG] %c JSHandle@node @ https://www.fullhdfilmizlesene.now/minx/ftjs.1786843931.js:0
[ 2416459ms] [LOG] %c JSHandle@node @ https://www.fullhdfilmizlesene.now/minx/ftjs.1786843931.js:0
[ 2416958ms] [LOG] %c JSHandle@node @ https://www.fullhdfilmizlesene.now/minx/ftjs.1786843931.js:0
[ 2417456ms] [LOG] %c JSHandle@node @ https://www.fullhdfilmizlesene.now/minx/ftjs.1786843931.js:0
[ 2417954ms] [LOG] %c JSHandle@node @ https://www.fullhdfilmizlesene.now/minx/ftjs.1786843931.js:0
[ 2418453ms] [LOG] %c JSHandle@node @ https://www.fullhdfilmizlesene.now/minx/ftjs.1786843931.js:0
[ 2418950ms] [LOG] %c JSHandle@node @ https://www.fullhdfilmizlesene.now/minx/ftjs.1786843931.js:0
[ 2419453ms] [LOG] %c JSHandle@node @ https://www.fullhdfilmizlesene.now/minx/ftjs.1786843931.js:0
[ 2419951ms] [LOG] %c JSHandle@node @ https://www.fullhdfilmizlesene.now/minx/ftjs.1786843931.js:0
[ 2420456ms] [LOG] %c JSHandle@node @ https://www.fullhdfilmizlesene.now/minx/ftjs.1786843931.js:0
[ 2420960ms] [LOG] %c JSHandle@node @ https://www.fullhdfilmizlesene.now/minx/ftjs.1786843931.js:0
[ 2421459ms] [LOG] %c JSHandle@node @ https://www.fullhdfilmizlesene.now/minx/ftjs.1786843931.js:0
[ 2421957ms] [LOG] %c JSHandle@node @ https://www.fullhdfilmizlesene.now/minx/ftjs.1786843931.js:0
[ 2422456ms] [LOG] %c JSHandle@node @ https://www.fullhdfilmizlesene.now/minx/ftjs.1786843931.js:0
[ 2422955ms] [LOG] %c JSHandle@node @ https://www.fullhdfilmizlesene.now/minx/ftjs.1786843931.js:0
[ 2423451ms] [LOG] %c JSHandle@node @ https://www.fullhdfilmizlesene.now/minx/ftjs.1786843931.js:0
[ 2423958ms] [LOG] %c JSHandle@node @ https://www.fullhdfilmizlesene.now/minx/ftjs.1786843931.js:0
[ 2424453ms] [LOG] %c JSHandle@node @ https://www.fullhdfilmizlesene.now/minx/ftjs.1786843931.js:0
[ 2424955ms] [LOG] %c JSHandle@node @ https://www.fullhdfilmizlesene.now/minx/ftjs.1786843931.js:0
[ 2425456ms] [LOG] %c JSHandle@node @ https://www.fullhdfilmizlesene.now/minx/ftjs.1786843931.js:0
[ 2425956ms] [LOG] %c JSHandle@node @ https://www.fullhdfilmizlesene.now/minx/ftjs.1786843931.js:0
[ 2426455ms] [LOG] %c JSHandle@node @ https://www.fullhdfilmizlesene.now/minx/ftjs.1786843931.js:0
[ 2426953ms] [LOG] %c JSHandle@node @ https://www.fullhdfilmizlesene.now/minx/ftjs.1786843931.js:0
[ 2427453ms] [LOG] %c JSHandle@node @ https://www.fullhdfilmizlesene.now/minx/ftjs.1786843931.js:0
[ 2427949ms] [LOG] %c JSHandle@node @ https://www.fullhdfilmizlesene.now/minx/ftjs.1786843931.js:0
[ 2428454ms] [LOG] %c JSHandle@node @ https://www.fullhdfilmizlesene.now/minx/ftjs.1786843931.js:0
[ 2428953ms] [LOG] %c JSHandle@node @ https://www.fullhdfilmizlesene.now/minx/ftjs.1786843931.js:0
[ 2429453ms] [LOG] %c JSHandle@node @ https://www.fullhdfilmizlesene.now/minx/ftjs.1786843931.js:0
[ 2429952ms] [LOG] %c JSHandle@node @ https://www.fullhdfilmizlesene.now/minx/ftjs.1786843931.js:0
[ 2430448ms] [LOG] %c JSHandle@node @ https://www.fullhdfilmizlesene.now/minx/ftjs.1786843931.js:0
[ 2430949ms] [LOG] %c JSHandle@node @ https://www.fullhdfilmizlesene.now/minx/ftjs.1786843931.js:0
[ 2431449ms] [LOG] %c JSHandle@node @ https://www.fullhdfilmizlesene.now/minx/ftjs.1786843931.js:0
[ 2431962ms] [LOG] %c JSHandle@node @ https://www.fullhdfilmizlesene.now/minx/ftjs.1786843931.js:0
[ 2432463ms] [LOG] %c JSHandle@node @ https://www.fullhdfilmizlesene.now/minx/ftjs.1786843931.js:0
[ 2432950ms] [LOG] %c JSHandle@node @ https://www.fullhdfilmizlesene.now/minx/ftjs.1786843931.js:0
[ 2433449ms] [LOG] %c JSHandle@node @ https://www.fullhdfilmizlesene.now/minx/ftjs.1786843931.js:0
[ 2433950ms] [LOG] %c JSHandle@node @ https://www.fullhdfilmizlesene.now/minx/ftjs.1786843931.js:0
[ 2434449ms] [LOG] %c JSHandle@node @ https://www.fullhdfilmizlesene.now/minx/ftjs.1786843931.js:0
[ 2434959ms] [LOG] %c JSHandle@node @ https://www.fullhdfilmizlesene.now/minx/ftjs.1786843931.js:0
[ 2435459ms] [LOG] %c JSHandle@node @ https://www.fullhdfilmizlesene.now/minx/ftjs.1786843931.js:0
[ 2435956ms] [LOG] %c JSHandle@node @ https://www.fullhdfilmizlesene.now/minx/ftjs.1786843931.js:0
[ 2436456ms] [LOG] %c JSHandle@node @ https://www.fullhdfilmizlesene.now/minx/ftjs.1786843931.js:0
[ 2436952ms] [LOG] %c JSHandle@node @ https://www.fullhdfilmizlesene.now/minx/ftjs.1786843931.js:0
[ 2437452ms] [LOG] %c JSHandle@node @ https://www.fullhdfilmizlesene.now/minx/ftjs.1786843931.js:0
[ 2437951ms] [LOG] %c JSHandle@node @ https://www.fullhdfilmizlesene.now/minx/ftjs.1786843931.js:0
[ 2438450ms] [LOG] %c JSHandle@node @ https://www.fullhdfilmizlesene.now/minx/ftjs.1786843931.js:0
[ 2438952ms] [LOG] %c JSHandle@node @ https://www.fullhdfilmizlesene.now/minx/ftjs.1786843931.js:0
[ 2439455ms] [LOG] %c JSHandle@node @ https://www.fullhdfilmizlesene.now/minx/ftjs.1786843931.js:0
[ 2439954ms] [LOG] %c JSHandle@node @ https://www.fullhdfilmizlesene.now/minx/ftjs.1786843931.js:0
[ 2440450ms] [LOG] %c JSHandle@node @ https://www.fullhdfilmizlesene.now/minx/ftjs.1786843931.js:0
[ 2440950ms] [LOG] %c JSHandle@node @ https://www.fullhdfilmizlesene.now/minx/ftjs.1786843931.js:0
[ 2441450ms] [LOG] %c JSHandle@node @ https://www.fullhdfilmizlesene.now/minx/ftjs.1786843931.js:0
[ 2441962ms] [LOG] %c JSHandle@node @ https://www.fullhdfilmizlesene.now/minx/ftjs.1786843931.js:0
[ 2442460ms] [LOG] %c JSHandle@node @ https://www.fullhdfilmizlesene.now/minx/ftjs.1786843931.js:0
[ 2442959ms] [LOG] %c JSHandle@node @ https://www.fullhdfilmizlesene.now/minx/ftjs.1786843931.js:0
[ 2443455ms] [LOG] %c JSHandle@node @ https://www.fullhdfilmizlesene.now/minx/ftjs.1786843931.js:0
[ 2443958ms] [LOG] %c JSHandle@node @ https://www.fullhdfilmizlesene.now/minx/ftjs.1786843931.js:0
[ 2444450ms] [LOG] %c JSHandle@node @ https://www.fullhdfilmizlesene.now/minx/ftjs.1786843931.js:0
[ 2444952ms] [LOG] %c JSHandle@node @ https://www.fullhdfilmizlesene.now/minx/ftjs.1786843931.js:0
[ 2445456ms] [LOG] %c JSHandle@node @ https://www.fullhdfilmizlesene.now/minx/ftjs.1786843931.js:0
[ 2445949ms] [LOG] %c JSHandle@node @ https://www.fullhdfilmizlesene.now/minx/ftjs.1786843931.js:0
[ 2446450ms] [LOG] %c JSHandle@node @ https://www.fullhdfilmizlesene.now/minx/ftjs.1786843931.js:0
[ 2446951ms] [LOG] %c JSHandle@node @ https://www.fullhdfilmizlesene.now/minx/ftjs.1786843931.js:0
[ 2447451ms] [LOG] %c JSHandle@node @ https://www.fullhdfilmizlesene.now/minx/ftjs.1786843931.js:0
[ 2447949ms] [LOG] %c JSHandle@node @ https://www.fullhdfilmizlesene.now/minx/ftjs.1786843931.js:0
[ 2448451ms] [LOG] %c JSHandle@node @ https://www.fullhdfilmizlesene.now/minx/ftjs.1786843931.js:0
[ 2448949ms] [LOG] %c JSHandle@node @ https://www.fullhdfilmizlesene.now/minx/ftjs.1786843931.js:0
[ 2449449ms] [LOG] %c JSHandle@node @ https://www.fullhdfilmizlesene.now/minx/ftjs.1786843931.js:0
[ 2449950ms] [LOG] %c JSHandle@node @ https://www.fullhdfilmizlesene.now/minx/ftjs.1786843931.js:0
[ 2450463ms] [LOG] %c JSHandle@node @ https://www.fullhdfilmizlesene.now/minx/ftjs.1786843931.js:0
[ 2450962ms] [LOG] %c JSHandle@node @ https://www.fullhdfilmizlesene.now/minx/ftjs.1786843931.js:0
[ 2451459ms] [LOG] %c JSHandle@node @ https://www.fullhdfilmizlesene.now/minx/ftjs.1786843931.js:0
[ 2451957ms] [LOG] %c JSHandle@node @ https://www.fullhdfilmizlesene.now/minx/ftjs.1786843931.js:0
[ 2452456ms] [LOG] %c JSHandle@node @ https://www.fullhdfilmizlesene.now/minx/ftjs.1786843931.js:0
[ 2452957ms] [LOG] %c JSHandle@node @ https://www.fullhdfilmizlesene.now/minx/ftjs.1786843931.js:0
[ 2453449ms] [LOG] %c JSHandle@node @ https://www.fullhdfilmizlesene.now/minx/ftjs.1786843931.js:0
[ 2453960ms] [LOG] %c JSHandle@node @ https://www.fullhdfilmizlesene.now/minx/ftjs.1786843931.js:0
[ 2454458ms] [LOG] %c JSHandle@node @ https://www.fullhdfilmizlesene.now/minx/ftjs.1786843931.js:0
[ 2454957ms] [LOG] %c JSHandle@node @ https://www.fullhdfilmizlesene.now/minx/ftjs.1786843931.js:0
[ 2455455ms] [LOG] %c JSHandle@node @ https://www.fullhdfilmizlesene.now/minx/ftjs.1786843931.js:0
[ 2455955ms] [LOG] %c JSHandle@node @ https://www.fullhdfilmizlesene.now/minx/ftjs.1786843931.js:0
[ 2456453ms] [LOG] %c JSHandle@node @ https://www.fullhdfilmizlesene.now/minx/ftjs.1786843931.js:0
[ 2456952ms] [LOG] %c JSHandle@node @ https://www.fullhdfilmizlesene.now/minx/ftjs.1786843931.js:0
[ 2457449ms] [LOG] %c JSHandle@node @ https://www.fullhdfilmizlesene.now/minx/ftjs.1786843931.js:0
[ 2457949ms] [LOG] %c JSHandle@node @ https://www.fullhdfilmizlesene.now/minx/ftjs.1786843931.js:0
[ 2458452ms] [LOG] %c JSHandle@node @ https://www.fullhdfilmizlesene.now/minx/ftjs.1786843931.js:0
[ 2458950ms] [LOG] %c JSHandle@node @ https://www.fullhdfilmizlesene.now/minx/ftjs.1786843931.js:0
[ 2459450ms] [LOG] %c JSHandle@node @ https://www.fullhdfilmizlesene.now/minx/ftjs.1786843931.js:0
[ 2459963ms] [LOG] %c JSHandle@node @ https://www.fullhdfilmizlesene.now/minx/ftjs.1786843931.js:0
[ 2460462ms] [LOG] %c JSHandle@node @ https://www.fullhdfilmizlesene.now/minx/ftjs.1786843931.js:0
[ 2460961ms] [LOG] %c JSHandle@node @ https://www.fullhdfilmizlesene.now/minx/ftjs.1786843931.js:0
[ 2461462ms] [LOG] %c JSHandle@node @ https://www.fullhdfilmizlesene.now/minx/ftjs.1786843931.js:0
[ 2461960ms] [LOG] %c JSHandle@node @ https://www.fullhdfilmizlesene.now/minx/ftjs.1786843931.js:0
[ 2462457ms] [LOG] %c JSHandle@node @ https://www.fullhdfilmizlesene.now/minx/ftjs.1786843931.js:0
[ 2462954ms] [LOG] %c JSHandle@node @ https://www.fullhdfilmizlesene.now/minx/ftjs.1786843931.js:0
[ 2463453ms] [LOG] %c JSHandle@node @ https://www.fullhdfilmizlesene.now/minx/ftjs.1786843931.js:0
[ 2463951ms] [LOG] %c JSHandle@node @ https://www.fullhdfilmizlesene.now/minx/ftjs.1786843931.js:0
[ 2464453ms] [LOG] %c JSHandle@node @ https://www.fullhdfilmizlesene.now/minx/ftjs.1786843931.js:0
[ 2464956ms] [LOG] %c JSHandle@node @ https://www.fullhdfilmizlesene.now/minx/ftjs.1786843931.js:0
[ 2465456ms] [LOG] %c JSHandle@node @ https://www.fullhdfilmizlesene.now/minx/ftjs.1786843931.js:0
[ 2465954ms] [LOG] %c JSHandle@node @ https://www.fullhdfilmizlesene.now/minx/ftjs.1786843931.js:0
[ 2466452ms] [LOG] %c JSHandle@node @ https://www.fullhdfilmizlesene.now/minx/ftjs.1786843931.js:0
[ 2466963ms] [LOG] %c JSHandle@node @ https://www.fullhdfilmizlesene.now/minx/ftjs.1786843931.js:0
[ 2467463ms] [LOG] %c JSHandle@node @ https://www.fullhdfilmizlesene.now/minx/ftjs.1786843931.js:0
[ 2467949ms] [LOG] %c JSHandle@node @ https://www.fullhdfilmizlesene.now/minx/ftjs.1786843931.js:0
[ 2468462ms] [LOG] %c JSHandle@node @ https://www.fullhdfilmizlesene.now/minx/ftjs.1786843931.js:0
[ 2468963ms] [LOG] %c JSHandle@node @ https://www.fullhdfilmizlesene.now/minx/ftjs.1786843931.js:0
[ 2469450ms] [LOG] %c JSHandle@node @ https://www.fullhdfilmizlesene.now/minx/ftjs.1786843931.js:0
[ 2469962ms] [LOG] %c JSHandle@node @ https://www.fullhdfilmizlesene.now/minx/ftjs.1786843931.js:0
[ 2470461ms] [LOG] %c JSHandle@node @ https://www.fullhdfilmizlesene.now/minx/ftjs.1786843931.js:0
[ 2470959ms] [LOG] %c JSHandle@node @ https://www.fullhdfilmizlesene.now/minx/ftjs.1786843931.js:0
[ 2471457ms] [LOG] %c JSHandle@node @ https://www.fullhdfilmizlesene.now/minx/ftjs.1786843931.js:0
[ 2471956ms] [LOG] %c JSHandle@node @ https://www.fullhdfilmizlesene.now/minx/ftjs.1786843931.js:0
[ 2472455ms] [LOG] %c JSHandle@node @ https://www.fullhdfilmizlesene.now/minx/ftjs.1786843931.js:0
[ 2472955ms] [LOG] %c JSHandle@node @ https://www.fullhdfilmizlesene.now/minx/ftjs.1786843931.js:0
[ 2473456ms] [LOG] %c JSHandle@node @ https://www.fullhdfilmizlesene.now/minx/ftjs.1786843931.js:0
[ 2473959ms] [LOG] %c JSHandle@node @ https://www.fullhdfilmizlesene.now/minx/ftjs.1786843931.js:0
[ 2474457ms] [LOG] %c JSHandle@node @ https://www.fullhdfilmizlesene.now/minx/ftjs.1786843931.js:0
[ 2474956ms] [LOG] %c JSHandle@node @ https://www.fullhdfilmizlesene.now/minx/ftjs.1786843931.js:0
[ 2475454ms] [LOG] %c JSHandle@node @ https://www.fullhdfilmizlesene.now/minx/ftjs.1786843931.js:0
[ 2475952ms] [LOG] %c JSHandle@node @ https://www.fullhdfilmizlesene.now/minx/ftjs.1786843931.js:0
[ 2476461ms] [LOG] %c JSHandle@node @ https://www.fullhdfilmizlesene.now/minx/ftjs.1786843931.js:0
[ 2476958ms] [LOG] %c JSHandle@node @ https://www.fullhdfilmizlesene.now/minx/ftjs.1786843931.js:0
[ 2477455ms] [LOG] %c JSHandle@node @ https://www.fullhdfilmizlesene.now/minx/ftjs.1786843931.js:0
[ 2477955ms] [LOG] %c JSHandle@node @ https://www.fullhdfilmizlesene.now/minx/ftjs.1786843931.js:0
[ 2478453ms] [LOG] %c JSHandle@node @ https://www.fullhdfilmizlesene.now/minx/ftjs.1786843931.js:0
[ 2478948ms] [LOG] %c JSHandle@node @ https://www.fullhdfilmizlesene.now/minx/ftjs.1786843931.js:0
[ 2479456ms] [LOG] %c JSHandle@node @ https://www.fullhdfilmizlesene.now/minx/ftjs.1786843931.js:0
[ 2479950ms] [LOG] %c JSHandle@node @ https://www.fullhdfilmizlesene.now/minx/ftjs.1786843931.js:0
[ 2480455ms] [LOG] %c JSHandle@node @ https://www.fullhdfilmizlesene.now/minx/ftjs.1786843931.js:0
[ 2480953ms] [LOG] %c JSHandle@node @ https://www.fullhdfilmizlesene.now/minx/ftjs.1786843931.js:0
[ 2481449ms] [LOG] %c JSHandle@node @ https://www.fullhdfilmizlesene.now/minx/ftjs.1786843931.js:0
[ 2481951ms] [LOG] %c JSHandle@node @ https://www.fullhdfilmizlesene.now/minx/ftjs.1786843931.js:0
[ 2482450ms] [LOG] %c JSHandle@node @ https://www.fullhdfilmizlesene.now/minx/ftjs.1786843931.js:0
[ 2482953ms] [LOG] %c JSHandle@node @ https://www.fullhdfilmizlesene.now/minx/ftjs.1786843931.js:0
[ 2483453ms] [LOG] %c JSHandle@node @ https://www.fullhdfilmizlesene.now/minx/ftjs.1786843931.js:0
[ 2483953ms] [LOG] %c JSHandle@node @ https://www.fullhdfilmizlesene.now/minx/ftjs.1786843931.js:0
[ 2484451ms] [LOG] %c JSHandle@node @ https://www.fullhdfilmizlesene.now/minx/ftjs.1786843931.js:0
[ 2484954ms] [LOG] %c JSHandle@node @ https://www.fullhdfilmizlesene.now/minx/ftjs.1786843931.js:0
[ 2485452ms] [LOG] %c JSHandle@node @ https://www.fullhdfilmizlesene.now/minx/ftjs.1786843931.js:0
[ 2485950ms] [LOG] %c JSHandle@node @ https://www.fullhdfilmizlesene.now/minx/ftjs.1786843931.js:0
[ 2486449ms] [LOG] %c JSHandle@node @ https://www.fullhdfilmizlesene.now/minx/ftjs.1786843931.js:0
[ 2486962ms] [LOG] %c JSHandle@node @ https://www.fullhdfilmizlesene.now/minx/ftjs.1786843931.js:0
[ 2487461ms] [LOG] %c JSHandle@node @ https://www.fullhdfilmizlesene.now/minx/ftjs.1786843931.js:0
[ 2487960ms] [LOG] %c JSHandle@node @ https://www.fullhdfilmizlesene.now/minx/ftjs.1786843931.js:0
[ 2488459ms] [LOG] %c JSHandle@node @ https://www.fullhdfilmizlesene.now/minx/ftjs.1786843931.js:0
[ 2488956ms] [LOG] %c JSHandle@node @ https://www.fullhdfilmizlesene.now/minx/ftjs.1786843931.js:0
[ 2489456ms] [LOG] %c JSHandle@node @ https://www.fullhdfilmizlesene.now/minx/ftjs.1786843931.js:0
[ 2489954ms] [LOG] %c JSHandle@node @ https://www.fullhdfilmizlesene.now/minx/ftjs.1786843931.js:0
[ 2490453ms] [LOG] %c JSHandle@node @ https://www.fullhdfilmizlesene.now/minx/ftjs.1786843931.js:0
[ 2490953ms] [LOG] %c JSHandle@node @ https://www.fullhdfilmizlesene.now/minx/ftjs.1786843931.js:0
[ 2491451ms] [LOG] %c JSHandle@node @ https://www.fullhdfilmizlesene.now/minx/ftjs.1786843931.js:0
[ 2491963ms] [LOG] %c JSHandle@node @ https://www.fullhdfilmizlesene.now/minx/ftjs.1786843931.js:0
[ 2492461ms] [LOG] %c JSHandle@node @ https://www.fullhdfilmizlesene.now/minx/ftjs.1786843931.js:0
[ 2492961ms] [LOG] %c JSHandle@node @ https://www.fullhdfilmizlesene.now/minx/ftjs.1786843931.js:0
[ 2493460ms] [LOG] %c JSHandle@node @ https://www.fullhdfilmizlesene.now/minx/ftjs.1786843931.js:0
[ 2493958ms] [LOG] %c JSHandle@node @ https://www.fullhdfilmizlesene.now/minx/ftjs.1786843931.js:0
[ 2494458ms] [LOG] %c JSHandle@node @ https://www.fullhdfilmizlesene.now/minx/ftjs.1786843931.js:0
[ 2494954ms] [LOG] %c JSHandle@node @ https://www.fullhdfilmizlesene.now/minx/ftjs.1786843931.js:0
[ 2495453ms] [LOG] %c JSHandle@node @ https://www.fullhdfilmizlesene.now/minx/ftjs.1786843931.js:0
[ 2495949ms] [LOG] %c JSHandle@node @ https://www.fullhdfilmizlesene.now/minx/ftjs.1786843931.js:0
[ 2496458ms] [LOG] %c JSHandle@node @ https://www.fullhdfilmizlesene.now/minx/ftjs.1786843931.js:0
[ 2496954ms] [LOG] %c JSHandle@node @ https://www.fullhdfilmizlesene.now/minx/ftjs.1786843931.js:0
[ 2497453ms] [LOG] %c JSHandle@node @ https://www.fullhdfilmizlesene.now/minx/ftjs.1786843931.js:0
[ 2497955ms] [LOG] %c JSHandle@node @ https://www.fullhdfilmizlesene.now/minx/ftjs.1786843931.js:0
[ 2498455ms] [LOG] %c JSHandle@node @ https://www.fullhdfilmizlesene.now/minx/ftjs.1786843931.js:0
[ 2498952ms] [LOG] %c JSHandle@node @ https://www.fullhdfilmizlesene.now/minx/ftjs.1786843931.js:0
[ 2499450ms] [LOG] %c JSHandle@node @ https://www.fullhdfilmizlesene.now/minx/ftjs.1786843931.js:0
[ 2499963ms] [LOG] %c JSHandle@node @ https://www.fullhdfilmizlesene.now/minx/ftjs.1786843931.js:0
[ 2500460ms] [LOG] %c JSHandle@node @ https://www.fullhdfilmizlesene.now/minx/ftjs.1786843931.js:0
[ 2500958ms] [LOG] %c JSHandle@node @ https://www.fullhdfilmizlesene.now/minx/ftjs.1786843931.js:0
[ 2501456ms] [LOG] %c JSHandle@node @ https://www.fullhdfilmizlesene.now/minx/ftjs.1786843931.js:0
[ 2501956ms] [LOG] %c JSHandle@node @ https://www.fullhdfilmizlesene.now/minx/ftjs.1786843931.js:0
[ 2502455ms] [LOG] %c JSHandle@node @ https://www.fullhdfilmizlesene.now/minx/ftjs.1786843931.js:0
[ 2502952ms] [LOG] %c JSHandle@node @ https://www.fullhdfilmizlesene.now/minx/ftjs.1786843931.js:0
[ 2503461ms] [LOG] %c JSHandle@node @ https://www.fullhdfilmizlesene.now/minx/ftjs.1786843931.js:0
[ 2503959ms] [LOG] %c JSHandle@node @ https://www.fullhdfilmizlesene.now/minx/ftjs.1786843931.js:0
[ 2504457ms] [LOG] %c JSHandle@node @ https://www.fullhdfilmizlesene.now/minx/ftjs.1786843931.js:0
[ 2504953ms] [LOG] %c JSHandle@node @ https://www.fullhdfilmizlesene.now/minx/ftjs.1786843931.js:0
[ 2505452ms] [LOG] %c JSHandle@node @ https://www.fullhdfilmizlesene.now/minx/ftjs.1786843931.js:0
[ 2505951ms] [LOG] %c JSHandle@node @ https://www.fullhdfilmizlesene.now/minx/ftjs.1786843931.js:0
[ 2506455ms] [LOG] %c JSHandle@node @ https://www.fullhdfilmizlesene.now/minx/ftjs.1786843931.js:0
[ 2506964ms] [LOG] %c JSHandle@node @ https://www.fullhdfilmizlesene.now/minx/ftjs.1786843931.js:0
[ 2507462ms] [LOG] %c JSHandle@node @ https://www.fullhdfilmizlesene.now/minx/ftjs.1786843931.js:0
[ 2507957ms] [LOG] %c JSHandle@node @ https://www.fullhdfilmizlesene.now/minx/ftjs.1786843931.js:0
[ 2508454ms] [LOG] %c JSHandle@node @ https://www.fullhdfilmizlesene.now/minx/ftjs.1786843931.js:0
[ 2508959ms] [LOG] %c JSHandle@node @ https://www.fullhdfilmizlesene.now/minx/ftjs.1786843931.js:0
[ 2509461ms] [LOG] %c JSHandle@node @ https://www.fullhdfilmizlesene.now/minx/ftjs.1786843931.js:0
[ 2509958ms] [LOG] %c JSHandle@node @ https://www.fullhdfilmizlesene.now/minx/ftjs.1786843931.js:0
[ 2510455ms] [LOG] %c JSHandle@node @ https://www.fullhdfilmizlesene.now/minx/ftjs.1786843931.js:0
[ 2510957ms] [LOG] %c JSHandle@node @ https://www.fullhdfilmizlesene.now/minx/ftjs.1786843931.js:0
[ 2511455ms] [LOG] %c JSHandle@node @ https://www.fullhdfilmizlesene.now/minx/ftjs.1786843931.js:0
[ 2511954ms] [LOG] %c JSHandle@node @ https://www.fullhdfilmizlesene.now/minx/ftjs.1786843931.js:0
[ 2512454ms] [LOG] %c JSHandle@node @ https://www.fullhdfilmizlesene.now/minx/ftjs.1786843931.js:0
[ 2512954ms] [LOG] %c JSHandle@node @ https://www.fullhdfilmizlesene.now/minx/ftjs.1786843931.js:0
[ 2513455ms] [LOG] %c JSHandle@node @ https://www.fullhdfilmizlesene.now/minx/ftjs.1786843931.js:0
[ 2513949ms] [LOG] %c JSHandle@node @ https://www.fullhdfilmizlesene.now/minx/ftjs.1786843931.js:0
[ 2514449ms] [LOG] %c JSHandle@node @ https://www.fullhdfilmizlesene.now/minx/ftjs.1786843931.js:0
[ 2514957ms] [LOG] %c JSHandle@node @ https://www.fullhdfilmizlesene.now/minx/ftjs.1786843931.js:0
[ 2515456ms] [LOG] %c JSHandle@node @ https://www.fullhdfilmizlesene.now/minx/ftjs.1786843931.js:0
[ 2515949ms] [LOG] %c JSHandle@node @ https://www.fullhdfilmizlesene.now/minx/ftjs.1786843931.js:0
[ 2516459ms] [LOG] %c JSHandle@node @ https://www.fullhdfilmizlesene.now/minx/ftjs.1786843931.js:0
[ 2516953ms] [LOG] %c JSHandle@node @ https://www.fullhdfilmizlesene.now/minx/ftjs.1786843931.js:0
[ 2517449ms] [LOG] %c JSHandle@node @ https://www.fullhdfilmizlesene.now/minx/ftjs.1786843931.js:0
[ 2517963ms] [LOG] %c JSHandle@node @ https://www.fullhdfilmizlesene.now/minx/ftjs.1786843931.js:0
[ 2518464ms] [LOG] %c JSHandle@node @ https://www.fullhdfilmizlesene.now/minx/ftjs.1786843931.js:0
[ 2518964ms] [LOG] %c JSHandle@node @ https://www.fullhdfilmizlesene.now/minx/ftjs.1786843931.js:0
[ 2519458ms] [LOG] %c JSHandle@node @ https://www.fullhdfilmizlesene.now/minx/ftjs.1786843931.js:0
[ 2519955ms] [LOG] %c JSHandle@node @ https://www.fullhdfilmizlesene.now/minx/ftjs.1786843931.js:0
[ 2520457ms] [LOG] %c JSHandle@node @ https://www.fullhdfilmizlesene.now/minx/ftjs.1786843931.js:0
[ 2520955ms] [LOG] %c JSHandle@node @ https://www.fullhdfilmizlesene.now/minx/ftjs.1786843931.js:0
[ 2521454ms] [LOG] %c JSHandle@node @ https://www.fullhdfilmizlesene.now/minx/ftjs.1786843931.js:0
[ 2521953ms] [LOG] %c JSHandle@node @ https://www.fullhdfilmizlesene.now/minx/ftjs.1786843931.js:0
[ 2522452ms] [LOG] %c JSHandle@node @ https://www.fullhdfilmizlesene.now/minx/ftjs.1786843931.js:0
[ 2522952ms] [LOG] %c JSHandle@node @ https://www.fullhdfilmizlesene.now/minx/ftjs.1786843931.js:0
[ 2523450ms] [LOG] %c JSHandle@node @ https://www.fullhdfilmizlesene.now/minx/ftjs.1786843931.js:0
[ 2523953ms] [LOG] %c JSHandle@node @ https://www.fullhdfilmizlesene.now/minx/ftjs.1786843931.js:0
[ 2524453ms] [LOG] %c JSHandle@node @ https://www.fullhdfilmizlesene.now/minx/ftjs.1786843931.js:0
[ 2524954ms] [LOG] %c JSHandle@node @ https://www.fullhdfilmizlesene.now/minx/ftjs.1786843931.js:0
[ 2525454ms] [LOG] %c JSHandle@node @ https://www.fullhdfilmizlesene.now/minx/ftjs.1786843931.js:0
[ 2525953ms] [LOG] %c JSHandle@node @ https://www.fullhdfilmizlesene.now/minx/ftjs.1786843931.js:0
[ 2526452ms] [LOG] %c JSHandle@node @ https://www.fullhdfilmizlesene.now/minx/ftjs.1786843931.js:0
[ 2526949ms] [LOG] %c JSHandle@node @ https://www.fullhdfilmizlesene.now/minx/ftjs.1786843931.js:0
[ 2527451ms] [LOG] %c JSHandle@node @ https://www.fullhdfilmizlesene.now/minx/ftjs.1786843931.js:0
[ 2527953ms] [LOG] %c JSHandle@node @ https://www.fullhdfilmizlesene.now/minx/ftjs.1786843931.js:0
[ 2528450ms] [LOG] %c JSHandle@node @ https://www.fullhdfilmizlesene.now/minx/ftjs.1786843931.js:0
[ 2528952ms] [LOG] %c JSHandle@node @ https://www.fullhdfilmizlesene.now/minx/ftjs.1786843931.js:0
[ 2529452ms] [LOG] %c JSHandle@node @ https://www.fullhdfilmizlesene.now/minx/ftjs.1786843931.js:0
[ 2529951ms] [LOG] %c JSHandle@node @ https://www.fullhdfilmizlesene.now/minx/ftjs.1786843931.js:0
[ 2530450ms] [LOG] %c JSHandle@node @ https://www.fullhdfilmizlesene.now/minx/ftjs.1786843931.js:0
[ 2530950ms] [LOG] %c JSHandle@node @ https://www.fullhdfilmizlesene.now/minx/ftjs.1786843931.js:0
[ 2531463ms] [LOG] %c JSHandle@node @ https://www.fullhdfilmizlesene.now/minx/ftjs.1786843931.js:0
[ 2531960ms] [LOG] %c JSHandle@node @ https://www.fullhdfilmizlesene.now/minx/ftjs.1786843931.js:0
[ 2532459ms] [LOG] %c JSHandle@node @ https://www.fullhdfilmizlesene.now/minx/ftjs.1786843931.js:0
[ 2532961ms] [LOG] %c JSHandle@node @ https://www.fullhdfilmizlesene.now/minx/ftjs.1786843931.js:0
[ 2533464ms] [LOG] %c JSHandle@node @ https://www.fullhdfilmizlesene.now/minx/ftjs.1786843931.js:0
[ 2533948ms] [LOG] %c JSHandle@node @ https://www.fullhdfilmizlesene.now/minx/ftjs.1786843931.js:0
[ 2534463ms] [LOG] %c JSHandle@node @ https://www.fullhdfilmizlesene.now/minx/ftjs.1786843931.js:0
[ 2534962ms] [LOG] %c JSHandle@node @ https://www.fullhdfilmizlesene.now/minx/ftjs.1786843931.js:0
[ 2535462ms] [LOG] %c JSHandle@node @ https://www.fullhdfilmizlesene.now/minx/ftjs.1786843931.js:0
[ 2535960ms] [LOG] %c JSHandle@node @ https://www.fullhdfilmizlesene.now/minx/ftjs.1786843931.js:0
[ 2536460ms] [LOG] %c JSHandle@node @ https://www.fullhdfilmizlesene.now/minx/ftjs.1786843931.js:0
[ 2536959ms] [LOG] %c JSHandle@node @ https://www.fullhdfilmizlesene.now/minx/ftjs.1786843931.js:0
[ 2537455ms] [LOG] %c JSHandle@node @ https://www.fullhdfilmizlesene.now/minx/ftjs.1786843931.js:0
[ 2537955ms] [LOG] %c JSHandle@node @ https://www.fullhdfilmizlesene.now/minx/ftjs.1786843931.js:0
[ 2538452ms] [LOG] %c JSHandle@node @ https://www.fullhdfilmizlesene.now/minx/ftjs.1786843931.js:0
[ 2538950ms] [LOG] %c JSHandle@node @ https://www.fullhdfilmizlesene.now/minx/ftjs.1786843931.js:0
[ 2539451ms] [LOG] %c JSHandle@node @ https://www.fullhdfilmizlesene.now/minx/ftjs.1786843931.js:0
[ 2539950ms] [LOG] %c JSHandle@node @ https://www.fullhdfilmizlesene.now/minx/ftjs.1786843931.js:0
[ 2540448ms] [LOG] %c JSHandle@node @ https://www.fullhdfilmizlesene.now/minx/ftjs.1786843931.js:0
[ 2540963ms] [LOG] %c JSHandle@node @ https://www.fullhdfilmizlesene.now/minx/ftjs.1786843931.js:0
[ 2541464ms] [LOG] %c JSHandle@node @ https://www.fullhdfilmizlesene.now/minx/ftjs.1786843931.js:0
[ 2541962ms] [LOG] %c JSHandle@node @ https://www.fullhdfilmizlesene.now/minx/ftjs.1786843931.js:0
[ 2542449ms] [LOG] %c JSHandle@node @ https://www.fullhdfilmizlesene.now/minx/ftjs.1786843931.js:0
[ 2542950ms] [LOG] %c JSHandle@node @ https://www.fullhdfilmizlesene.now/minx/ftjs.1786843931.js:0
[ 2543453ms] [LOG] %c JSHandle@node @ https://www.fullhdfilmizlesene.now/minx/ftjs.1786843931.js:0
[ 2543954ms] [LOG] %c JSHandle@node @ https://www.fullhdfilmizlesene.now/minx/ftjs.1786843931.js:0
[ 2544454ms] [LOG] %c JSHandle@node @ https://www.fullhdfilmizlesene.now/minx/ftjs.1786843931.js:0
[ 2544949ms] [LOG] %c JSHandle@node @ https://www.fullhdfilmizlesene.now/minx/ftjs.1786843931.js:0
[ 2545450ms] [LOG] %c JSHandle@node @ https://www.fullhdfilmizlesene.now/minx/ftjs.1786843931.js:0
[ 2545964ms] [LOG] %c JSHandle@node @ https://www.fullhdfilmizlesene.now/minx/ftjs.1786843931.js:0
[ 2546463ms] [LOG] %c JSHandle@node @ https://www.fullhdfilmizlesene.now/minx/ftjs.1786843931.js:0
[ 2546961ms] [LOG] %c JSHandle@node @ https://www.fullhdfilmizlesene.now/minx/ftjs.1786843931.js:0
[ 2547458ms] [LOG] %c JSHandle@node @ https://www.fullhdfilmizlesene.now/minx/ftjs.1786843931.js:0
[ 2547958ms] [LOG] %c JSHandle@node @ https://www.fullhdfilmizlesene.now/minx/ftjs.1786843931.js:0
[ 2548460ms] [LOG] %c JSHandle@node @ https://www.fullhdfilmizlesene.now/minx/ftjs.1786843931.js:0
[ 2548961ms] [LOG] %c JSHandle@node @ https://www.fullhdfilmizlesene.now/minx/ftjs.1786843931.js:0
[ 2549458ms] [LOG] %c JSHandle@node @ https://www.fullhdfilmizlesene.now/minx/ftjs.1786843931.js:0
[ 2549957ms] [LOG] %c JSHandle@node @ https://www.fullhdfilmizlesene.now/minx/ftjs.1786843931.js:0
[ 2550460ms] [LOG] %c JSHandle@node @ https://www.fullhdfilmizlesene.now/minx/ftjs.1786843931.js:0
[ 2550958ms] [LOG] %c JSHandle@node @ https://www.fullhdfilmizlesene.now/minx/ftjs.1786843931.js:0
[ 2551457ms] [LOG] %c JSHandle@node @ https://www.fullhdfilmizlesene.now/minx/ftjs.1786843931.js:0
[ 2551955ms] [LOG] %c JSHandle@node @ https://www.fullhdfilmizlesene.now/minx/ftjs.1786843931.js:0
[ 2552455ms] [LOG] %c JSHandle@node @ https://www.fullhdfilmizlesene.now/minx/ftjs.1786843931.js:0
[ 2552959ms] [LOG] %c JSHandle@node @ https://www.fullhdfilmizlesene.now/minx/ftjs.1786843931.js:0
[ 2553461ms] [LOG] %c JSHandle@node @ https://www.fullhdfilmizlesene.now/minx/ftjs.1786843931.js:0
[ 2553959ms] [LOG] %c JSHandle@node @ https://www.fullhdfilmizlesene.now/minx/ftjs.1786843931.js:0
[ 2554460ms] [LOG] %c JSHandle@node @ https://www.fullhdfilmizlesene.now/minx/ftjs.1786843931.js:0
[ 2554959ms] [LOG] %c JSHandle@node @ https://www.fullhdfilmizlesene.now/minx/ftjs.1786843931.js:0
[ 2555458ms] [LOG] %c JSHandle@node @ https://www.fullhdfilmizlesene.now/minx/ftjs.1786843931.js:0
[ 2555958ms] [LOG] %c JSHandle@node @ https://www.fullhdfilmizlesene.now/minx/ftjs.1786843931.js:0
[ 2556459ms] [LOG] %c JSHandle@node @ https://www.fullhdfilmizlesene.now/minx/ftjs.1786843931.js:0
[ 2556951ms] [LOG] %c JSHandle@node @ https://www.fullhdfilmizlesene.now/minx/ftjs.1786843931.js:0
[ 2557461ms] [LOG] %c JSHandle@node @ https://www.fullhdfilmizlesene.now/minx/ftjs.1786843931.js:0
[ 2557960ms] [LOG] %c JSHandle@node @ https://www.fullhdfilmizlesene.now/minx/ftjs.1786843931.js:0
[ 2558458ms] [LOG] %c JSHandle@node @ https://www.fullhdfilmizlesene.now/minx/ftjs.1786843931.js:0
[ 2558949ms] [LOG] %c JSHandle@node @ https://www.fullhdfilmizlesene.now/minx/ftjs.1786843931.js:0
[ 2559463ms] [LOG] %c JSHandle@node @ https://www.fullhdfilmizlesene.now/minx/ftjs.1786843931.js:0
[ 2559963ms] [LOG] %c JSHandle@node @ https://www.fullhdfilmizlesene.now/minx/ftjs.1786843931.js:0
[ 2560463ms] [LOG] %c JSHandle@node @ https://www.fullhdfilmizlesene.now/minx/ftjs.1786843931.js:0
[ 2560949ms] [LOG] %c JSHandle@node @ https://www.fullhdfilmizlesene.now/minx/ftjs.1786843931.js:0
[ 2561450ms] [LOG] %c JSHandle@node @ https://www.fullhdfilmizlesene.now/minx/ftjs.1786843931.js:0
[ 2561964ms] [LOG] %c JSHandle@node @ https://www.fullhdfilmizlesene.now/minx/ftjs.1786843931.js:0
[ 2562449ms] [LOG] %c JSHandle@node @ https://www.fullhdfilmizlesene.now/minx/ftjs.1786843931.js:0
[ 2562960ms] [LOG] %c JSHandle@node @ https://www.fullhdfilmizlesene.now/minx/ftjs.1786843931.js:0
[ 2563461ms] [LOG] %c JSHandle@node @ https://www.fullhdfilmizlesene.now/minx/ftjs.1786843931.js:0
[ 2563958ms] [LOG] %c JSHandle@node @ https://www.fullhdfilmizlesene.now/minx/ftjs.1786843931.js:0
[ 2564456ms] [LOG] %c JSHandle@node @ https://www.fullhdfilmizlesene.now/minx/ftjs.1786843931.js:0
[ 2564952ms] [LOG] %c JSHandle@node @ https://www.fullhdfilmizlesene.now/minx/ftjs.1786843931.js:0
[ 2565450ms] [LOG] %c JSHandle@node @ https://www.fullhdfilmizlesene.now/minx/ftjs.1786843931.js:0
[ 2565963ms] [LOG] %c JSHandle@node @ https://www.fullhdfilmizlesene.now/minx/ftjs.1786843931.js:0
[ 2566464ms] [LOG] %c JSHandle@node @ https://www.fullhdfilmizlesene.now/minx/ftjs.1786843931.js:0
[ 2566958ms] [LOG] %c JSHandle@node @ https://www.fullhdfilmizlesene.now/minx/ftjs.1786843931.js:0
[ 2567456ms] [LOG] %c JSHandle@node @ https://www.fullhdfilmizlesene.now/minx/ftjs.1786843931.js:0
[ 2567952ms] [LOG] %c JSHandle@node @ https://www.fullhdfilmizlesene.now/minx/ftjs.1786843931.js:0
[ 2568449ms] [LOG] %c JSHandle@node @ https://www.fullhdfilmizlesene.now/minx/ftjs.1786843931.js:0
[ 2568962ms] [LOG] %c JSHandle@node @ https://www.fullhdfilmizlesene.now/minx/ftjs.1786843931.js:0
[ 2569459ms] [LOG] %c JSHandle@node @ https://www.fullhdfilmizlesene.now/minx/ftjs.1786843931.js:0
[ 2569950ms] [LOG] %c JSHandle@node @ https://www.fullhdfilmizlesene.now/minx/ftjs.1786843931.js:0
[ 2570453ms] [LOG] %c JSHandle@node @ https://www.fullhdfilmizlesene.now/minx/ftjs.1786843931.js:0
[ 2570952ms] [LOG] %c JSHandle@node @ https://www.fullhdfilmizlesene.now/minx/ftjs.1786843931.js:0
[ 2571449ms] [LOG] %c JSHandle@node @ https://www.fullhdfilmizlesene.now/minx/ftjs.1786843931.js:0
[ 2571951ms] [LOG] %c JSHandle@node @ https://www.fullhdfilmizlesene.now/minx/ftjs.1786843931.js:0
[ 2572451ms] [LOG] %c JSHandle@node @ https://www.fullhdfilmizlesene.now/minx/ftjs.1786843931.js:0
[ 2572949ms] [LOG] %c JSHandle@node @ https://www.fullhdfilmizlesene.now/minx/ftjs.1786843931.js:0
[ 2573449ms] [LOG] %c JSHandle@node @ https://www.fullhdfilmizlesene.now/minx/ftjs.1786843931.js:0
[ 2573952ms] [LOG] %c JSHandle@node @ https://www.fullhdfilmizlesene.now/minx/ftjs.1786843931.js:0
[ 2574457ms] [LOG] %c JSHandle@node @ https://www.fullhdfilmizlesene.now/minx/ftjs.1786843931.js:0
[ 2574960ms] [LOG] %c JSHandle@node @ https://www.fullhdfilmizlesene.now/minx/ftjs.1786843931.js:0
[ 2575449ms] [LOG] %c JSHandle@node @ https://www.fullhdfilmizlesene.now/minx/ftjs.1786843931.js:0
[ 2575955ms] [LOG] %c JSHandle@node @ https://www.fullhdfilmizlesene.now/minx/ftjs.1786843931.js:0
[ 2576455ms] [LOG] %c JSHandle@node @ https://www.fullhdfilmizlesene.now/minx/ftjs.1786843931.js:0
[ 2576952ms] [LOG] %c JSHandle@node @ https://www.fullhdfilmizlesene.now/minx/ftjs.1786843931.js:0
[ 2577450ms] [LOG] %c JSHandle@node @ https://www.fullhdfilmizlesene.now/minx/ftjs.1786843931.js:0
[ 2577948ms] [LOG] %c JSHandle@node @ https://www.fullhdfilmizlesene.now/minx/ftjs.1786843931.js:0
[ 2578449ms] [LOG] %c JSHandle@node @ https://www.fullhdfilmizlesene.now/minx/ftjs.1786843931.js:0
[ 2578960ms] [LOG] %c JSHandle@node @ https://www.fullhdfilmizlesene.now/minx/ftjs.1786843931.js:0
[ 2579459ms] [LOG] %c JSHandle@node @ https://www.fullhdfilmizlesene.now/minx/ftjs.1786843931.js:0
[ 2579953ms] [LOG] %c JSHandle@node @ https://www.fullhdfilmizlesene.now/minx/ftjs.1786843931.js:0
[ 2580449ms] [LOG] %c JSHandle@node @ https://www.fullhdfilmizlesene.now/minx/ftjs.1786843931.js:0
[ 2580963ms] [LOG] %c JSHandle@node @ https://www.fullhdfilmizlesene.now/minx/ftjs.1786843931.js:0
[ 2581461ms] [LOG] %c JSHandle@node @ https://www.fullhdfilmizlesene.now/minx/ftjs.1786843931.js:0
[ 2581960ms] [LOG] %c JSHandle@node @ https://www.fullhdfilmizlesene.now/minx/ftjs.1786843931.js:0
[ 2582460ms] [LOG] %c JSHandle@node @ https://www.fullhdfilmizlesene.now/minx/ftjs.1786843931.js:0
[ 2582955ms] [LOG] %c JSHandle@node @ https://www.fullhdfilmizlesene.now/minx/ftjs.1786843931.js:0
[ 2583451ms] [LOG] %c JSHandle@node @ https://www.fullhdfilmizlesene.now/minx/ftjs.1786843931.js:0
[ 2583958ms] [LOG] %c JSHandle@node @ https://www.fullhdfilmizlesene.now/minx/ftjs.1786843931.js:0
[ 2584459ms] [LOG] %c JSHandle@node @ https://www.fullhdfilmizlesene.now/minx/ftjs.1786843931.js:0
[ 2584955ms] [LOG] %c JSHandle@node @ https://www.fullhdfilmizlesene.now/minx/ftjs.1786843931.js:0
[ 2585455ms] [LOG] %c JSHandle@node @ https://www.fullhdfilmizlesene.now/minx/ftjs.1786843931.js:0
[ 2585953ms] [LOG] %c JSHandle@node @ https://www.fullhdfilmizlesene.now/minx/ftjs.1786843931.js:0
[ 2586451ms] [LOG] %c JSHandle@node @ https://www.fullhdfilmizlesene.now/minx/ftjs.1786843931.js:0
[ 2586949ms] [LOG] %c JSHandle@node @ https://www.fullhdfilmizlesene.now/minx/ftjs.1786843931.js:0
[ 2587449ms] [LOG] %c JSHandle@node @ https://www.fullhdfilmizlesene.now/minx/ftjs.1786843931.js:0
[ 2587951ms] [LOG] %c JSHandle@node @ https://www.fullhdfilmizlesene.now/minx/ftjs.1786843931.js:0
[ 2588462ms] [LOG] %c JSHandle@node @ https://www.fullhdfilmizlesene.now/minx/ftjs.1786843931.js:0
[ 2588962ms] [LOG] %c JSHandle@node @ https://www.fullhdfilmizlesene.now/minx/ftjs.1786843931.js:0
[ 2589461ms] [LOG] %c JSHandle@node @ https://www.fullhdfilmizlesene.now/minx/ftjs.1786843931.js:0
[ 2589960ms] [LOG] %c JSHandle@node @ https://www.fullhdfilmizlesene.now/minx/ftjs.1786843931.js:0
[ 2590459ms] [LOG] %c JSHandle@node @ https://www.fullhdfilmizlesene.now/minx/ftjs.1786843931.js:0
[ 2590959ms] [LOG] %c JSHandle@node @ https://www.fullhdfilmizlesene.now/minx/ftjs.1786843931.js:0
[ 2591460ms] [LOG] %c JSHandle@node @ https://www.fullhdfilmizlesene.now/minx/ftjs.1786843931.js:0
[ 2591960ms] [LOG] %c JSHandle@node @ https://www.fullhdfilmizlesene.now/minx/ftjs.1786843931.js:0
[ 2592459ms] [LOG] %c JSHandle@node @ https://www.fullhdfilmizlesene.now/minx/ftjs.1786843931.js:0
[ 2592958ms] [LOG] %c JSHandle@node @ https://www.fullhdfilmizlesene.now/minx/ftjs.1786843931.js:0
[ 2593459ms] [LOG] %c JSHandle@node @ https://www.fullhdfilmizlesene.now/minx/ftjs.1786843931.js:0
[ 2593954ms] [LOG] %c JSHandle@node @ https://www.fullhdfilmizlesene.now/minx/ftjs.1786843931.js:0
[ 2594453ms] [LOG] %c JSHandle@node @ https://www.fullhdfilmizlesene.now/minx/ftjs.1786843931.js:0
[ 2594950ms] [LOG] %c JSHandle@node @ https://www.fullhdfilmizlesene.now/minx/ftjs.1786843931.js:0
[ 2595451ms] [LOG] %c JSHandle@node @ https://www.fullhdfilmizlesene.now/minx/ftjs.1786843931.js:0
[ 2595951ms] [LOG] %c JSHandle@node @ https://www.fullhdfilmizlesene.now/minx/ftjs.1786843931.js:0
[ 2596464ms] [LOG] %c JSHandle@node @ https://www.fullhdfilmizlesene.now/minx/ftjs.1786843931.js:0
[ 2596955ms] [LOG] %c JSHandle@node @ https://www.fullhdfilmizlesene.now/minx/ftjs.1786843931.js:0
[ 2597454ms] [LOG] %c JSHandle@node @ https://www.fullhdfilmizlesene.now/minx/ftjs.1786843931.js:0
[ 2597952ms] [LOG] %c JSHandle@node @ https://www.fullhdfilmizlesene.now/minx/ftjs.1786843931.js:0
[ 2598452ms] [LOG] %c JSHandle@node @ https://www.fullhdfilmizlesene.now/minx/ftjs.1786843931.js:0
[ 2598953ms] [LOG] %c JSHandle@node @ https://www.fullhdfilmizlesene.now/minx/ftjs.1786843931.js:0
[ 2599450ms] [LOG] %c JSHandle@node @ https://www.fullhdfilmizlesene.now/minx/ftjs.1786843931.js:0
[ 2599951ms] [LOG] %c JSHandle@node @ https://www.fullhdfilmizlesene.now/minx/ftjs.1786843931.js:0
[ 2600450ms] [LOG] %c JSHandle@node @ https://www.fullhdfilmizlesene.now/minx/ftjs.1786843931.js:0
[ 2600949ms] [LOG] %c JSHandle@node @ https://www.fullhdfilmizlesene.now/minx/ftjs.1786843931.js:0
[ 2601463ms] [LOG] %c JSHandle@node @ https://www.fullhdfilmizlesene.now/minx/ftjs.1786843931.js:0
[ 2601962ms] [LOG] %c JSHandle@node @ https://www.fullhdfilmizlesene.now/minx/ftjs.1786843931.js:0
[ 2602450ms] [LOG] %c JSHandle@node @ https://www.fullhdfilmizlesene.now/minx/ftjs.1786843931.js:0
[ 2602949ms] [LOG] %c JSHandle@node @ https://www.fullhdfilmizlesene.now/minx/ftjs.1786843931.js:0
[ 2603451ms] [LOG] %c JSHandle@node @ https://www.fullhdfilmizlesene.now/minx/ftjs.1786843931.js:0
[ 2603949ms] [LOG] %c JSHandle@node @ https://www.fullhdfilmizlesene.now/minx/ftjs.1786843931.js:0
[ 2604449ms] [LOG] %c JSHandle@node @ https://www.fullhdfilmizlesene.now/minx/ftjs.1786843931.js:0
[ 2604948ms] [LOG] %c JSHandle@node @ https://www.fullhdfilmizlesene.now/minx/ftjs.1786843931.js:0
[ 2605464ms] [LOG] %c JSHandle@node @ https://www.fullhdfilmizlesene.now/minx/ftjs.1786843931.js:0
[ 2605961ms] [LOG] %c JSHandle@node @ https://www.fullhdfilmizlesene.now/minx/ftjs.1786843931.js:0
[ 2606451ms] [LOG] %c JSHandle@node @ https://www.fullhdfilmizlesene.now/minx/ftjs.1786843931.js:0
[ 2606951ms] [LOG] %c JSHandle@node @ https://www.fullhdfilmizlesene.now/minx/ftjs.1786843931.js:0
[ 2607449ms] [LOG] %c JSHandle@node @ https://www.fullhdfilmizlesene.now/minx/ftjs.1786843931.js:0
[ 2607949ms] [LOG] %c JSHandle@node @ https://www.fullhdfilmizlesene.now/minx/ftjs.1786843931.js:0
[ 2608463ms] [LOG] %c JSHandle@node @ https://www.fullhdfilmizlesene.now/minx/ftjs.1786843931.js:0
[ 2608961ms] [LOG] %c JSHandle@node @ https://www.fullhdfilmizlesene.now/minx/ftjs.1786843931.js:0
[ 2609462ms] [LOG] %c JSHandle@node @ https://www.fullhdfilmizlesene.now/minx/ftjs.1786843931.js:0
[ 2609960ms] [LOG] %c JSHandle@node @ https://www.fullhdfilmizlesene.now/minx/ftjs.1786843931.js:0
[ 2610458ms] [LOG] %c JSHandle@node @ https://www.fullhdfilmizlesene.now/minx/ftjs.1786843931.js:0
[ 2610959ms] [LOG] %c JSHandle@node @ https://www.fullhdfilmizlesene.now/minx/ftjs.1786843931.js:0
[ 2611456ms] [LOG] %c JSHandle@node @ https://www.fullhdfilmizlesene.now/minx/ftjs.1786843931.js:0
[ 2611953ms] [LOG] %c JSHandle@node @ https://www.fullhdfilmizlesene.now/minx/ftjs.1786843931.js:0
[ 2612450ms] [LOG] %c JSHandle@node @ https://www.fullhdfilmizlesene.now/minx/ftjs.1786843931.js:0
[ 2612961ms] [LOG] %c JSHandle@node @ https://www.fullhdfilmizlesene.now/minx/ftjs.1786843931.js:0
[ 2613455ms] [LOG] %c JSHandle@node @ https://www.fullhdfilmizlesene.now/minx/ftjs.1786843931.js:0
[ 2613954ms] [LOG] %c JSHandle@node @ https://www.fullhdfilmizlesene.now/minx/ftjs.1786843931.js:0
[ 2614453ms] [LOG] %c JSHandle@node @ https://www.fullhdfilmizlesene.now/minx/ftjs.1786843931.js:0
[ 2614951ms] [LOG] %c JSHandle@node @ https://www.fullhdfilmizlesene.now/minx/ftjs.1786843931.js:0
[ 2615453ms] [LOG] %c JSHandle@node @ https://www.fullhdfilmizlesene.now/minx/ftjs.1786843931.js:0
[ 2615957ms] [LOG] %c JSHandle@node @ https://www.fullhdfilmizlesene.now/minx/ftjs.1786843931.js:0
[ 2616461ms] [LOG] %c JSHandle@node @ https://www.fullhdfilmizlesene.now/minx/ftjs.1786843931.js:0
[ 2616963ms] [LOG] %c JSHandle@node @ https://www.fullhdfilmizlesene.now/minx/ftjs.1786843931.js:0
[ 2617460ms] [LOG] %c JSHandle@node @ https://www.fullhdfilmizlesene.now/minx/ftjs.1786843931.js:0
[ 2617963ms] [LOG] %c JSHandle@node @ https://www.fullhdfilmizlesene.now/minx/ftjs.1786843931.js:0
[ 2618449ms] [LOG] %c JSHandle@node @ https://www.fullhdfilmizlesene.now/minx/ftjs.1786843931.js:0
[ 2618951ms] [LOG] %c JSHandle@node @ https://www.fullhdfilmizlesene.now/minx/ftjs.1786843931.js:0
[ 2619453ms] [LOG] %c JSHandle@node @ https://www.fullhdfilmizlesene.now/minx/ftjs.1786843931.js:0
[ 2619955ms] [LOG] %c JSHandle@node @ https://www.fullhdfilmizlesene.now/minx/ftjs.1786843931.js:0
[ 2620456ms] [LOG] %c JSHandle@node @ https://www.fullhdfilmizlesene.now/minx/ftjs.1786843931.js:0
[ 2620959ms] [LOG] %c JSHandle@node @ https://www.fullhdfilmizlesene.now/minx/ftjs.1786843931.js:0
[ 2621449ms] [LOG] %c JSHandle@node @ https://www.fullhdfilmizlesene.now/minx/ftjs.1786843931.js:0
[ 2621952ms] [LOG] %c JSHandle@node @ https://www.fullhdfilmizlesene.now/minx/ftjs.1786843931.js:0
[ 2622452ms] [LOG] %c JSHandle@node @ https://www.fullhdfilmizlesene.now/minx/ftjs.1786843931.js:0
[ 2622952ms] [LOG] %c JSHandle@node @ https://www.fullhdfilmizlesene.now/minx/ftjs.1786843931.js:0
[ 2623454ms] [LOG] %c JSHandle@node @ https://www.fullhdfilmizlesene.now/minx/ftjs.1786843931.js:0
[ 2623957ms] [LOG] %c JSHandle@node @ https://www.fullhdfilmizlesene.now/minx/ftjs.1786843931.js:0
[ 2624459ms] [LOG] %c JSHandle@node @ https://www.fullhdfilmizlesene.now/minx/ftjs.1786843931.js:0
[ 2624962ms] [LOG] %c JSHandle@node @ https://www.fullhdfilmizlesene.now/minx/ftjs.1786843931.js:0
[ 2625451ms] [LOG] %c JSHandle@node @ https://www.fullhdfilmizlesene.now/minx/ftjs.1786843931.js:0
[ 2625956ms] [LOG] %c JSHandle@node @ https://www.fullhdfilmizlesene.now/minx/ftjs.1786843931.js:0
[ 2626459ms] [LOG] %c JSHandle@node @ https://www.fullhdfilmizlesene.now/minx/ftjs.1786843931.js:0
[ 2626958ms] [LOG] %c JSHandle@node @ https://www.fullhdfilmizlesene.now/minx/ftjs.1786843931.js:0
[ 2627457ms] [LOG] %c JSHandle@node @ https://www.fullhdfilmizlesene.now/minx/ftjs.1786843931.js:0
[ 2627957ms] [LOG] %c JSHandle@node @ https://www.fullhdfilmizlesene.now/minx/ftjs.1786843931.js:0
[ 2628454ms] [LOG] %c JSHandle@node @ https://www.fullhdfilmizlesene.now/minx/ftjs.1786843931.js:0
[ 2628954ms] [LOG] %c JSHandle@node @ https://www.fullhdfilmizlesene.now/minx/ftjs.1786843931.js:0
[ 2629453ms] [LOG] %c JSHandle@node @ https://www.fullhdfilmizlesene.now/minx/ftjs.1786843931.js:0
[ 2629954ms] [LOG] %c JSHandle@node @ https://www.fullhdfilmizlesene.now/minx/ftjs.1786843931.js:0
[ 2630455ms] [LOG] %c JSHandle@node @ https://www.fullhdfilmizlesene.now/minx/ftjs.1786843931.js:0
[ 2630956ms] [LOG] %c JSHandle@node @ https://www.fullhdfilmizlesene.now/minx/ftjs.1786843931.js:0
[ 2631452ms] [LOG] %c JSHandle@node @ https://www.fullhdfilmizlesene.now/minx/ftjs.1786843931.js:0
[ 2631950ms] [LOG] %c JSHandle@node @ https://www.fullhdfilmizlesene.now/minx/ftjs.1786843931.js:0
[ 2632450ms] [LOG] %c JSHandle@node @ https://www.fullhdfilmizlesene.now/minx/ftjs.1786843931.js:0
[ 2632953ms] [LOG] %c JSHandle@node @ https://www.fullhdfilmizlesene.now/minx/ftjs.1786843931.js:0
[ 2633451ms] [LOG] %c JSHandle@node @ https://www.fullhdfilmizlesene.now/minx/ftjs.1786843931.js:0
[ 2633953ms] [LOG] %c JSHandle@node @ https://www.fullhdfilmizlesene.now/minx/ftjs.1786843931.js:0
[ 2634456ms] [LOG] %c JSHandle@node @ https://www.fullhdfilmizlesene.now/minx/ftjs.1786843931.js:0
[ 2634952ms] [LOG] %c JSHandle@node @ https://www.fullhdfilmizlesene.now/minx/ftjs.1786843931.js:0
[ 2635452ms] [LOG] %c JSHandle@node @ https://www.fullhdfilmizlesene.now/minx/ftjs.1786843931.js:0
[ 2635950ms] [LOG] %c JSHandle@node @ https://www.fullhdfilmizlesene.now/minx/ftjs.1786843931.js:0
[ 2636463ms] [LOG] %c JSHandle@node @ https://www.fullhdfilmizlesene.now/minx/ftjs.1786843931.js:0
[ 2636951ms] [LOG] %c JSHandle@node @ https://www.fullhdfilmizlesene.now/minx/ftjs.1786843931.js:0
[ 2637449ms] [LOG] %c JSHandle@node @ https://www.fullhdfilmizlesene.now/minx/ftjs.1786843931.js:0
[ 2637961ms] [LOG] %c JSHandle@node @ https://www.fullhdfilmizlesene.now/minx/ftjs.1786843931.js:0
[ 2638458ms] [LOG] %c JSHandle@node @ https://www.fullhdfilmizlesene.now/minx/ftjs.1786843931.js:0
[ 2638960ms] [LOG] %c JSHandle@node @ https://www.fullhdfilmizlesene.now/minx/ftjs.1786843931.js:0
[ 2639461ms] [LOG] %c JSHandle@node @ https://www.fullhdfilmizlesene.now/minx/ftjs.1786843931.js:0
[ 2639958ms] [LOG] %c JSHandle@node @ https://www.fullhdfilmizlesene.now/minx/ftjs.1786843931.js:0
[ 2640462ms] [LOG] %c JSHandle@node @ https://www.fullhdfilmizlesene.now/minx/ftjs.1786843931.js:0
[ 2640949ms] [LOG] %c JSHandle@node @ https://www.fullhdfilmizlesene.now/minx/ftjs.1786843931.js:0
[ 2641449ms] [LOG] %c JSHandle@node @ https://www.fullhdfilmizlesene.now/minx/ftjs.1786843931.js:0
[ 2641961ms] [LOG] %c JSHandle@node @ https://www.fullhdfilmizlesene.now/minx/ftjs.1786843931.js:0
[ 2642460ms] [LOG] %c JSHandle@node @ https://www.fullhdfilmizlesene.now/minx/ftjs.1786843931.js:0
[ 2642958ms] [LOG] %c JSHandle@node @ https://www.fullhdfilmizlesene.now/minx/ftjs.1786843931.js:0
[ 2643456ms] [LOG] %c JSHandle@node @ https://www.fullhdfilmizlesene.now/minx/ftjs.1786843931.js:0
[ 2643954ms] [LOG] %c JSHandle@node @ https://www.fullhdfilmizlesene.now/minx/ftjs.1786843931.js:0
[ 2644451ms] [LOG] %c JSHandle@node @ https://www.fullhdfilmizlesene.now/minx/ftjs.1786843931.js:0
[ 2644953ms] [LOG] %c JSHandle@node @ https://www.fullhdfilmizlesene.now/minx/ftjs.1786843931.js:0
[ 2645450ms] [LOG] %c JSHandle@node @ https://www.fullhdfilmizlesene.now/minx/ftjs.1786843931.js:0
[ 2645952ms] [LOG] %c JSHandle@node @ https://www.fullhdfilmizlesene.now/minx/ftjs.1786843931.js:0
[ 2646463ms] [LOG] %c JSHandle@node @ https://www.fullhdfilmizlesene.now/minx/ftjs.1786843931.js:0
[ 2646950ms] [LOG] %c JSHandle@node @ https://www.fullhdfilmizlesene.now/minx/ftjs.1786843931.js:0
[ 2647449ms] [LOG] %c JSHandle@node @ https://www.fullhdfilmizlesene.now/minx/ftjs.1786843931.js:0
[ 2647949ms] [LOG] %c JSHandle@node @ https://www.fullhdfilmizlesene.now/minx/ftjs.1786843931.js:0
[ 2648452ms] [LOG] %c JSHandle@node @ https://www.fullhdfilmizlesene.now/minx/ftjs.1786843931.js:0
[ 2648950ms] [LOG] %c JSHandle@node @ https://www.fullhdfilmizlesene.now/minx/ftjs.1786843931.js:0
[ 2649449ms] [LOG] %c JSHandle@node @ https://www.fullhdfilmizlesene.now/minx/ftjs.1786843931.js:0
[ 2649950ms] [LOG] %c JSHandle@node @ https://www.fullhdfilmizlesene.now/minx/ftjs.1786843931.js:0
[ 2650452ms] [LOG] %c JSHandle@node @ https://www.fullhdfilmizlesene.now/minx/ftjs.1786843931.js:0
[ 2650955ms] [LOG] %c JSHandle@node @ https://www.fullhdfilmizlesene.now/minx/ftjs.1786843931.js:0
[ 2651457ms] [LOG] %c JSHandle@node @ https://www.fullhdfilmizlesene.now/minx/ftjs.1786843931.js:0
[ 2651960ms] [LOG] %c JSHandle@node @ https://www.fullhdfilmizlesene.now/minx/ftjs.1786843931.js:0
[ 2652462ms] [LOG] %c JSHandle@node @ https://www.fullhdfilmizlesene.now/minx/ftjs.1786843931.js:0
[ 2652962ms] [LOG] %c JSHandle@node @ https://www.fullhdfilmizlesene.now/minx/ftjs.1786843931.js:0
[ 2653464ms] [LOG] %c JSHandle@node @ https://www.fullhdfilmizlesene.now/minx/ftjs.1786843931.js:0
[ 2653962ms] [LOG] %c JSHandle@node @ https://www.fullhdfilmizlesene.now/minx/ftjs.1786843931.js:0
[ 2654449ms] [LOG] %c JSHandle@node @ https://www.fullhdfilmizlesene.now/minx/ftjs.1786843931.js:0
[ 2654951ms] [LOG] %c JSHandle@node @ https://www.fullhdfilmizlesene.now/minx/ftjs.1786843931.js:0
[ 2655450ms] [LOG] %c JSHandle@node @ https://www.fullhdfilmizlesene.now/minx/ftjs.1786843931.js:0
[ 2655951ms] [LOG] %c JSHandle@node @ https://www.fullhdfilmizlesene.now/minx/ftjs.1786843931.js:0
[ 2656463ms] [LOG] %c JSHandle@node @ https://www.fullhdfilmizlesene.now/minx/ftjs.1786843931.js:0
[ 2656960ms] [LOG] %c JSHandle@node @ https://www.fullhdfilmizlesene.now/minx/ftjs.1786843931.js:0
[ 2657462ms] [LOG] %c JSHandle@node @ https://www.fullhdfilmizlesene.now/minx/ftjs.1786843931.js:0
[ 2657960ms] [LOG] %c JSHandle@node @ https://www.fullhdfilmizlesene.now/minx/ftjs.1786843931.js:0
[ 2658459ms] [LOG] %c JSHandle@node @ https://www.fullhdfilmizlesene.now/minx/ftjs.1786843931.js:0
[ 2658957ms] [LOG] %c JSHandle@node @ https://www.fullhdfilmizlesene.now/minx/ftjs.1786843931.js:0
[ 2659456ms] [LOG] %c JSHandle@node @ https://www.fullhdfilmizlesene.now/minx/ftjs.1786843931.js:0
[ 2659955ms] [LOG] %c JSHandle@node @ https://www.fullhdfilmizlesene.now/minx/ftjs.1786843931.js:0
[ 2660453ms] [LOG] %c JSHandle@node @ https://www.fullhdfilmizlesene.now/minx/ftjs.1786843931.js:0
[ 2660953ms] [LOG] %c JSHandle@node @ https://www.fullhdfilmizlesene.now/minx/ftjs.1786843931.js:0
[ 2661452ms] [LOG] %c JSHandle@node @ https://www.fullhdfilmizlesene.now/minx/ftjs.1786843931.js:0
[ 2661951ms] [LOG] %c JSHandle@node @ https://www.fullhdfilmizlesene.now/minx/ftjs.1786843931.js:0
[ 2662451ms] [LOG] %c JSHandle@node @ https://www.fullhdfilmizlesene.now/minx/ftjs.1786843931.js:0
[ 2662964ms] [LOG] %c JSHandle@node @ https://www.fullhdfilmizlesene.now/minx/ftjs.1786843931.js:0
[ 2663449ms] [LOG] %c JSHandle@node @ https://www.fullhdfilmizlesene.now/minx/ftjs.1786843931.js:0
[ 2663961ms] [LOG] %c JSHandle@node @ https://www.fullhdfilmizlesene.now/minx/ftjs.1786843931.js:0
[ 2664462ms] [LOG] %c JSHandle@node @ https://www.fullhdfilmizlesene.now/minx/ftjs.1786843931.js:0
[ 2664960ms] [LOG] %c JSHandle@node @ https://www.fullhdfilmizlesene.now/minx/ftjs.1786843931.js:0
[ 2665461ms] [LOG] %c JSHandle@node @ https://www.fullhdfilmizlesene.now/minx/ftjs.1786843931.js:0
[ 2665959ms] [LOG] %c JSHandle@node @ https://www.fullhdfilmizlesene.now/minx/ftjs.1786843931.js:0
[ 2666457ms] [LOG] %c JSHandle@node @ https://www.fullhdfilmizlesene.now/minx/ftjs.1786843931.js:0
[ 2666954ms] [LOG] %c JSHandle@node @ https://www.fullhdfilmizlesene.now/minx/ftjs.1786843931.js:0
[ 2667452ms] [LOG] %c JSHandle@node @ https://www.fullhdfilmizlesene.now/minx/ftjs.1786843931.js:0
[ 2667955ms] [LOG] %c JSHandle@node @ https://www.fullhdfilmizlesene.now/minx/ftjs.1786843931.js:0
[ 2668455ms] [LOG] %c JSHandle@node @ https://www.fullhdfilmizlesene.now/minx/ftjs.1786843931.js:0
[ 2668949ms] [LOG] %c JSHandle@node @ https://www.fullhdfilmizlesene.now/minx/ftjs.1786843931.js:0
[ 2669453ms] [LOG] %c JSHandle@node @ https://www.fullhdfilmizlesene.now/minx/ftjs.1786843931.js:0
[ 2669956ms] [LOG] %c JSHandle@node @ https://www.fullhdfilmizlesene.now/minx/ftjs.1786843931.js:0
[ 2670455ms] [LOG] %c JSHandle@node @ https://www.fullhdfilmizlesene.now/minx/ftjs.1786843931.js:0
[ 2670954ms] [LOG] %c JSHandle@node @ https://www.fullhdfilmizlesene.now/minx/ftjs.1786843931.js:0
[ 2671453ms] [LOG] %c JSHandle@node @ https://www.fullhdfilmizlesene.now/minx/ftjs.1786843931.js:0
[ 2671951ms] [LOG] %c JSHandle@node @ https://www.fullhdfilmizlesene.now/minx/ftjs.1786843931.js:0
[ 2672449ms] [LOG] %c JSHandle@node @ https://www.fullhdfilmizlesene.now/minx/ftjs.1786843931.js:0
[ 2672962ms] [LOG] %c JSHandle@node @ https://www.fullhdfilmizlesene.now/minx/ftjs.1786843931.js:0
[ 2673451ms] [LOG] %c JSHandle@node @ https://www.fullhdfilmizlesene.now/minx/ftjs.1786843931.js:0
[ 2673949ms] [LOG] %c JSHandle@node @ https://www.fullhdfilmizlesene.now/minx/ftjs.1786843931.js:0
[ 2674451ms] [LOG] %c JSHandle@node @ https://www.fullhdfilmizlesene.now/minx/ftjs.1786843931.js:0
[ 2674950ms] [LOG] %c JSHandle@node @ https://www.fullhdfilmizlesene.now/minx/ftjs.1786843931.js:0
[ 2675449ms] [LOG] %c JSHandle@node @ https://www.fullhdfilmizlesene.now/minx/ftjs.1786843931.js:0
[ 2675949ms] [LOG] %c JSHandle@node @ https://www.fullhdfilmizlesene.now/minx/ftjs.1786843931.js:0
[ 2676450ms] [LOG] %c JSHandle@node @ https://www.fullhdfilmizlesene.now/minx/ftjs.1786843931.js:0
[ 2676962ms] [LOG] %c JSHandle@node @ https://www.fullhdfilmizlesene.now/minx/ftjs.1786843931.js:0
[ 2677461ms] [LOG] %c JSHandle@node @ https://www.fullhdfilmizlesene.now/minx/ftjs.1786843931.js:0
[ 2677958ms] [LOG] %c JSHandle@node @ https://www.fullhdfilmizlesene.now/minx/ftjs.1786843931.js:0
[ 2678457ms] [LOG] %c JSHandle@node @ https://www.fullhdfilmizlesene.now/minx/ftjs.1786843931.js:0
[ 2678957ms] [LOG] %c JSHandle@node @ https://www.fullhdfilmizlesene.now/minx/ftjs.1786843931.js:0
[ 2679456ms] [LOG] %c JSHandle@node @ https://www.fullhdfilmizlesene.now/minx/ftjs.1786843931.js:0
[ 2679955ms] [LOG] %c JSHandle@node @ https://www.fullhdfilmizlesene.now/minx/ftjs.1786843931.js:0
[ 2680456ms] [LOG] %c JSHandle@node @ https://www.fullhdfilmizlesene.now/minx/ftjs.1786843931.js:0
[ 2680954ms] [LOG] %c JSHandle@node @ https://www.fullhdfilmizlesene.now/minx/ftjs.1786843931.js:0
[ 2681455ms] [LOG] %c JSHandle@node @ https://www.fullhdfilmizlesene.now/minx/ftjs.1786843931.js:0
[ 2681953ms] [LOG] %c JSHandle@node @ https://www.fullhdfilmizlesene.now/minx/ftjs.1786843931.js:0
[ 2682454ms] [LOG] %c JSHandle@node @ https://www.fullhdfilmizlesene.now/minx/ftjs.1786843931.js:0
[ 2682953ms] [LOG] %c JSHandle@node @ https://www.fullhdfilmizlesene.now/minx/ftjs.1786843931.js:0
[ 2683452ms] [LOG] %c JSHandle@node @ https://www.fullhdfilmizlesene.now/minx/ftjs.1786843931.js:0
[ 2683948ms] [LOG] %c JSHandle@node @ https://www.fullhdfilmizlesene.now/minx/ftjs.1786843931.js:0
[ 2684456ms] [LOG] %c JSHandle@node @ https://www.fullhdfilmizlesene.now/minx/ftjs.1786843931.js:0
[ 2684954ms] [LOG] %c JSHandle@node @ https://www.fullhdfilmizlesene.now/minx/ftjs.1786843931.js:0
[ 2685451ms] [LOG] %c JSHandle@node @ https://www.fullhdfilmizlesene.now/minx/ftjs.1786843931.js:0
[ 2685949ms] [LOG] %c JSHandle@node @ https://www.fullhdfilmizlesene.now/minx/ftjs.1786843931.js:0
[ 2686451ms] [LOG] %c JSHandle@node @ https://www.fullhdfilmizlesene.now/minx/ftjs.1786843931.js:0
[ 2686953ms] [LOG] %c JSHandle@node @ https://www.fullhdfilmizlesene.now/minx/ftjs.1786843931.js:0
[ 2687459ms] [LOG] %c JSHandle@node @ https://www.fullhdfilmizlesene.now/minx/ftjs.1786843931.js:0
[ 2687958ms] [LOG] %c JSHandle@node @ https://www.fullhdfilmizlesene.now/minx/ftjs.1786843931.js:0
[ 2688457ms] [LOG] %c JSHandle@node @ https://www.fullhdfilmizlesene.now/minx/ftjs.1786843931.js:0
[ 2688953ms] [LOG] %c JSHandle@node @ https://www.fullhdfilmizlesene.now/minx/ftjs.1786843931.js:0
[ 2689453ms] [LOG] %c JSHandle@node @ https://www.fullhdfilmizlesene.now/minx/ftjs.1786843931.js:0
[ 2689950ms] [LOG] %c JSHandle@node @ https://www.fullhdfilmizlesene.now/minx/ftjs.1786843931.js:0
[ 2690450ms] [LOG] %c JSHandle@node @ https://www.fullhdfilmizlesene.now/minx/ftjs.1786843931.js:0
[ 2690963ms] [LOG] %c JSHandle@node @ https://www.fullhdfilmizlesene.now/minx/ftjs.1786843931.js:0
[ 2691449ms] [LOG] %c JSHandle@node @ https://www.fullhdfilmizlesene.now/minx/ftjs.1786843931.js:0
[ 2691963ms] [LOG] %c JSHandle@node @ https://www.fullhdfilmizlesene.now/minx/ftjs.1786843931.js:0
[ 2692453ms] [LOG] %c JSHandle@node @ https://www.fullhdfilmizlesene.now/minx/ftjs.1786843931.js:0
[ 2692955ms] [LOG] %c JSHandle@node @ https://www.fullhdfilmizlesene.now/minx/ftjs.1786843931.js:0
[ 2693455ms] [LOG] %c JSHandle@node @ https://www.fullhdfilmizlesene.now/minx/ftjs.1786843931.js:0
[ 2693956ms] [LOG] %c JSHandle@node @ https://www.fullhdfilmizlesene.now/minx/ftjs.1786843931.js:0
[ 2694455ms] [LOG] %c JSHandle@node @ https://www.fullhdfilmizlesene.now/minx/ftjs.1786843931.js:0
[ 2694949ms] [LOG] %c JSHandle@node @ https://www.fullhdfilmizlesene.now/minx/ftjs.1786843931.js:0
[ 2695451ms] [LOG] %c JSHandle@node @ https://www.fullhdfilmizlesene.now/minx/ftjs.1786843931.js:0
[ 2695953ms] [LOG] %c JSHandle@node @ https://www.fullhdfilmizlesene.now/minx/ftjs.1786843931.js:0
[ 2696453ms] [LOG] %c JSHandle@node @ https://www.fullhdfilmizlesene.now/minx/ftjs.1786843931.js:0
[ 2696952ms] [LOG] %c JSHandle@node @ https://www.fullhdfilmizlesene.now/minx/ftjs.1786843931.js:0
[ 2697449ms] [LOG] %c JSHandle@node @ https://www.fullhdfilmizlesene.now/minx/ftjs.1786843931.js:0
[ 2697962ms] [LOG] %c JSHandle@node @ https://www.fullhdfilmizlesene.now/minx/ftjs.1786843931.js:0
[ 2698460ms] [LOG] %c JSHandle@node @ https://www.fullhdfilmizlesene.now/minx/ftjs.1786843931.js:0
[ 2698962ms] [LOG] %c JSHandle@node @ https://www.fullhdfilmizlesene.now/minx/ftjs.1786843931.js:0
[ 2699449ms] [LOG] %c JSHandle@node @ https://www.fullhdfilmizlesene.now/minx/ftjs.1786843931.js:0
[ 2699950ms] [LOG] %c JSHandle@node @ https://www.fullhdfilmizlesene.now/minx/ftjs.1786843931.js:0
[ 2700464ms] [LOG] %c JSHandle@node @ https://www.fullhdfilmizlesene.now/minx/ftjs.1786843931.js:0
[ 2700953ms] [LOG] %c JSHandle@node @ https://www.fullhdfilmizlesene.now/minx/ftjs.1786843931.js:0
[ 2701454ms] [LOG] %c JSHandle@node @ https://www.fullhdfilmizlesene.now/minx/ftjs.1786843931.js:0
[ 2701949ms] [LOG] %c JSHandle@node @ https://www.fullhdfilmizlesene.now/minx/ftjs.1786843931.js:0
[ 2702455ms] [LOG] %c JSHandle@node @ https://www.fullhdfilmizlesene.now/minx/ftjs.1786843931.js:0
[ 2702956ms] [LOG] %c JSHandle@node @ https://www.fullhdfilmizlesene.now/minx/ftjs.1786843931.js:0
[ 2703452ms] [LOG] %c JSHandle@node @ https://www.fullhdfilmizlesene.now/minx/ftjs.1786843931.js:0
[ 2703948ms] [LOG] %c JSHandle@node @ https://www.fullhdfilmizlesene.now/minx/ftjs.1786843931.js:0
[ 2704449ms] [LOG] %c JSHandle@node @ https://www.fullhdfilmizlesene.now/minx/ftjs.1786843931.js:0
[ 2704958ms] [LOG] %c JSHandle@node @ https://www.fullhdfilmizlesene.now/minx/ftjs.1786843931.js:0
[ 2705456ms] [LOG] %c JSHandle@node @ https://www.fullhdfilmizlesene.now/minx/ftjs.1786843931.js:0
[ 2705956ms] [LOG] %c JSHandle@node @ https://www.fullhdfilmizlesene.now/minx/ftjs.1786843931.js:0
[ 2706455ms] [LOG] %c JSHandle@node @ https://www.fullhdfilmizlesene.now/minx/ftjs.1786843931.js:0
[ 2706954ms] [LOG] %c JSHandle@node @ https://www.fullhdfilmizlesene.now/minx/ftjs.1786843931.js:0
[ 2707452ms] [LOG] %c JSHandle@node @ https://www.fullhdfilmizlesene.now/minx/ftjs.1786843931.js:0
[ 2707953ms] [LOG] %c JSHandle@node @ https://www.fullhdfilmizlesene.now/minx/ftjs.1786843931.js:0
[ 2708452ms] [LOG] %c JSHandle@node @ https://www.fullhdfilmizlesene.now/minx/ftjs.1786843931.js:0
[ 2708952ms] [LOG] %c JSHandle@node @ https://www.fullhdfilmizlesene.now/minx/ftjs.1786843931.js:0
[ 2709453ms] [LOG] %c JSHandle@node @ https://www.fullhdfilmizlesene.now/minx/ftjs.1786843931.js:0
[ 2709951ms] [LOG] %c JSHandle@node @ https://www.fullhdfilmizlesene.now/minx/ftjs.1786843931.js:0
[ 2710456ms] [LOG] %c JSHandle@node @ https://www.fullhdfilmizlesene.now/minx/ftjs.1786843931.js:0
[ 2710953ms] [LOG] %c JSHandle@node @ https://www.fullhdfilmizlesene.now/minx/ftjs.1786843931.js:0
[ 2711451ms] [LOG] %c JSHandle@node @ https://www.fullhdfilmizlesene.now/minx/ftjs.1786843931.js:0
[ 2711950ms] [LOG] %c JSHandle@node @ https://www.fullhdfilmizlesene.now/minx/ftjs.1786843931.js:0
[ 2712450ms] [LOG] %c JSHandle@node @ https://www.fullhdfilmizlesene.now/minx/ftjs.1786843931.js:0
[ 2712950ms] [LOG] %c JSHandle@node @ https://www.fullhdfilmizlesene.now/minx/ftjs.1786843931.js:0
[ 2713450ms] [LOG] %c JSHandle@node @ https://www.fullhdfilmizlesene.now/minx/ftjs.1786843931.js:0
[ 2713953ms] [LOG] %c JSHandle@node @ https://www.fullhdfilmizlesene.now/minx/ftjs.1786843931.js:0
[ 2714452ms] [LOG] %c JSHandle@node @ https://www.fullhdfilmizlesene.now/minx/ftjs.1786843931.js:0
[ 2714951ms] [LOG] %c JSHandle@node @ https://www.fullhdfilmizlesene.now/minx/ftjs.1786843931.js:0
[ 2715462ms] [LOG] %c JSHandle@node @ https://www.fullhdfilmizlesene.now/minx/ftjs.1786843931.js:0
[ 2715961ms] [LOG] %c JSHandle@node @ https://www.fullhdfilmizlesene.now/minx/ftjs.1786843931.js:0
[ 2716462ms] [LOG] %c JSHandle@node @ https://www.fullhdfilmizlesene.now/minx/ftjs.1786843931.js:0
[ 2716959ms] [LOG] %c JSHandle@node @ https://www.fullhdfilmizlesene.now/minx/ftjs.1786843931.js:0
[ 2717456ms] [LOG] %c JSHandle@node @ https://www.fullhdfilmizlesene.now/minx/ftjs.1786843931.js:0
[ 2717948ms] [LOG] %c JSHandle@node @ https://www.fullhdfilmizlesene.now/minx/ftjs.1786843931.js:0
[ 2718456ms] [LOG] %c JSHandle@node @ https://www.fullhdfilmizlesene.now/minx/ftjs.1786843931.js:0
[ 2718955ms] [LOG] %c JSHandle@node @ https://www.fullhdfilmizlesene.now/minx/ftjs.1786843931.js:0
[ 2719453ms] [LOG] %c JSHandle@node @ https://www.fullhdfilmizlesene.now/minx/ftjs.1786843931.js:0
[ 2719949ms] [LOG] %c JSHandle@node @ https://www.fullhdfilmizlesene.now/minx/ftjs.1786843931.js:0
[ 2720448ms] [LOG] %c JSHandle@node @ https://www.fullhdfilmizlesene.now/minx/ftjs.1786843931.js:0
[ 2720962ms] [LOG] %c JSHandle@node @ https://www.fullhdfilmizlesene.now/minx/ftjs.1786843931.js:0
[ 2721460ms] [LOG] %c JSHandle@node @ https://www.fullhdfilmizlesene.now/minx/ftjs.1786843931.js:0
[ 2721955ms] [LOG] %c JSHandle@node @ https://www.fullhdfilmizlesene.now/minx/ftjs.1786843931.js:0
[ 2722454ms] [LOG] %c JSHandle@node @ https://www.fullhdfilmizlesene.now/minx/ftjs.1786843931.js:0
[ 2722951ms] [LOG] %c JSHandle@node @ https://www.fullhdfilmizlesene.now/minx/ftjs.1786843931.js:0
[ 2723452ms] [LOG] %c JSHandle@node @ https://www.fullhdfilmizlesene.now/minx/ftjs.1786843931.js:0
[ 2723951ms] [LOG] %c JSHandle@node @ https://www.fullhdfilmizlesene.now/minx/ftjs.1786843931.js:0
[ 2724452ms] [LOG] %c JSHandle@node @ https://www.fullhdfilmizlesene.now/minx/ftjs.1786843931.js:0
[ 2724963ms] [LOG] %c JSHandle@node @ https://www.fullhdfilmizlesene.now/minx/ftjs.1786843931.js:0
[ 2725448ms] [LOG] %c JSHandle@node @ https://www.fullhdfilmizlesene.now/minx/ftjs.1786843931.js:0
[ 2725951ms] [LOG] %c JSHandle@node @ https://www.fullhdfilmizlesene.now/minx/ftjs.1786843931.js:0
[ 2726451ms] [LOG] %c JSHandle@node @ https://www.fullhdfilmizlesene.now/minx/ftjs.1786843931.js:0
[ 2726953ms] [LOG] %c JSHandle@node @ https://www.fullhdfilmizlesene.now/minx/ftjs.1786843931.js:0
[ 2727456ms] [LOG] %c JSHandle@node @ https://www.fullhdfilmizlesene.now/minx/ftjs.1786843931.js:0
[ 2727959ms] [LOG] %c JSHandle@node @ https://www.fullhdfilmizlesene.now/minx/ftjs.1786843931.js:0
[ 2728458ms] [LOG] %c JSHandle@node @ https://www.fullhdfilmizlesene.now/minx/ftjs.1786843931.js:0
[ 2728955ms] [LOG] %c JSHandle@node @ https://www.fullhdfilmizlesene.now/minx/ftjs.1786843931.js:0
[ 2729453ms] [LOG] %c JSHandle@node @ https://www.fullhdfilmizlesene.now/minx/ftjs.1786843931.js:0
[ 2729955ms] [LOG] %c JSHandle@node @ https://www.fullhdfilmizlesene.now/minx/ftjs.1786843931.js:0
[ 2730453ms] [LOG] %c JSHandle@node @ https://www.fullhdfilmizlesene.now/minx/ftjs.1786843931.js:0
[ 2730954ms] [LOG] %c JSHandle@node @ https://www.fullhdfilmizlesene.now/minx/ftjs.1786843931.js:0
[ 2731452ms] [LOG] %c JSHandle@node @ https://www.fullhdfilmizlesene.now/minx/ftjs.1786843931.js:0
[ 2731950ms] [LOG] %c JSHandle@node @ https://www.fullhdfilmizlesene.now/minx/ftjs.1786843931.js:0
[ 2732451ms] [LOG] %c JSHandle@node @ https://www.fullhdfilmizlesene.now/minx/ftjs.1786843931.js:0
[ 2732948ms] [LOG] %c JSHandle@node @ https://www.fullhdfilmizlesene.now/minx/ftjs.1786843931.js:0
[ 2733450ms] [LOG] %c JSHandle@node @ https://www.fullhdfilmizlesene.now/minx/ftjs.1786843931.js:0
[ 2733954ms] [LOG] %c JSHandle@node @ https://www.fullhdfilmizlesene.now/minx/ftjs.1786843931.js:0
[ 2734459ms] [LOG] %c JSHandle@node @ https://www.fullhdfilmizlesene.now/minx/ftjs.1786843931.js:0
[ 2734957ms] [LOG] %c JSHandle@node @ https://www.fullhdfilmizlesene.now/minx/ftjs.1786843931.js:0
[ 2735448ms] [LOG] %c JSHandle@node @ https://www.fullhdfilmizlesene.now/minx/ftjs.1786843931.js:0
[ 2735962ms] [LOG] %c JSHandle@node @ https://www.fullhdfilmizlesene.now/minx/ftjs.1786843931.js:0
[ 2736449ms] [LOG] %c JSHandle@node @ https://www.fullhdfilmizlesene.now/minx/ftjs.1786843931.js:0
[ 2736959ms] [LOG] %c JSHandle@node @ https://www.fullhdfilmizlesene.now/minx/ftjs.1786843931.js:0
[ 2737458ms] [LOG] %c JSHandle@node @ https://www.fullhdfilmizlesene.now/minx/ftjs.1786843931.js:0
[ 2737958ms] [LOG] %c JSHandle@node @ https://www.fullhdfilmizlesene.now/minx/ftjs.1786843931.js:0
[ 2738453ms] [LOG] %c JSHandle@node @ https://www.fullhdfilmizlesene.now/minx/ftjs.1786843931.js:0
[ 2738964ms] [LOG] %c JSHandle@node @ https://www.fullhdfilmizlesene.now/minx/ftjs.1786843931.js:0
[ 2739452ms] [LOG] %c JSHandle@node @ https://www.fullhdfilmizlesene.now/minx/ftjs.1786843931.js:0
[ 2739956ms] [LOG] %c JSHandle@node @ https://www.fullhdfilmizlesene.now/minx/ftjs.1786843931.js:0
[ 2740455ms] [LOG] %c JSHandle@node @ https://www.fullhdfilmizlesene.now/minx/ftjs.1786843931.js:0
[ 2740962ms] [LOG] %c JSHandle@node @ https://www.fullhdfilmizlesene.now/minx/ftjs.1786843931.js:0
[ 2741462ms] [LOG] %c JSHandle@node @ https://www.fullhdfilmizlesene.now/minx/ftjs.1786843931.js:0
[ 2741957ms] [LOG] %c JSHandle@node @ https://www.fullhdfilmizlesene.now/minx/ftjs.1786843931.js:0
[ 2742456ms] [LOG] %c JSHandle@node @ https://www.fullhdfilmizlesene.now/minx/ftjs.1786843931.js:0
[ 2742958ms] [LOG] %c JSHandle@node @ https://www.fullhdfilmizlesene.now/minx/ftjs.1786843931.js:0
[ 2743456ms] [LOG] %c JSHandle@node @ https://www.fullhdfilmizlesene.now/minx/ftjs.1786843931.js:0
[ 2743948ms] [LOG] %c JSHandle@node @ https://www.fullhdfilmizlesene.now/minx/ftjs.1786843931.js:0
[ 2744456ms] [LOG] %c JSHandle@node @ https://www.fullhdfilmizlesene.now/minx/ftjs.1786843931.js:0
[ 2744953ms] [LOG] %c JSHandle@node @ https://www.fullhdfilmizlesene.now/minx/ftjs.1786843931.js:0
[ 2745453ms] [LOG] %c JSHandle@node @ https://www.fullhdfilmizlesene.now/minx/ftjs.1786843931.js:0
[ 2745953ms] [LOG] %c JSHandle@node @ https://www.fullhdfilmizlesene.now/minx/ftjs.1786843931.js:0
[ 2746455ms] [LOG] %c JSHandle@node @ https://www.fullhdfilmizlesene.now/minx/ftjs.1786843931.js:0
[ 2746953ms] [LOG] %c JSHandle@node @ https://www.fullhdfilmizlesene.now/minx/ftjs.1786843931.js:0
[ 2747455ms] [LOG] %c JSHandle@node @ https://www.fullhdfilmizlesene.now/minx/ftjs.1786843931.js:0
[ 2747954ms] [LOG] %c JSHandle@node @ https://www.fullhdfilmizlesene.now/minx/ftjs.1786843931.js:0
[ 2748452ms] [LOG] %c JSHandle@node @ https://www.fullhdfilmizlesene.now/minx/ftjs.1786843931.js:0
[ 2748949ms] [LOG] %c JSHandle@node @ https://www.fullhdfilmizlesene.now/minx/ftjs.1786843931.js:0
[ 2749449ms] [LOG] %c JSHandle@node @ https://www.fullhdfilmizlesene.now/minx/ftjs.1786843931.js:0
[ 2749963ms] [LOG] %c JSHandle@node @ https://www.fullhdfilmizlesene.now/minx/ftjs.1786843931.js:0
[ 2750460ms] [LOG] %c JSHandle@node @ https://www.fullhdfilmizlesene.now/minx/ftjs.1786843931.js:0
[ 2750960ms] [LOG] %c JSHandle@node @ https://www.fullhdfilmizlesene.now/minx/ftjs.1786843931.js:0
[ 2751460ms] [LOG] %c JSHandle@node @ https://www.fullhdfilmizlesene.now/minx/ftjs.1786843931.js:0
[ 2751957ms] [LOG] %c JSHandle@node @ https://www.fullhdfilmizlesene.now/minx/ftjs.1786843931.js:0
[ 2752457ms] [LOG] %c JSHandle@node @ https://www.fullhdfilmizlesene.now/minx/ftjs.1786843931.js:0
[ 2752957ms] [LOG] %c JSHandle@node @ https://www.fullhdfilmizlesene.now/minx/ftjs.1786843931.js:0
[ 2753455ms] [LOG] %c JSHandle@node @ https://www.fullhdfilmizlesene.now/minx/ftjs.1786843931.js:0
[ 2753953ms] [LOG] %c JSHandle@node @ https://www.fullhdfilmizlesene.now/minx/ftjs.1786843931.js:0
[ 2754453ms] [LOG] %c JSHandle@node @ https://www.fullhdfilmizlesene.now/minx/ftjs.1786843931.js:0
[ 2754952ms] [LOG] %c JSHandle@node @ https://www.fullhdfilmizlesene.now/minx/ftjs.1786843931.js:0
[ 2755451ms] [LOG] %c JSHandle@node @ https://www.fullhdfilmizlesene.now/minx/ftjs.1786843931.js:0
[ 2755963ms] [LOG] %c JSHandle@node @ https://www.fullhdfilmizlesene.now/minx/ftjs.1786843931.js:0
[ 2756449ms] [LOG] %c JSHandle@node @ https://www.fullhdfilmizlesene.now/minx/ftjs.1786843931.js:0
[ 2756961ms] [LOG] %c JSHandle@node @ https://www.fullhdfilmizlesene.now/minx/ftjs.1786843931.js:0
[ 2757449ms] [LOG] %c JSHandle@node @ https://www.fullhdfilmizlesene.now/minx/ftjs.1786843931.js:0
[ 2757959ms] [LOG] %c JSHandle@node @ https://www.fullhdfilmizlesene.now/minx/ftjs.1786843931.js:0
[ 2758458ms] [LOG] %c JSHandle@node @ https://www.fullhdfilmizlesene.now/minx/ftjs.1786843931.js:0
[ 2758956ms] [LOG] %c JSHandle@node @ https://www.fullhdfilmizlesene.now/minx/ftjs.1786843931.js:0
[ 2759454ms] [LOG] %c JSHandle@node @ https://www.fullhdfilmizlesene.now/minx/ftjs.1786843931.js:0
[ 2759952ms] [LOG] %c JSHandle@node @ https://www.fullhdfilmizlesene.now/minx/ftjs.1786843931.js:0
[ 2760452ms] [LOG] %c JSHandle@node @ https://www.fullhdfilmizlesene.now/minx/ftjs.1786843931.js:0
[ 2760953ms] [LOG] %c JSHandle@node @ https://www.fullhdfilmizlesene.now/minx/ftjs.1786843931.js:0
[ 2761450ms] [LOG] %c JSHandle@node @ https://www.fullhdfilmizlesene.now/minx/ftjs.1786843931.js:0
[ 2761949ms] [LOG] %c JSHandle@node @ https://www.fullhdfilmizlesene.now/minx/ftjs.1786843931.js:0
[ 2762458ms] [LOG] %c JSHandle@node @ https://www.fullhdfilmizlesene.now/minx/ftjs.1786843931.js:0
[ 2762957ms] [LOG] %c JSHandle@node @ https://www.fullhdfilmizlesene.now/minx/ftjs.1786843931.js:0
[ 2763457ms] [LOG] %c JSHandle@node @ https://www.fullhdfilmizlesene.now/minx/ftjs.1786843931.js:0
[ 2763955ms] [LOG] %c JSHandle@node @ https://www.fullhdfilmizlesene.now/minx/ftjs.1786843931.js:0
[ 2764455ms] [LOG] %c JSHandle@node @ https://www.fullhdfilmizlesene.now/minx/ftjs.1786843931.js:0
[ 2764950ms] [LOG] %c JSHandle@node @ https://www.fullhdfilmizlesene.now/minx/ftjs.1786843931.js:0
[ 2765461ms] [LOG] %c JSHandle@node @ https://www.fullhdfilmizlesene.now/minx/ftjs.1786843931.js:0
[ 2765959ms] [LOG] %c JSHandle@node @ https://www.fullhdfilmizlesene.now/minx/ftjs.1786843931.js:0
[ 2766457ms] [LOG] %c JSHandle@node @ https://www.fullhdfilmizlesene.now/minx/ftjs.1786843931.js:0
[ 2766952ms] [LOG] %c JSHandle@node @ https://www.fullhdfilmizlesene.now/minx/ftjs.1786843931.js:0
[ 2767449ms] [LOG] %c JSHandle@node @ https://www.fullhdfilmizlesene.now/minx/ftjs.1786843931.js:0
[ 2767949ms] [LOG] %c JSHandle@node @ https://www.fullhdfilmizlesene.now/minx/ftjs.1786843931.js:0
[ 2768461ms] [LOG] %c JSHandle@node @ https://www.fullhdfilmizlesene.now/minx/ftjs.1786843931.js:0
[ 2768954ms] [LOG] %c JSHandle@node @ https://www.fullhdfilmizlesene.now/minx/ftjs.1786843931.js:0
[ 2769450ms] [LOG] %c JSHandle@node @ https://www.fullhdfilmizlesene.now/minx/ftjs.1786843931.js:0
[ 2769950ms] [LOG] %c JSHandle@node @ https://www.fullhdfilmizlesene.now/minx/ftjs.1786843931.js:0
[ 2770459ms] [LOG] %c JSHandle@node @ https://www.fullhdfilmizlesene.now/minx/ftjs.1786843931.js:0
[ 2770957ms] [LOG] %c JSHandle@node @ https://www.fullhdfilmizlesene.now/minx/ftjs.1786843931.js:0
[ 2771455ms] [LOG] %c JSHandle@node @ https://www.fullhdfilmizlesene.now/minx/ftjs.1786843931.js:0
[ 2771950ms] [LOG] %c JSHandle@node @ https://www.fullhdfilmizlesene.now/minx/ftjs.1786843931.js:0
[ 2772460ms] [LOG] %c JSHandle@node @ https://www.fullhdfilmizlesene.now/minx/ftjs.1786843931.js:0
[ 2772953ms] [LOG] %c JSHandle@node @ https://www.fullhdfilmizlesene.now/minx/ftjs.1786843931.js:0
[ 2773452ms] [LOG] %c JSHandle@node @ https://www.fullhdfilmizlesene.now/minx/ftjs.1786843931.js:0
[ 2773964ms] [LOG] %c JSHandle@node @ https://www.fullhdfilmizlesene.now/minx/ftjs.1786843931.js:0
[ 2774460ms] [LOG] %c JSHandle@node @ https://www.fullhdfilmizlesene.now/minx/ftjs.1786843931.js:0
[ 2774962ms] [LOG] %c JSHandle@node @ https://www.fullhdfilmizlesene.now/minx/ftjs.1786843931.js:0
[ 2775461ms] [LOG] %c JSHandle@node @ https://www.fullhdfilmizlesene.now/minx/ftjs.1786843931.js:0
[ 2775959ms] [LOG] %c JSHandle@node @ https://www.fullhdfilmizlesene.now/minx/ftjs.1786843931.js:0
[ 2776458ms] [LOG] %c JSHandle@node @ https://www.fullhdfilmizlesene.now/minx/ftjs.1786843931.js:0
[ 2776956ms] [LOG] %c JSHandle@node @ https://www.fullhdfilmizlesene.now/minx/ftjs.1786843931.js:0
[ 2777455ms] [LOG] %c JSHandle@node @ https://www.fullhdfilmizlesene.now/minx/ftjs.1786843931.js:0
[ 2777951ms] [LOG] %c JSHandle@node @ https://www.fullhdfilmizlesene.now/minx/ftjs.1786843931.js:0
[ 2778458ms] [LOG] %c JSHandle@node @ https://www.fullhdfilmizlesene.now/minx/ftjs.1786843931.js:0
[ 2778960ms] [LOG] %c JSHandle@node @ https://www.fullhdfilmizlesene.now/minx/ftjs.1786843931.js:0
[ 2779457ms] [LOG] %c JSHandle@node @ https://www.fullhdfilmizlesene.now/minx/ftjs.1786843931.js:0
[ 2779955ms] [LOG] %c JSHandle@node @ https://www.fullhdfilmizlesene.now/minx/ftjs.1786843931.js:0
[ 2780453ms] [LOG] %c JSHandle@node @ https://www.fullhdfilmizlesene.now/minx/ftjs.1786843931.js:0
[ 2780955ms] [LOG] %c JSHandle@node @ https://www.fullhdfilmizlesene.now/minx/ftjs.1786843931.js:0
[ 2781462ms] [LOG] %c JSHandle@node @ https://www.fullhdfilmizlesene.now/minx/ftjs.1786843931.js:0
[ 2781960ms] [LOG] %c JSHandle@node @ https://www.fullhdfilmizlesene.now/minx/ftjs.1786843931.js:0
[ 2782458ms] [LOG] %c JSHandle@node @ https://www.fullhdfilmizlesene.now/minx/ftjs.1786843931.js:0
[ 2782953ms] [LOG] %c JSHandle@node @ https://www.fullhdfilmizlesene.now/minx/ftjs.1786843931.js:0
[ 2783463ms] [LOG] %c JSHandle@node @ https://www.fullhdfilmizlesene.now/minx/ftjs.1786843931.js:0
[ 2783962ms] [LOG] %c JSHandle@node @ https://www.fullhdfilmizlesene.now/minx/ftjs.1786843931.js:0
[ 2784462ms] [LOG] %c JSHandle@node @ https://www.fullhdfilmizlesene.now/minx/ftjs.1786843931.js:0
[ 2784959ms] [LOG] %c JSHandle@node @ https://www.fullhdfilmizlesene.now/minx/ftjs.1786843931.js:0
[ 2785457ms] [LOG] %c JSHandle@node @ https://www.fullhdfilmizlesene.now/minx/ftjs.1786843931.js:0
[ 2785956ms] [LOG] %c JSHandle@node @ https://www.fullhdfilmizlesene.now/minx/ftjs.1786843931.js:0
[ 2786454ms] [LOG] %c JSHandle@node @ https://www.fullhdfilmizlesene.now/minx/ftjs.1786843931.js:0
[ 2786950ms] [LOG] %c JSHandle@node @ https://www.fullhdfilmizlesene.now/minx/ftjs.1786843931.js:0
[ 2787450ms] [LOG] %c JSHandle@node @ https://www.fullhdfilmizlesene.now/minx/ftjs.1786843931.js:0
[ 2787952ms] [LOG] %c JSHandle@node @ https://www.fullhdfilmizlesene.now/minx/ftjs.1786843931.js:0
[ 2788449ms] [LOG] %c JSHandle@node @ https://www.fullhdfilmizlesene.now/minx/ftjs.1786843931.js:0
[ 2788963ms] [LOG] %c JSHandle@node @ https://www.fullhdfilmizlesene.now/minx/ftjs.1786843931.js:0
[ 2789456ms] [LOG] %c JSHandle@node @ https://www.fullhdfilmizlesene.now/minx/ftjs.1786843931.js:0
[ 2789958ms] [LOG] %c JSHandle@node @ https://www.fullhdfilmizlesene.now/minx/ftjs.1786843931.js:0
[ 2790454ms] [LOG] %c JSHandle@node @ https://www.fullhdfilmizlesene.now/minx/ftjs.1786843931.js:0
[ 2790954ms] [LOG] %c JSHandle@node @ https://www.fullhdfilmizlesene.now/minx/ftjs.1786843931.js:0
[ 2791451ms] [LOG] %c JSHandle@node @ https://www.fullhdfilmizlesene.now/minx/ftjs.1786843931.js:0
[ 2791964ms] [LOG] %c JSHandle@node @ https://www.fullhdfilmizlesene.now/minx/ftjs.1786843931.js:0
[ 2792451ms] [LOG] %c JSHandle@node @ https://www.fullhdfilmizlesene.now/minx/ftjs.1786843931.js:0
[ 2792961ms] [LOG] %c JSHandle@node @ https://www.fullhdfilmizlesene.now/minx/ftjs.1786843931.js:0
[ 2793461ms] [LOG] %c JSHandle@node @ https://www.fullhdfilmizlesene.now/minx/ftjs.1786843931.js:0
[ 2793950ms] [LOG] %c JSHandle@node @ https://www.fullhdfilmizlesene.now/minx/ftjs.1786843931.js:0
[ 2794458ms] [LOG] %c JSHandle@node @ https://www.fullhdfilmizlesene.now/minx/ftjs.1786843931.js:0
[ 2794956ms] [LOG] %c JSHandle@node @ https://www.fullhdfilmizlesene.now/minx/ftjs.1786843931.js:0
[ 2795453ms] [LOG] %c JSHandle@node @ https://www.fullhdfilmizlesene.now/minx/ftjs.1786843931.js:0
[ 2795964ms] [LOG] %c JSHandle@node @ https://www.fullhdfilmizlesene.now/minx/ftjs.1786843931.js:0
[ 2796462ms] [LOG] %c JSHandle@node @ https://www.fullhdfilmizlesene.now/minx/ftjs.1786843931.js:0
[ 2796959ms] [LOG] %c JSHandle@node @ https://www.fullhdfilmizlesene.now/minx/ftjs.1786843931.js:0
[ 2797457ms] [LOG] %c JSHandle@node @ https://www.fullhdfilmizlesene.now/minx/ftjs.1786843931.js:0
[ 2797956ms] [LOG] %c JSHandle@node @ https://www.fullhdfilmizlesene.now/minx/ftjs.1786843931.js:0
[ 2798455ms] [LOG] %c JSHandle@node @ https://www.fullhdfilmizlesene.now/minx/ftjs.1786843931.js:0
[ 2798953ms] [LOG] %c JSHandle@node @ https://www.fullhdfilmizlesene.now/minx/ftjs.1786843931.js:0
[ 2799451ms] [LOG] %c JSHandle@node @ https://www.fullhdfilmizlesene.now/minx/ftjs.1786843931.js:0
[ 2799962ms] [LOG] %c JSHandle@node @ https://www.fullhdfilmizlesene.now/minx/ftjs.1786843931.js:0
[ 2800463ms] [LOG] %c JSHandle@node @ https://www.fullhdfilmizlesene.now/minx/ftjs.1786843931.js:0
[ 2800961ms] [LOG] %c JSHandle@node @ https://www.fullhdfilmizlesene.now/minx/ftjs.1786843931.js:0
[ 2801458ms] [LOG] %c JSHandle@node @ https://www.fullhdfilmizlesene.now/minx/ftjs.1786843931.js:0
[ 2801956ms] [LOG] %c JSHandle@node @ https://www.fullhdfilmizlesene.now/minx/ftjs.1786843931.js:0
[ 2802452ms] [LOG] %c JSHandle@node @ https://www.fullhdfilmizlesene.now/minx/ftjs.1786843931.js:0
[ 2802951ms] [LOG] %c JSHandle@node @ https://www.fullhdfilmizlesene.now/minx/ftjs.1786843931.js:0
[ 2803449ms] [LOG] %c JSHandle@node @ https://www.fullhdfilmizlesene.now/minx/ftjs.1786843931.js:0
[ 2803949ms] [LOG] %c JSHandle@node @ https://www.fullhdfilmizlesene.now/minx/ftjs.1786843931.js:0
[ 2804462ms] [LOG] %c JSHandle@node @ https://www.fullhdfilmizlesene.now/minx/ftjs.1786843931.js:0
[ 2804959ms] [LOG] %c JSHandle@node @ https://www.fullhdfilmizlesene.now/minx/ftjs.1786843931.js:0
[ 2805461ms] [LOG] %c JSHandle@node @ https://www.fullhdfilmizlesene.now/minx/ftjs.1786843931.js:0
[ 2805958ms] [LOG] %c JSHandle@node @ https://www.fullhdfilmizlesene.now/minx/ftjs.1786843931.js:0
[ 2806458ms] [LOG] %c JSHandle@node @ https://www.fullhdfilmizlesene.now/minx/ftjs.1786843931.js:0
[ 2806952ms] [LOG] %c JSHandle@node @ https://www.fullhdfilmizlesene.now/minx/ftjs.1786843931.js:0
[ 2807452ms] [LOG] %c JSHandle@node @ https://www.fullhdfilmizlesene.now/minx/ftjs.1786843931.js:0
[ 2807950ms] [LOG] %c JSHandle@node @ https://www.fullhdfilmizlesene.now/minx/ftjs.1786843931.js:0
[ 2808450ms] [LOG] %c JSHandle@node @ https://www.fullhdfilmizlesene.now/minx/ftjs.1786843931.js:0
[ 2808952ms] [LOG] %c JSHandle@node @ https://www.fullhdfilmizlesene.now/minx/ftjs.1786843931.js:0
[ 2809464ms] [LOG] %c JSHandle@node @ https://www.fullhdfilmizlesene.now/minx/ftjs.1786843931.js:0
[ 2809948ms] [LOG] %c JSHandle@node @ https://www.fullhdfilmizlesene.now/minx/ftjs.1786843931.js:0
[ 2810462ms] [LOG] %c JSHandle@node @ https://www.fullhdfilmizlesene.now/minx/ftjs.1786843931.js:0
[ 2810962ms] [LOG] %c JSHandle@node @ https://www.fullhdfilmizlesene.now/minx/ftjs.1786843931.js:0
[ 2811449ms] [LOG] %c JSHandle@node @ https://www.fullhdfilmizlesene.now/minx/ftjs.1786843931.js:0
[ 2811958ms] [LOG] %c JSHandle@node @ https://www.fullhdfilmizlesene.now/minx/ftjs.1786843931.js:0
[ 2812457ms] [LOG] %c JSHandle@node @ https://www.fullhdfilmizlesene.now/minx/ftjs.1786843931.js:0
[ 2812954ms] [LOG] %c JSHandle@node @ https://www.fullhdfilmizlesene.now/minx/ftjs.1786843931.js:0
[ 2813451ms] [LOG] %c JSHandle@node @ https://www.fullhdfilmizlesene.now/minx/ftjs.1786843931.js:0
[ 2813951ms] [LOG] %c JSHandle@node @ https://www.fullhdfilmizlesene.now/minx/ftjs.1786843931.js:0
[ 2814450ms] [LOG] %c JSHandle@node @ https://www.fullhdfilmizlesene.now/minx/ftjs.1786843931.js:0
[ 2814950ms] [LOG] %c JSHandle@node @ https://www.fullhdfilmizlesene.now/minx/ftjs.1786843931.js:0
[ 2815449ms] [LOG] %c JSHandle@node @ https://www.fullhdfilmizlesene.now/minx/ftjs.1786843931.js:0
[ 2815963ms] [LOG] %c JSHandle@node @ https://www.fullhdfilmizlesene.now/minx/ftjs.1786843931.js:0
[ 2816462ms] [LOG] %c JSHandle@node @ https://www.fullhdfilmizlesene.now/minx/ftjs.1786843931.js:0
[ 2816961ms] [LOG] %c JSHandle@node @ https://www.fullhdfilmizlesene.now/minx/ftjs.1786843931.js:0
[ 2817461ms] [LOG] %c JSHandle@node @ https://www.fullhdfilmizlesene.now/minx/ftjs.1786843931.js:0
[ 2817962ms] [LOG] %c JSHandle@node @ https://www.fullhdfilmizlesene.now/minx/ftjs.1786843931.js:0
[ 2818459ms] [LOG] %c JSHandle@node @ https://www.fullhdfilmizlesene.now/minx/ftjs.1786843931.js:0
[ 2818954ms] [LOG] %c JSHandle@node @ https://www.fullhdfilmizlesene.now/minx/ftjs.1786843931.js:0
[ 2819455ms] [LOG] %c JSHandle@node @ https://www.fullhdfilmizlesene.now/minx/ftjs.1786843931.js:0
[ 2819954ms] [LOG] %c JSHandle@node @ https://www.fullhdfilmizlesene.now/minx/ftjs.1786843931.js:0
[ 2820454ms] [LOG] %c JSHandle@node @ https://www.fullhdfilmizlesene.now/minx/ftjs.1786843931.js:0
[ 2820951ms] [LOG] %c JSHandle@node @ https://www.fullhdfilmizlesene.now/minx/ftjs.1786843931.js:0
[ 2821450ms] [LOG] %c JSHandle@node @ https://www.fullhdfilmizlesene.now/minx/ftjs.1786843931.js:0
[ 2821950ms] [LOG] %c JSHandle@node @ https://www.fullhdfilmizlesene.now/minx/ftjs.1786843931.js:0
[ 2822449ms] [LOG] %c JSHandle@node @ https://www.fullhdfilmizlesene.now/minx/ftjs.1786843931.js:0
[ 2822951ms] [LOG] %c JSHandle@node @ https://www.fullhdfilmizlesene.now/minx/ftjs.1786843931.js:0
[ 2823463ms] [LOG] %c JSHandle@node @ https://www.fullhdfilmizlesene.now/minx/ftjs.1786843931.js:0
[ 2823960ms] [LOG] %c JSHandle@node @ https://www.fullhdfilmizlesene.now/minx/ftjs.1786843931.js:0
[ 2824460ms] [LOG] %c JSHandle@node @ https://www.fullhdfilmizlesene.now/minx/ftjs.1786843931.js:0
[ 2824959ms] [LOG] %c JSHandle@node @ https://www.fullhdfilmizlesene.now/minx/ftjs.1786843931.js:0
[ 2825461ms] [LOG] %c JSHandle@node @ https://www.fullhdfilmizlesene.now/minx/ftjs.1786843931.js:0
[ 2825963ms] [LOG] %c JSHandle@node @ https://www.fullhdfilmizlesene.now/minx/ftjs.1786843931.js:0
[ 2826461ms] [LOG] %c JSHandle@node @ https://www.fullhdfilmizlesene.now/minx/ftjs.1786843931.js:0
[ 2826958ms] [LOG] %c JSHandle@node @ https://www.fullhdfilmizlesene.now/minx/ftjs.1786843931.js:0
[ 2827459ms] [LOG] %c JSHandle@node @ https://www.fullhdfilmizlesene.now/minx/ftjs.1786843931.js:0
[ 2827960ms] [LOG] %c JSHandle@node @ https://www.fullhdfilmizlesene.now/minx/ftjs.1786843931.js:0
[ 2828461ms] [LOG] %c JSHandle@node @ https://www.fullhdfilmizlesene.now/minx/ftjs.1786843931.js:0
[ 2828959ms] [LOG] %c JSHandle@node @ https://www.fullhdfilmizlesene.now/minx/ftjs.1786843931.js:0
[ 2829459ms] [LOG] %c JSHandle@node @ https://www.fullhdfilmizlesene.now/minx/ftjs.1786843931.js:0
[ 2829959ms] [LOG] %c JSHandle@node @ https://www.fullhdfilmizlesene.now/minx/ftjs.1786843931.js:0
[ 2830461ms] [LOG] %c JSHandle@node @ https://www.fullhdfilmizlesene.now/minx/ftjs.1786843931.js:0
[ 2830960ms] [LOG] %c JSHandle@node @ https://www.fullhdfilmizlesene.now/minx/ftjs.1786843931.js:0
[ 2831461ms] [LOG] %c JSHandle@node @ https://www.fullhdfilmizlesene.now/minx/ftjs.1786843931.js:0
[ 2831961ms] [LOG] %c JSHandle@node @ https://www.fullhdfilmizlesene.now/minx/ftjs.1786843931.js:0
[ 2832463ms] [LOG] %c JSHandle@node @ https://www.fullhdfilmizlesene.now/minx/ftjs.1786843931.js:0
[ 2832950ms] [LOG] %c JSHandle@node @ https://www.fullhdfilmizlesene.now/minx/ftjs.1786843931.js:0
[ 2833463ms] [LOG] %c JSHandle@node @ https://www.fullhdfilmizlesene.now/minx/ftjs.1786843931.js:0
[ 2833961ms] [LOG] %c JSHandle@node @ https://www.fullhdfilmizlesene.now/minx/ftjs.1786843931.js:0
[ 2834458ms] [LOG] %c JSHandle@node @ https://www.fullhdfilmizlesene.now/minx/ftjs.1786843931.js:0
[ 2834960ms] [LOG] %c JSHandle@node @ https://www.fullhdfilmizlesene.now/minx/ftjs.1786843931.js:0
[ 2835457ms] [LOG] %c JSHandle@node @ https://www.fullhdfilmizlesene.now/minx/ftjs.1786843931.js:0
[ 2835955ms] [LOG] %c JSHandle@node @ https://www.fullhdfilmizlesene.now/minx/ftjs.1786843931.js:0
[ 2836454ms] [LOG] %c JSHandle@node @ https://www.fullhdfilmizlesene.now/minx/ftjs.1786843931.js:0
[ 2836957ms] [LOG] %c JSHandle@node @ https://www.fullhdfilmizlesene.now/minx/ftjs.1786843931.js:0
[ 2837459ms] [LOG] %c JSHandle@node @ https://www.fullhdfilmizlesene.now/minx/ftjs.1786843931.js:0
[ 2837960ms] [LOG] %c JSHandle@node @ https://www.fullhdfilmizlesene.now/minx/ftjs.1786843931.js:0
[ 2838456ms] [LOG] %c JSHandle@node @ https://www.fullhdfilmizlesene.now/minx/ftjs.1786843931.js:0
[ 2838960ms] [LOG] %c JSHandle@node @ https://www.fullhdfilmizlesene.now/minx/ftjs.1786843931.js:0
[ 2839456ms] [LOG] %c JSHandle@node @ https://www.fullhdfilmizlesene.now/minx/ftjs.1786843931.js:0
[ 2839955ms] [LOG] %c JSHandle@node @ https://www.fullhdfilmizlesene.now/minx/ftjs.1786843931.js:0
[ 2840454ms] [LOG] %c JSHandle@node @ https://www.fullhdfilmizlesene.now/minx/ftjs.1786843931.js:0
[ 2840952ms] [LOG] %c JSHandle@node @ https://www.fullhdfilmizlesene.now/minx/ftjs.1786843931.js:0
[ 2841451ms] [LOG] %c JSHandle@node @ https://www.fullhdfilmizlesene.now/minx/ftjs.1786843931.js:0
[ 2841951ms] [LOG] %c JSHandle@node @ https://www.fullhdfilmizlesene.now/minx/ftjs.1786843931.js:0
[ 2842463ms] [LOG] %c JSHandle@node @ https://www.fullhdfilmizlesene.now/minx/ftjs.1786843931.js:0
[ 2842961ms] [LOG] %c JSHandle@node @ https://www.fullhdfilmizlesene.now/minx/ftjs.1786843931.js:0
[ 2843458ms] [LOG] %c JSHandle@node @ https://www.fullhdfilmizlesene.now/minx/ftjs.1786843931.js:0
[ 2843956ms] [LOG] %c JSHandle@node @ https://www.fullhdfilmizlesene.now/minx/ftjs.1786843931.js:0
[ 2844453ms] [LOG] %c JSHandle@node @ https://www.fullhdfilmizlesene.now/minx/ftjs.1786843931.js:0
[ 2844952ms] [LOG] %c JSHandle@node @ https://www.fullhdfilmizlesene.now/minx/ftjs.1786843931.js:0
[ 2845449ms] [LOG] %c JSHandle@node @ https://www.fullhdfilmizlesene.now/minx/ftjs.1786843931.js:0
[ 2845952ms] [LOG] %c JSHandle@node @ https://www.fullhdfilmizlesene.now/minx/ftjs.1786843931.js:0
[ 2846453ms] [LOG] %c JSHandle@node @ https://www.fullhdfilmizlesene.now/minx/ftjs.1786843931.js:0
[ 2846952ms] [LOG] %c JSHandle@node @ https://www.fullhdfilmizlesene.now/minx/ftjs.1786843931.js:0
[ 2847452ms] [LOG] %c JSHandle@node @ https://www.fullhdfilmizlesene.now/minx/ftjs.1786843931.js:0
[ 2847952ms] [LOG] %c JSHandle@node @ https://www.fullhdfilmizlesene.now/minx/ftjs.1786843931.js:0
[ 2848449ms] [LOG] %c JSHandle@node @ https://www.fullhdfilmizlesene.now/minx/ftjs.1786843931.js:0
[ 2848951ms] [LOG] %c JSHandle@node @ https://www.fullhdfilmizlesene.now/minx/ftjs.1786843931.js:0
[ 2849451ms] [LOG] %c JSHandle@node @ https://www.fullhdfilmizlesene.now/minx/ftjs.1786843931.js:0
[ 2849950ms] [LOG] %c JSHandle@node @ https://www.fullhdfilmizlesene.now/minx/ftjs.1786843931.js:0
[ 2850451ms] [LOG] %c JSHandle@node @ https://www.fullhdfilmizlesene.now/minx/ftjs.1786843931.js:0
[ 2850950ms] [LOG] %c JSHandle@node @ https://www.fullhdfilmizlesene.now/minx/ftjs.1786843931.js:0
[ 2851450ms] [LOG] %c JSHandle@node @ https://www.fullhdfilmizlesene.now/minx/ftjs.1786843931.js:0
[ 2851962ms] [LOG] %c JSHandle@node @ https://www.fullhdfilmizlesene.now/minx/ftjs.1786843931.js:0
[ 2852459ms] [LOG] %c JSHandle@node @ https://www.fullhdfilmizlesene.now/minx/ftjs.1786843931.js:0
[ 2852961ms] [LOG] %c JSHandle@node @ https://www.fullhdfilmizlesene.now/minx/ftjs.1786843931.js:0
[ 2853457ms] [LOG] %c JSHandle@node @ https://www.fullhdfilmizlesene.now/minx/ftjs.1786843931.js:0
[ 2853958ms] [LOG] %c JSHandle@node @ https://www.fullhdfilmizlesene.now/minx/ftjs.1786843931.js:0
[ 2854459ms] [LOG] %c JSHandle@node @ https://www.fullhdfilmizlesene.now/minx/ftjs.1786843931.js:0
[ 2854958ms] [LOG] %c JSHandle@node @ https://www.fullhdfilmizlesene.now/minx/ftjs.1786843931.js:0
[ 2855456ms] [LOG] %c JSHandle@node @ https://www.fullhdfilmizlesene.now/minx/ftjs.1786843931.js:0
[ 2855960ms] [LOG] %c JSHandle@node @ https://www.fullhdfilmizlesene.now/minx/ftjs.1786843931.js:0
[ 2856462ms] [LOG] %c JSHandle@node @ https://www.fullhdfilmizlesene.now/minx/ftjs.1786843931.js:0
[ 2856950ms] [LOG] %c JSHandle@node @ https://www.fullhdfilmizlesene.now/minx/ftjs.1786843931.js:0
[ 2857454ms] [LOG] %c JSHandle@node @ https://www.fullhdfilmizlesene.now/minx/ftjs.1786843931.js:0
[ 2857951ms] [LOG] %c JSHandle@node @ https://www.fullhdfilmizlesene.now/minx/ftjs.1786843931.js:0
[ 2858451ms] [LOG] %c JSHandle@node @ https://www.fullhdfilmizlesene.now/minx/ftjs.1786843931.js:0
[ 2858953ms] [LOG] %c JSHandle@node @ https://www.fullhdfilmizlesene.now/minx/ftjs.1786843931.js:0
[ 2859455ms] [LOG] %c JSHandle@node @ https://www.fullhdfilmizlesene.now/minx/ftjs.1786843931.js:0
[ 2859958ms] [LOG] %c JSHandle@node @ https://www.fullhdfilmizlesene.now/minx/ftjs.1786843931.js:0
[ 2860458ms] [LOG] %c JSHandle@node @ https://www.fullhdfilmizlesene.now/minx/ftjs.1786843931.js:0
[ 2860957ms] [LOG] %c JSHandle@node @ https://www.fullhdfilmizlesene.now/minx/ftjs.1786843931.js:0
[ 2861453ms] [LOG] %c JSHandle@node @ https://www.fullhdfilmizlesene.now/minx/ftjs.1786843931.js:0
[ 2861953ms] [LOG] %c JSHandle@node @ https://www.fullhdfilmizlesene.now/minx/ftjs.1786843931.js:0
[ 2862450ms] [LOG] %c JSHandle@node @ https://www.fullhdfilmizlesene.now/minx/ftjs.1786843931.js:0
[ 2862953ms] [LOG] %c JSHandle@node @ https://www.fullhdfilmizlesene.now/minx/ftjs.1786843931.js:0
[ 2863462ms] [LOG] %c JSHandle@node @ https://www.fullhdfilmizlesene.now/minx/ftjs.1786843931.js:0
[ 2863956ms] [LOG] %c JSHandle@node @ https://www.fullhdfilmizlesene.now/minx/ftjs.1786843931.js:0
[ 2864460ms] [LOG] %c JSHandle@node @ https://www.fullhdfilmizlesene.now/minx/ftjs.1786843931.js:0
[ 2864959ms] [LOG] %c JSHandle@node @ https://www.fullhdfilmizlesene.now/minx/ftjs.1786843931.js:0
[ 2865458ms] [LOG] %c JSHandle@node @ https://www.fullhdfilmizlesene.now/minx/ftjs.1786843931.js:0
[ 2865961ms] [LOG] %c JSHandle@node @ https://www.fullhdfilmizlesene.now/minx/ftjs.1786843931.js:0
[ 2866461ms] [LOG] %c JSHandle@node @ https://www.fullhdfilmizlesene.now/minx/ftjs.1786843931.js:0
[ 2866962ms] [LOG] %c JSHandle@node @ https://www.fullhdfilmizlesene.now/minx/ftjs.1786843931.js:0
[ 2867457ms] [LOG] %c JSHandle@node @ https://www.fullhdfilmizlesene.now/minx/ftjs.1786843931.js:0
[ 2867960ms] [LOG] %c JSHandle@node @ https://www.fullhdfilmizlesene.now/minx/ftjs.1786843931.js:0
[ 2868461ms] [LOG] %c JSHandle@node @ https://www.fullhdfilmizlesene.now/minx/ftjs.1786843931.js:0
[ 2868961ms] [LOG] %c JSHandle@node @ https://www.fullhdfilmizlesene.now/minx/ftjs.1786843931.js:0
[ 2869460ms] [LOG] %c JSHandle@node @ https://www.fullhdfilmizlesene.now/minx/ftjs.1786843931.js:0
[ 2869959ms] [LOG] %c JSHandle@node @ https://www.fullhdfilmizlesene.now/minx/ftjs.1786843931.js:0
[ 2870459ms] [LOG] %c JSHandle@node @ https://www.fullhdfilmizlesene.now/minx/ftjs.1786843931.js:0
[ 2870957ms] [LOG] %c JSHandle@node @ https://www.fullhdfilmizlesene.now/minx/ftjs.1786843931.js:0
[ 2871455ms] [LOG] %c JSHandle@node @ https://www.fullhdfilmizlesene.now/minx/ftjs.1786843931.js:0
[ 2871956ms] [LOG] %c JSHandle@node @ https://www.fullhdfilmizlesene.now/minx/ftjs.1786843931.js:0
[ 2872453ms] [LOG] %c JSHandle@node @ https://www.fullhdfilmizlesene.now/minx/ftjs.1786843931.js:0
[ 2872949ms] [LOG] %c JSHandle@node @ https://www.fullhdfilmizlesene.now/minx/ftjs.1786843931.js:0
[ 2873449ms] [LOG] %c JSHandle@node @ https://www.fullhdfilmizlesene.now/minx/ftjs.1786843931.js:0
[ 2873950ms] [LOG] %c JSHandle@node @ https://www.fullhdfilmizlesene.now/minx/ftjs.1786843931.js:0
[ 2874449ms] [LOG] %c JSHandle@node @ https://www.fullhdfilmizlesene.now/minx/ftjs.1786843931.js:0
[ 2874950ms] [LOG] %c JSHandle@node @ https://www.fullhdfilmizlesene.now/minx/ftjs.1786843931.js:0
[ 2875463ms] [LOG] %c JSHandle@node @ https://www.fullhdfilmizlesene.now/minx/ftjs.1786843931.js:0
[ 2875951ms] [LOG] %c JSHandle@node @ https://www.fullhdfilmizlesene.now/minx/ftjs.1786843931.js:0
[ 2876452ms] [LOG] %c JSHandle@node @ https://www.fullhdfilmizlesene.now/minx/ftjs.1786843931.js:0
[ 2876951ms] [LOG] %c JSHandle@node @ https://www.fullhdfilmizlesene.now/minx/ftjs.1786843931.js:0
[ 2877450ms] [LOG] %c JSHandle@node @ https://www.fullhdfilmizlesene.now/minx/ftjs.1786843931.js:0
[ 2877950ms] [LOG] %c JSHandle@node @ https://www.fullhdfilmizlesene.now/minx/ftjs.1786843931.js:0
[ 2878463ms] [LOG] %c JSHandle@node @ https://www.fullhdfilmizlesene.now/minx/ftjs.1786843931.js:0
[ 2878964ms] [LOG] %c JSHandle@node @ https://www.fullhdfilmizlesene.now/minx/ftjs.1786843931.js:0
[ 2879461ms] [LOG] %c JSHandle@node @ https://www.fullhdfilmizlesene.now/minx/ftjs.1786843931.js:0
[ 2879961ms] [LOG] %c JSHandle@node @ https://www.fullhdfilmizlesene.now/minx/ftjs.1786843931.js:0
[ 2880458ms] [LOG] %c JSHandle@node @ https://www.fullhdfilmizlesene.now/minx/ftjs.1786843931.js:0
[ 2880959ms] [LOG] %c JSHandle@node @ https://www.fullhdfilmizlesene.now/minx/ftjs.1786843931.js:0
[ 2881457ms] [LOG] %c JSHandle@node @ https://www.fullhdfilmizlesene.now/minx/ftjs.1786843931.js:0
[ 2881956ms] [LOG] %c JSHandle@node @ https://www.fullhdfilmizlesene.now/minx/ftjs.1786843931.js:0
[ 2882455ms] [LOG] %c JSHandle@node @ https://www.fullhdfilmizlesene.now/minx/ftjs.1786843931.js:0
[ 2882954ms] [LOG] %c JSHandle@node @ https://www.fullhdfilmizlesene.now/minx/ftjs.1786843931.js:0
[ 2883451ms] [LOG] %c JSHandle@node @ https://www.fullhdfilmizlesene.now/minx/ftjs.1786843931.js:0
[ 2883954ms] [LOG] %c JSHandle@node @ https://www.fullhdfilmizlesene.now/minx/ftjs.1786843931.js:0
[ 2884452ms] [LOG] %c JSHandle@node @ https://www.fullhdfilmizlesene.now/minx/ftjs.1786843931.js:0
[ 2884955ms] [LOG] %c JSHandle@node @ https://www.fullhdfilmizlesene.now/minx/ftjs.1786843931.js:0
[ 2885454ms] [LOG] %c JSHandle@node @ https://www.fullhdfilmizlesene.now/minx/ftjs.1786843931.js:0
[ 2885954ms] [LOG] %c JSHandle@node @ https://www.fullhdfilmizlesene.now/minx/ftjs.1786843931.js:0
[ 2886454ms] [LOG] %c JSHandle@node @ https://www.fullhdfilmizlesene.now/minx/ftjs.1786843931.js:0
[ 2886957ms] [LOG] %c JSHandle@node @ https://www.fullhdfilmizlesene.now/minx/ftjs.1786843931.js:0
[ 2887454ms] [LOG] %c JSHandle@node @ https://www.fullhdfilmizlesene.now/minx/ftjs.1786843931.js:0
[ 2887954ms] [LOG] %c JSHandle@node @ https://www.fullhdfilmizlesene.now/minx/ftjs.1786843931.js:0
[ 2888454ms] [LOG] %c JSHandle@node @ https://www.fullhdfilmizlesene.now/minx/ftjs.1786843931.js:0
[ 2888950ms] [LOG] %c JSHandle@node @ https://www.fullhdfilmizlesene.now/minx/ftjs.1786843931.js:0
[ 2889463ms] [LOG] %c JSHandle@node @ https://www.fullhdfilmizlesene.now/minx/ftjs.1786843931.js:0
[ 2889963ms] [LOG] %c JSHandle@node @ https://www.fullhdfilmizlesene.now/minx/ftjs.1786843931.js:0
[ 2890463ms] [LOG] %c JSHandle@node @ https://www.fullhdfilmizlesene.now/minx/ftjs.1786843931.js:0
[ 2890949ms] [LOG] %c JSHandle@node @ https://www.fullhdfilmizlesene.now/minx/ftjs.1786843931.js:0
[ 2891460ms] [LOG] %c JSHandle@node @ https://www.fullhdfilmizlesene.now/minx/ftjs.1786843931.js:0
[ 2891958ms] [LOG] %c JSHandle@node @ https://www.fullhdfilmizlesene.now/minx/ftjs.1786843931.js:0
[ 2892456ms] [LOG] %c JSHandle@node @ https://www.fullhdfilmizlesene.now/minx/ftjs.1786843931.js:0
[ 2892951ms] [LOG] %c JSHandle@node @ https://www.fullhdfilmizlesene.now/minx/ftjs.1786843931.js:0
[ 2893449ms] [LOG] %c JSHandle@node @ https://www.fullhdfilmizlesene.now/minx/ftjs.1786843931.js:0
[ 2893960ms] [LOG] %c JSHandle@node @ https://www.fullhdfilmizlesene.now/minx/ftjs.1786843931.js:0
[ 2894459ms] [LOG] %c JSHandle@node @ https://www.fullhdfilmizlesene.now/minx/ftjs.1786843931.js:0
[ 2894960ms] [LOG] %c JSHandle@node @ https://www.fullhdfilmizlesene.now/minx/ftjs.1786843931.js:0
[ 2895454ms] [LOG] %c JSHandle@node @ https://www.fullhdfilmizlesene.now/minx/ftjs.1786843931.js:0
[ 2895957ms] [LOG] %c JSHandle@node @ https://www.fullhdfilmizlesene.now/minx/ftjs.1786843931.js:0
[ 2896453ms] [LOG] %c JSHandle@node @ https://www.fullhdfilmizlesene.now/minx/ftjs.1786843931.js:0
[ 2896952ms] [LOG] %c JSHandle@node @ https://www.fullhdfilmizlesene.now/minx/ftjs.1786843931.js:0
[ 2897452ms] [LOG] %c JSHandle@node @ https://www.fullhdfilmizlesene.now/minx/ftjs.1786843931.js:0
[ 2897950ms] [LOG] %c JSHandle@node @ https://www.fullhdfilmizlesene.now/minx/ftjs.1786843931.js:0
[ 2898449ms] [LOG] %c JSHandle@node @ https://www.fullhdfilmizlesene.now/minx/ftjs.1786843931.js:0
[ 2898950ms] [LOG] %c JSHandle@node @ https://www.fullhdfilmizlesene.now/minx/ftjs.1786843931.js:0
[ 2899451ms] [LOG] %c JSHandle@node @ https://www.fullhdfilmizlesene.now/minx/ftjs.1786843931.js:0
[ 2899949ms] [LOG] %c JSHandle@node @ https://www.fullhdfilmizlesene.now/minx/ftjs.1786843931.js:0
[ 2900449ms] [LOG] %c JSHandle@node @ https://www.fullhdfilmizlesene.now/minx/ftjs.1786843931.js:0
[ 2900950ms] [LOG] %c JSHandle@node @ https://www.fullhdfilmizlesene.now/minx/ftjs.1786843931.js:0
[ 2901463ms] [LOG] %c JSHandle@node @ https://www.fullhdfilmizlesene.now/minx/ftjs.1786843931.js:0
[ 2901963ms] [LOG] %c JSHandle@node @ https://www.fullhdfilmizlesene.now/minx/ftjs.1786843931.js:0
[ 2902451ms] [LOG] %c JSHandle@node @ https://www.fullhdfilmizlesene.now/minx/ftjs.1786843931.js:0
[ 2902949ms] [LOG] %c JSHandle@node @ https://www.fullhdfilmizlesene.now/minx/ftjs.1786843931.js:0
[ 2903449ms] [LOG] %c JSHandle@node @ https://www.fullhdfilmizlesene.now/minx/ftjs.1786843931.js:0
[ 2903960ms] [LOG] %c JSHandle@node @ https://www.fullhdfilmizlesene.now/minx/ftjs.1786843931.js:0
[ 2904461ms] [LOG] %c JSHandle@node @ https://www.fullhdfilmizlesene.now/minx/ftjs.1786843931.js:0
[ 2904962ms] [LOG] %c JSHandle@node @ https://www.fullhdfilmizlesene.now/minx/ftjs.1786843931.js:0
[ 2905460ms] [LOG] %c JSHandle@node @ https://www.fullhdfilmizlesene.now/minx/ftjs.1786843931.js:0
[ 2905962ms] [LOG] %c JSHandle@node @ https://www.fullhdfilmizlesene.now/minx/ftjs.1786843931.js:0
[ 2906462ms] [LOG] %c JSHandle@node @ https://www.fullhdfilmizlesene.now/minx/ftjs.1786843931.js:0
[ 2906958ms] [LOG] %c JSHandle@node @ https://www.fullhdfilmizlesene.now/minx/ftjs.1786843931.js:0
[ 2907459ms] [LOG] %c JSHandle@node @ https://www.fullhdfilmizlesene.now/minx/ftjs.1786843931.js:0
[ 2907961ms] [LOG] %c JSHandle@node @ https://www.fullhdfilmizlesene.now/minx/ftjs.1786843931.js:0
[ 2908463ms] [LOG] %c JSHandle@node @ https://www.fullhdfilmizlesene.now/minx/ftjs.1786843931.js:0
[ 2908950ms] [LOG] %c JSHandle@node @ https://www.fullhdfilmizlesene.now/minx/ftjs.1786843931.js:0
[ 2909464ms] [LOG] %c JSHandle@node @ https://www.fullhdfilmizlesene.now/minx/ftjs.1786843931.js:0
[ 2909949ms] [LOG] %c JSHandle@node @ https://www.fullhdfilmizlesene.now/minx/ftjs.1786843931.js:0
[ 2910449ms] [LOG] %c JSHandle@node @ https://www.fullhdfilmizlesene.now/minx/ftjs.1786843931.js:0
[ 2910963ms] [LOG] %c JSHandle@node @ https://www.fullhdfilmizlesene.now/minx/ftjs.1786843931.js:0
[ 2911463ms] [LOG] %c JSHandle@node @ https://www.fullhdfilmizlesene.now/minx/ftjs.1786843931.js:0
[ 2911961ms] [LOG] %c JSHandle@node @ https://www.fullhdfilmizlesene.now/minx/ftjs.1786843931.js:0
[ 2912461ms] [LOG] %c JSHandle@node @ https://www.fullhdfilmizlesene.now/minx/ftjs.1786843931.js:0
[ 2912962ms] [LOG] %c JSHandle@node @ https://www.fullhdfilmizlesene.now/minx/ftjs.1786843931.js:0
[ 2913449ms] [LOG] %c JSHandle@node @ https://www.fullhdfilmizlesene.now/minx/ftjs.1786843931.js:0
[ 2913954ms] [LOG] %c JSHandle@node @ https://www.fullhdfilmizlesene.now/minx/ftjs.1786843931.js:0
[ 2914449ms] [LOG] %c JSHandle@node @ https://www.fullhdfilmizlesene.now/minx/ftjs.1786843931.js:0
[ 2914952ms] [LOG] %c JSHandle@node @ https://www.fullhdfilmizlesene.now/minx/ftjs.1786843931.js:0
[ 2915451ms] [LOG] %c JSHandle@node @ https://www.fullhdfilmizlesene.now/minx/ftjs.1786843931.js:0
[ 2915950ms] [LOG] %c JSHandle@node @ https://www.fullhdfilmizlesene.now/minx/ftjs.1786843931.js:0
[ 2916454ms] [LOG] %c JSHandle@node @ https://www.fullhdfilmizlesene.now/minx/ftjs.1786843931.js:0
[ 2916954ms] [LOG] %c JSHandle@node @ https://www.fullhdfilmizlesene.now/minx/ftjs.1786843931.js:0
[ 2917455ms] [LOG] %c JSHandle@node @ https://www.fullhdfilmizlesene.now/minx/ftjs.1786843931.js:0
[ 2917960ms] [LOG] %c JSHandle@node @ https://www.fullhdfilmizlesene.now/minx/ftjs.1786843931.js:0
[ 2918457ms] [LOG] %c JSHandle@node @ https://www.fullhdfilmizlesene.now/minx/ftjs.1786843931.js:0
[ 2918956ms] [LOG] %c JSHandle@node @ https://www.fullhdfilmizlesene.now/minx/ftjs.1786843931.js:0
[ 2919456ms] [LOG] %c JSHandle@node @ https://www.fullhdfilmizlesene.now/minx/ftjs.1786843931.js:0
[ 2919956ms] [LOG] %c JSHandle@node @ https://www.fullhdfilmizlesene.now/minx/ftjs.1786843931.js:0
[ 2920458ms] [LOG] %c JSHandle@node @ https://www.fullhdfilmizlesene.now/minx/ftjs.1786843931.js:0
[ 2920962ms] [LOG] %c JSHandle@node @ https://www.fullhdfilmizlesene.now/minx/ftjs.1786843931.js:0
[ 2921460ms] [LOG] %c JSHandle@node @ https://www.fullhdfilmizlesene.now/minx/ftjs.1786843931.js:0
[ 2921962ms] [LOG] %c JSHandle@node @ https://www.fullhdfilmizlesene.now/minx/ftjs.1786843931.js:0
[ 2922463ms] [LOG] %c JSHandle@node @ https://www.fullhdfilmizlesene.now/minx/ftjs.1786843931.js:0
[ 2922962ms] [LOG] %c JSHandle@node @ https://www.fullhdfilmizlesene.now/minx/ftjs.1786843931.js:0
[ 2923464ms] [LOG] %c JSHandle@node @ https://www.fullhdfilmizlesene.now/minx/ftjs.1786843931.js:0
[ 2923949ms] [LOG] %c JSHandle@node @ https://www.fullhdfilmizlesene.now/minx/ftjs.1786843931.js:0
[ 2924451ms] [LOG] %c JSHandle@node @ https://www.fullhdfilmizlesene.now/minx/ftjs.1786843931.js:0
[ 2924949ms] [LOG] %c JSHandle@node @ https://www.fullhdfilmizlesene.now/minx/ftjs.1786843931.js:0
[ 2925463ms] [LOG] %c JSHandle@node @ https://www.fullhdfilmizlesene.now/minx/ftjs.1786843931.js:0
[ 2925964ms] [LOG] %c JSHandle@node @ https://www.fullhdfilmizlesene.now/minx/ftjs.1786843931.js:0
[ 2926452ms] [LOG] %c JSHandle@node @ https://www.fullhdfilmizlesene.now/minx/ftjs.1786843931.js:0
[ 2926949ms] [LOG] %c JSHandle@node @ https://www.fullhdfilmizlesene.now/minx/ftjs.1786843931.js:0
[ 2927464ms] [LOG] %c JSHandle@node @ https://www.fullhdfilmizlesene.now/minx/ftjs.1786843931.js:0
[ 2927949ms] [LOG] %c JSHandle@node @ https://www.fullhdfilmizlesene.now/minx/ftjs.1786843931.js:0
[ 2928450ms] [LOG] %c JSHandle@node @ https://www.fullhdfilmizlesene.now/minx/ftjs.1786843931.js:0
[ 2928948ms] [LOG] %c JSHandle@node @ https://www.fullhdfilmizlesene.now/minx/ftjs.1786843931.js:0
[ 2929460ms] [LOG] %c JSHandle@node @ https://www.fullhdfilmizlesene.now/minx/ftjs.1786843931.js:0
[ 2929959ms] [LOG] %c JSHandle@node @ https://www.fullhdfilmizlesene.now/minx/ftjs.1786843931.js:0
[ 2930460ms] [LOG] %c JSHandle@node @ https://www.fullhdfilmizlesene.now/minx/ftjs.1786843931.js:0
[ 2930963ms] [LOG] %c JSHandle@node @ https://www.fullhdfilmizlesene.now/minx/ftjs.1786843931.js:0
[ 2931462ms] [LOG] %c JSHandle@node @ https://www.fullhdfilmizlesene.now/minx/ftjs.1786843931.js:0
[ 2931961ms] [LOG] %c JSHandle@node @ https://www.fullhdfilmizlesene.now/minx/ftjs.1786843931.js:0
[ 2932459ms] [LOG] %c JSHandle@node @ https://www.fullhdfilmizlesene.now/minx/ftjs.1786843931.js:0
[ 2932961ms] [LOG] %c JSHandle@node @ https://www.fullhdfilmizlesene.now/minx/ftjs.1786843931.js:0
[ 2933457ms] [LOG] %c JSHandle@node @ https://www.fullhdfilmizlesene.now/minx/ftjs.1786843931.js:0
[ 2933957ms] [LOG] %c JSHandle@node @ https://www.fullhdfilmizlesene.now/minx/ftjs.1786843931.js:0
[ 2934454ms] [LOG] %c JSHandle@node @ https://www.fullhdfilmizlesene.now/minx/ftjs.1786843931.js:0
[ 2934957ms] [LOG] %c JSHandle@node @ https://www.fullhdfilmizlesene.now/minx/ftjs.1786843931.js:0
[ 2935456ms] [LOG] %c JSHandle@node @ https://www.fullhdfilmizlesene.now/minx/ftjs.1786843931.js:0
[ 2935956ms] [LOG] %c JSHandle@node @ https://www.fullhdfilmizlesene.now/minx/ftjs.1786843931.js:0
[ 2936458ms] [LOG] %c JSHandle@node @ https://www.fullhdfilmizlesene.now/minx/ftjs.1786843931.js:0
[ 2936955ms] [LOG] %c JSHandle@node @ https://www.fullhdfilmizlesene.now/minx/ftjs.1786843931.js:0
[ 2937449ms] [LOG] %c JSHandle@node @ https://www.fullhdfilmizlesene.now/minx/ftjs.1786843931.js:0
[ 2937958ms] [LOG] %c JSHandle@node @ https://www.fullhdfilmizlesene.now/minx/ftjs.1786843931.js:0
[ 2938454ms] [LOG] %c JSHandle@node @ https://www.fullhdfilmizlesene.now/minx/ftjs.1786843931.js:0
[ 2938954ms] [LOG] %c JSHandle@node @ https://www.fullhdfilmizlesene.now/minx/ftjs.1786843931.js:0
[ 2939452ms] [LOG] %c JSHandle@node @ https://www.fullhdfilmizlesene.now/minx/ftjs.1786843931.js:0
[ 2939950ms] [LOG] %c JSHandle@node @ https://www.fullhdfilmizlesene.now/minx/ftjs.1786843931.js:0
[ 2940450ms] [LOG] %c JSHandle@node @ https://www.fullhdfilmizlesene.now/minx/ftjs.1786843931.js:0
[ 2940962ms] [LOG] %c JSHandle@node @ https://www.fullhdfilmizlesene.now/minx/ftjs.1786843931.js:0
[ 2941460ms] [LOG] %c JSHandle@node @ https://www.fullhdfilmizlesene.now/minx/ftjs.1786843931.js:0
[ 2941960ms] [LOG] %c JSHandle@node @ https://www.fullhdfilmizlesene.now/minx/ftjs.1786843931.js:0
[ 2942460ms] [LOG] %c JSHandle@node @ https://www.fullhdfilmizlesene.now/minx/ftjs.1786843931.js:0
[ 2942962ms] [LOG] %c JSHandle@node @ https://www.fullhdfilmizlesene.now/minx/ftjs.1786843931.js:0
[ 2943460ms] [LOG] %c JSHandle@node @ https://www.fullhdfilmizlesene.now/minx/ftjs.1786843931.js:0
[ 2943959ms] [LOG] %c JSHandle@node @ https://www.fullhdfilmizlesene.now/minx/ftjs.1786843931.js:0
[ 2944459ms] [LOG] %c JSHandle@node @ https://www.fullhdfilmizlesene.now/minx/ftjs.1786843931.js:0
[ 2944955ms] [LOG] %c JSHandle@node @ https://www.fullhdfilmizlesene.now/minx/ftjs.1786843931.js:0
[ 2945454ms] [LOG] %c JSHandle@node @ https://www.fullhdfilmizlesene.now/minx/ftjs.1786843931.js:0
[ 2945953ms] [LOG] %c JSHandle@node @ https://www.fullhdfilmizlesene.now/minx/ftjs.1786843931.js:0
[ 2946452ms] [LOG] %c JSHandle@node @ https://www.fullhdfilmizlesene.now/minx/ftjs.1786843931.js:0
[ 2946952ms] [LOG] %c JSHandle@node @ https://www.fullhdfilmizlesene.now/minx/ftjs.1786843931.js:0
[ 2947463ms] [LOG] %c JSHandle@node @ https://www.fullhdfilmizlesene.now/minx/ftjs.1786843931.js:0
[ 2947958ms] [LOG] %c JSHandle@node @ https://www.fullhdfilmizlesene.now/minx/ftjs.1786843931.js:0
[ 2948457ms] [LOG] %c JSHandle@node @ https://www.fullhdfilmizlesene.now/minx/ftjs.1786843931.js:0
[ 2948955ms] [LOG] %c JSHandle@node @ https://www.fullhdfilmizlesene.now/minx/ftjs.1786843931.js:0
[ 2949457ms] [LOG] %c JSHandle@node @ https://www.fullhdfilmizlesene.now/minx/ftjs.1786843931.js:0
[ 2949953ms] [LOG] %c JSHandle@node @ https://www.fullhdfilmizlesene.now/minx/ftjs.1786843931.js:0
[ 2950454ms] [LOG] %c JSHandle@node @ https://www.fullhdfilmizlesene.now/minx/ftjs.1786843931.js:0
[ 2950958ms] [LOG] %c JSHandle@node @ https://www.fullhdfilmizlesene.now/minx/ftjs.1786843931.js:0
[ 2951456ms] [LOG] %c JSHandle@node @ https://www.fullhdfilmizlesene.now/minx/ftjs.1786843931.js:0
[ 2951957ms] [LOG] %c JSHandle@node @ https://www.fullhdfilmizlesene.now/minx/ftjs.1786843931.js:0
[ 2952459ms] [LOG] %c JSHandle@node @ https://www.fullhdfilmizlesene.now/minx/ftjs.1786843931.js:0
[ 2952961ms] [LOG] %c JSHandle@node @ https://www.fullhdfilmizlesene.now/minx/ftjs.1786843931.js:0
[ 2953450ms] [LOG] %c JSHandle@node @ https://www.fullhdfilmizlesene.now/minx/ftjs.1786843931.js:0
[ 2953951ms] [LOG] %c JSHandle@node @ https://www.fullhdfilmizlesene.now/minx/ftjs.1786843931.js:0
[ 2954452ms] [LOG] %c JSHandle@node @ https://www.fullhdfilmizlesene.now/minx/ftjs.1786843931.js:0
[ 2954949ms] [LOG] %c JSHandle@node @ https://www.fullhdfilmizlesene.now/minx/ftjs.1786843931.js:0
[ 2955449ms] [LOG] %c JSHandle@node @ https://www.fullhdfilmizlesene.now/minx/ftjs.1786843931.js:0
[ 2955961ms] [LOG] %c JSHandle@node @ https://www.fullhdfilmizlesene.now/minx/ftjs.1786843931.js:0
[ 2956461ms] [LOG] %c JSHandle@node @ https://www.fullhdfilmizlesene.now/minx/ftjs.1786843931.js:0
[ 2956963ms] [LOG] %c JSHandle@node @ https://www.fullhdfilmizlesene.now/minx/ftjs.1786843931.js:0
[ 2957463ms] [LOG] %c JSHandle@node @ https://www.fullhdfilmizlesene.now/minx/ftjs.1786843931.js:0
[ 2957958ms] [LOG] %c JSHandle@node @ https://www.fullhdfilmizlesene.now/minx/ftjs.1786843931.js:0
[ 2958459ms] [LOG] %c JSHandle@node @ https://www.fullhdfilmizlesene.now/minx/ftjs.1786843931.js:0
[ 2958961ms] [LOG] %c JSHandle@node @ https://www.fullhdfilmizlesene.now/minx/ftjs.1786843931.js:0
[ 2959449ms] [LOG] %c JSHandle@node @ https://www.fullhdfilmizlesene.now/minx/ftjs.1786843931.js:0
[ 2959959ms] [LOG] %c JSHandle@node @ https://www.fullhdfilmizlesene.now/minx/ftjs.1786843931.js:0
[ 2960457ms] [LOG] %c JSHandle@node @ https://www.fullhdfilmizlesene.now/minx/ftjs.1786843931.js:0
[ 2960956ms] [LOG] %c JSHandle@node @ https://www.fullhdfilmizlesene.now/minx/ftjs.1786843931.js:0
[ 2961454ms] [LOG] %c JSHandle@node @ https://www.fullhdfilmizlesene.now/minx/ftjs.1786843931.js:0
[ 2961953ms] [LOG] %c JSHandle@node @ https://www.fullhdfilmizlesene.now/minx/ftjs.1786843931.js:0
[ 2962450ms] [LOG] %c JSHandle@node @ https://www.fullhdfilmizlesene.now/minx/ftjs.1786843931.js:0
[ 2962950ms] [LOG] %c JSHandle@node @ https://www.fullhdfilmizlesene.now/minx/ftjs.1786843931.js:0
[ 2963463ms] [LOG] %c JSHandle@node @ https://www.fullhdfilmizlesene.now/minx/ftjs.1786843931.js:0
[ 2963951ms] [LOG] %c JSHandle@node @ https://www.fullhdfilmizlesene.now/minx/ftjs.1786843931.js:0
[ 2964451ms] [LOG] %c JSHandle@node @ https://www.fullhdfilmizlesene.now/minx/ftjs.1786843931.js:0
[ 2964953ms] [LOG] %c JSHandle@node @ https://www.fullhdfilmizlesene.now/minx/ftjs.1786843931.js:0
[ 2965454ms] [LOG] %c JSHandle@node @ https://www.fullhdfilmizlesene.now/minx/ftjs.1786843931.js:0
[ 2965953ms] [LOG] %c JSHandle@node @ https://www.fullhdfilmizlesene.now/minx/ftjs.1786843931.js:0
[ 2966451ms] [LOG] %c JSHandle@node @ https://www.fullhdfilmizlesene.now/minx/ftjs.1786843931.js:0
[ 2966950ms] [LOG] %c JSHandle@node @ https://www.fullhdfilmizlesene.now/minx/ftjs.1786843931.js:0
[ 2967449ms] [LOG] %c JSHandle@node @ https://www.fullhdfilmizlesene.now/minx/ftjs.1786843931.js:0
[ 2967963ms] [LOG] %c JSHandle@node @ https://www.fullhdfilmizlesene.now/minx/ftjs.1786843931.js:0
[ 2968464ms] [LOG] %c JSHandle@node @ https://www.fullhdfilmizlesene.now/minx/ftjs.1786843931.js:0
[ 2968963ms] [LOG] %c JSHandle@node @ https://www.fullhdfilmizlesene.now/minx/ftjs.1786843931.js:0
[ 2969463ms] [LOG] %c JSHandle@node @ https://www.fullhdfilmizlesene.now/minx/ftjs.1786843931.js:0
[ 2969950ms] [LOG] %c JSHandle@node @ https://www.fullhdfilmizlesene.now/minx/ftjs.1786843931.js:0
[ 2970452ms] [LOG] %c JSHandle@node @ https://www.fullhdfilmizlesene.now/minx/ftjs.1786843931.js:0
[ 2970952ms] [LOG] %c JSHandle@node @ https://www.fullhdfilmizlesene.now/minx/ftjs.1786843931.js:0
[ 2971450ms] [LOG] %c JSHandle@node @ https://www.fullhdfilmizlesene.now/minx/ftjs.1786843931.js:0
[ 2971956ms] [LOG] %c JSHandle@node @ https://www.fullhdfilmizlesene.now/minx/ftjs.1786843931.js:0
[ 2972463ms] [LOG] %c JSHandle@node @ https://www.fullhdfilmizlesene.now/minx/ftjs.1786843931.js:0
[ 2972950ms] [LOG] %c JSHandle@node @ https://www.fullhdfilmizlesene.now/minx/ftjs.1786843931.js:0
[ 2973461ms] [LOG] %c JSHandle@node @ https://www.fullhdfilmizlesene.now/minx/ftjs.1786843931.js:0
[ 2973959ms] [LOG] %c JSHandle@node @ https://www.fullhdfilmizlesene.now/minx/ftjs.1786843931.js:0
[ 2974457ms] [LOG] %c JSHandle@node @ https://www.fullhdfilmizlesene.now/minx/ftjs.1786843931.js:0
[ 2974957ms] [LOG] %c JSHandle@node @ https://www.fullhdfilmizlesene.now/minx/ftjs.1786843931.js:0
[ 2975455ms] [LOG] %c JSHandle@node @ https://www.fullhdfilmizlesene.now/minx/ftjs.1786843931.js:0
[ 2975955ms] [LOG] %c JSHandle@node @ https://www.fullhdfilmizlesene.now/minx/ftjs.1786843931.js:0
[ 2976451ms] [LOG] %c JSHandle@node @ https://www.fullhdfilmizlesene.now/minx/ftjs.1786843931.js:0
[ 2976952ms] [LOG] %c JSHandle@node @ https://www.fullhdfilmizlesene.now/minx/ftjs.1786843931.js:0
[ 2977454ms] [LOG] %c JSHandle@node @ https://www.fullhdfilmizlesene.now/minx/ftjs.1786843931.js:0
[ 2977953ms] [LOG] %c JSHandle@node @ https://www.fullhdfilmizlesene.now/minx/ftjs.1786843931.js:0
[ 2978452ms] [LOG] %c JSHandle@node @ https://www.fullhdfilmizlesene.now/minx/ftjs.1786843931.js:0
[ 2978952ms] [LOG] %c JSHandle@node @ https://www.fullhdfilmizlesene.now/minx/ftjs.1786843931.js:0
[ 2979453ms] [LOG] %c JSHandle@node @ https://www.fullhdfilmizlesene.now/minx/ftjs.1786843931.js:0
[ 2979953ms] [LOG] %c JSHandle@node @ https://www.fullhdfilmizlesene.now/minx/ftjs.1786843931.js:0
[ 2980451ms] [LOG] %c JSHandle@node @ https://www.fullhdfilmizlesene.now/minx/ftjs.1786843931.js:0
[ 2980951ms] [LOG] %c JSHandle@node @ https://www.fullhdfilmizlesene.now/minx/ftjs.1786843931.js:0
[ 2981464ms] [LOG] %c JSHandle@node @ https://www.fullhdfilmizlesene.now/minx/ftjs.1786843931.js:0
[ 2981949ms] [LOG] %c JSHandle@node @ https://www.fullhdfilmizlesene.now/minx/ftjs.1786843931.js:0
[ 2982449ms] [LOG] %c JSHandle@node @ https://www.fullhdfilmizlesene.now/minx/ftjs.1786843931.js:0
[ 2982962ms] [LOG] %c JSHandle@node @ https://www.fullhdfilmizlesene.now/minx/ftjs.1786843931.js:0
[ 2983462ms] [LOG] %c JSHandle@node @ https://www.fullhdfilmizlesene.now/minx/ftjs.1786843931.js:0
[ 2983961ms] [LOG] %c JSHandle@node @ https://www.fullhdfilmizlesene.now/minx/ftjs.1786843931.js:0
[ 2984461ms] [LOG] %c JSHandle@node @ https://www.fullhdfilmizlesene.now/minx/ftjs.1786843931.js:0
[ 2984948ms] [LOG] %c JSHandle@node @ https://www.fullhdfilmizlesene.now/minx/ftjs.1786843931.js:0
[ 2985461ms] [LOG] %c JSHandle@node @ https://www.fullhdfilmizlesene.now/minx/ftjs.1786843931.js:0
[ 2985960ms] [LOG] %c JSHandle@node @ https://www.fullhdfilmizlesene.now/minx/ftjs.1786843931.js:0
[ 2986460ms] [LOG] %c JSHandle@node @ https://www.fullhdfilmizlesene.now/minx/ftjs.1786843931.js:0
[ 2986959ms] [LOG] %c JSHandle@node @ https://www.fullhdfilmizlesene.now/minx/ftjs.1786843931.js:0
[ 2987457ms] [LOG] %c JSHandle@node @ https://www.fullhdfilmizlesene.now/minx/ftjs.1786843931.js:0
[ 2987956ms] [LOG] %c JSHandle@node @ https://www.fullhdfilmizlesene.now/minx/ftjs.1786843931.js:0
[ 2988455ms] [LOG] %c JSHandle@node @ https://www.fullhdfilmizlesene.now/minx/ftjs.1786843931.js:0
[ 2988956ms] [LOG] %c JSHandle@node @ https://www.fullhdfilmizlesene.now/minx/ftjs.1786843931.js:0
[ 2989453ms] [LOG] %c JSHandle@node @ https://www.fullhdfilmizlesene.now/minx/ftjs.1786843931.js:0
[ 2989951ms] [LOG] %c JSHandle@node @ https://www.fullhdfilmizlesene.now/minx/ftjs.1786843931.js:0
[ 2990450ms] [LOG] %c JSHandle@node @ https://www.fullhdfilmizlesene.now/minx/ftjs.1786843931.js:0
[ 2990951ms] [LOG] %c JSHandle@node @ https://www.fullhdfilmizlesene.now/minx/ftjs.1786843931.js:0
[ 2991450ms] [LOG] %c JSHandle@node @ https://www.fullhdfilmizlesene.now/minx/ftjs.1786843931.js:0
[ 2991963ms] [LOG] %c JSHandle@node @ https://www.fullhdfilmizlesene.now/minx/ftjs.1786843931.js:0
[ 2992463ms] [LOG] %c JSHandle@node @ https://www.fullhdfilmizlesene.now/minx/ftjs.1786843931.js:0
[ 2992962ms] [LOG] %c JSHandle@node @ https://www.fullhdfilmizlesene.now/minx/ftjs.1786843931.js:0
[ 2993458ms] [LOG] %c JSHandle@node @ https://www.fullhdfilmizlesene.now/minx/ftjs.1786843931.js:0
[ 2993957ms] [LOG] %c JSHandle@node @ https://www.fullhdfilmizlesene.now/minx/ftjs.1786843931.js:0
[ 2994448ms] [LOG] %c JSHandle@node @ https://www.fullhdfilmizlesene.now/minx/ftjs.1786843931.js:0
[ 2994956ms] [LOG] %c JSHandle@node @ https://www.fullhdfilmizlesene.now/minx/ftjs.1786843931.js:0
[ 2995454ms] [LOG] %c JSHandle@node @ https://www.fullhdfilmizlesene.now/minx/ftjs.1786843931.js:0
[ 2995951ms] [LOG] %c JSHandle@node @ https://www.fullhdfilmizlesene.now/minx/ftjs.1786843931.js:0
[ 2996450ms] [LOG] %c JSHandle@node @ https://www.fullhdfilmizlesene.now/minx/ftjs.1786843931.js:0
[ 2996950ms] [LOG] %c JSHandle@node @ https://www.fullhdfilmizlesene.now/minx/ftjs.1786843931.js:0
[ 2997452ms] [LOG] %c JSHandle@node @ https://www.fullhdfilmizlesene.now/minx/ftjs.1786843931.js:0
[ 2997962ms] [LOG] %c JSHandle@node @ https://www.fullhdfilmizlesene.now/minx/ftjs.1786843931.js:0
[ 2998461ms] [LOG] %c JSHandle@node @ https://www.fullhdfilmizlesene.now/minx/ftjs.1786843931.js:0
[ 2998949ms] [LOG] %c JSHandle@node @ https://www.fullhdfilmizlesene.now/minx/ftjs.1786843931.js:0
[ 2999454ms] [LOG] %c JSHandle@node @ https://www.fullhdfilmizlesene.now/minx/ftjs.1786843931.js:0
[ 2999956ms] [LOG] %c JSHandle@node @ https://www.fullhdfilmizlesene.now/minx/ftjs.1786843931.js:0
[ 3000452ms] [LOG] %c JSHandle@node @ https://www.fullhdfilmizlesene.now/minx/ftjs.1786843931.js:0
[ 3000950ms] [LOG] %c JSHandle@node @ https://www.fullhdfilmizlesene.now/minx/ftjs.1786843931.js:0
[ 3001453ms] [LOG] %c JSHandle@node @ https://www.fullhdfilmizlesene.now/minx/ftjs.1786843931.js:0
[ 3001953ms] [LOG] %c JSHandle@node @ https://www.fullhdfilmizlesene.now/minx/ftjs.1786843931.js:0
[ 3002454ms] [LOG] %c JSHandle@node @ https://www.fullhdfilmizlesene.now/minx/ftjs.1786843931.js:0
[ 3002955ms] [LOG] %c JSHandle@node @ https://www.fullhdfilmizlesene.now/minx/ftjs.1786843931.js:0
[ 3003459ms] [LOG] %c JSHandle@node @ https://www.fullhdfilmizlesene.now/minx/ftjs.1786843931.js:0
[ 3003962ms] [LOG] %c JSHandle@node @ https://www.fullhdfilmizlesene.now/minx/ftjs.1786843931.js:0
[ 3004464ms] [LOG] %c JSHandle@node @ https://www.fullhdfilmizlesene.now/minx/ftjs.1786843931.js:0
[ 3004952ms] [LOG] %c JSHandle@node @ https://www.fullhdfilmizlesene.now/minx/ftjs.1786843931.js:0
[ 3005455ms] [LOG] %c JSHandle@node @ https://www.fullhdfilmizlesene.now/minx/ftjs.1786843931.js:0
[ 3005958ms] [LOG] %c JSHandle@node @ https://www.fullhdfilmizlesene.now/minx/ftjs.1786843931.js:0
[ 3006463ms] [LOG] %c JSHandle@node @ https://www.fullhdfilmizlesene.now/minx/ftjs.1786843931.js:0
[ 3006949ms] [LOG] %c JSHandle@node @ https://www.fullhdfilmizlesene.now/minx/ftjs.1786843931.js:0
[ 3007455ms] [LOG] %c JSHandle@node @ https://www.fullhdfilmizlesene.now/minx/ftjs.1786843931.js:0
[ 3007963ms] [LOG] %c JSHandle@node @ https://www.fullhdfilmizlesene.now/minx/ftjs.1786843931.js:0
[ 3008453ms] [LOG] %c JSHandle@node @ https://www.fullhdfilmizlesene.now/minx/ftjs.1786843931.js:0
[ 3008956ms] [LOG] %c JSHandle@node @ https://www.fullhdfilmizlesene.now/minx/ftjs.1786843931.js:0
[ 3009461ms] [LOG] %c JSHandle@node @ https://www.fullhdfilmizlesene.now/minx/ftjs.1786843931.js:0
[ 3009949ms] [LOG] %c JSHandle@node @ https://www.fullhdfilmizlesene.now/minx/ftjs.1786843931.js:0
[ 3010455ms] [LOG] %c JSHandle@node @ https://www.fullhdfilmizlesene.now/minx/ftjs.1786843931.js:0
[ 3010954ms] [LOG] %c JSHandle@node @ https://www.fullhdfilmizlesene.now/minx/ftjs.1786843931.js:0
[ 3011456ms] [LOG] %c JSHandle@node @ https://www.fullhdfilmizlesene.now/minx/ftjs.1786843931.js:0
[ 3011960ms] [LOG] %c JSHandle@node @ https://www.fullhdfilmizlesene.now/minx/ftjs.1786843931.js:0
[ 3012448ms] [LOG] %c JSHandle@node @ https://www.fullhdfilmizlesene.now/minx/ftjs.1786843931.js:0
[ 3012953ms] [LOG] %c JSHandle@node @ https://www.fullhdfilmizlesene.now/minx/ftjs.1786843931.js:0
[ 3013456ms] [LOG] %c JSHandle@node @ https://www.fullhdfilmizlesene.now/minx/ftjs.1786843931.js:0
[ 3013959ms] [LOG] %c JSHandle@node @ https://www.fullhdfilmizlesene.now/minx/ftjs.1786843931.js:0
[ 3014464ms] [LOG] %c JSHandle@node @ https://www.fullhdfilmizlesene.now/minx/ftjs.1786843931.js:0
[ 3014954ms] [LOG] %c JSHandle@node @ https://www.fullhdfilmizlesene.now/minx/ftjs.1786843931.js:0
[ 3015457ms] [LOG] %c JSHandle@node @ https://www.fullhdfilmizlesene.now/minx/ftjs.1786843931.js:0
[ 3015960ms] [LOG] %c JSHandle@node @ https://www.fullhdfilmizlesene.now/minx/ftjs.1786843931.js:0
[ 3016460ms] [LOG] %c JSHandle@node @ https://www.fullhdfilmizlesene.now/minx/ftjs.1786843931.js:0
[ 3016960ms] [LOG] %c JSHandle@node @ https://www.fullhdfilmizlesene.now/minx/ftjs.1786843931.js:0
[ 3017449ms] [LOG] %c JSHandle@node @ https://www.fullhdfilmizlesene.now/minx/ftjs.1786843931.js:0
[ 3017953ms] [LOG] %c JSHandle@node @ https://www.fullhdfilmizlesene.now/minx/ftjs.1786843931.js:0
[ 3018453ms] [LOG] %c JSHandle@node @ https://www.fullhdfilmizlesene.now/minx/ftjs.1786843931.js:0
[ 3018955ms] [LOG] %c JSHandle@node @ https://www.fullhdfilmizlesene.now/minx/ftjs.1786843931.js:0
[ 3019452ms] [LOG] %c JSHandle@node @ https://www.fullhdfilmizlesene.now/minx/ftjs.1786843931.js:0
[ 3019949ms] [LOG] %c JSHandle@node @ https://www.fullhdfilmizlesene.now/minx/ftjs.1786843931.js:0
[ 3020450ms] [LOG] %c JSHandle@node @ https://www.fullhdfilmizlesene.now/minx/ftjs.1786843931.js:0
[ 3020951ms] [LOG] %c JSHandle@node @ https://www.fullhdfilmizlesene.now/minx/ftjs.1786843931.js:0
[ 3021452ms] [LOG] %c JSHandle@node @ https://www.fullhdfilmizlesene.now/minx/ftjs.1786843931.js:0
[ 3021950ms] [LOG] %c JSHandle@node @ https://www.fullhdfilmizlesene.now/minx/ftjs.1786843931.js:0
[ 3022451ms] [LOG] %c JSHandle@node @ https://www.fullhdfilmizlesene.now/minx/ftjs.1786843931.js:0
[ 3022954ms] [LOG] %c JSHandle@node @ https://www.fullhdfilmizlesene.now/minx/ftjs.1786843931.js:0
[ 3023457ms] [LOG] %c JSHandle@node @ https://www.fullhdfilmizlesene.now/minx/ftjs.1786843931.js:0
[ 3023961ms] [LOG] %c JSHandle@node @ https://www.fullhdfilmizlesene.now/minx/ftjs.1786843931.js:0
[ 3024464ms] [LOG] %c JSHandle@node @ https://www.fullhdfilmizlesene.now/minx/ftjs.1786843931.js:0
[ 3024953ms] [LOG] %c JSHandle@node @ https://www.fullhdfilmizlesene.now/minx/ftjs.1786843931.js:0
[ 3025456ms] [LOG] %c JSHandle@node @ https://www.fullhdfilmizlesene.now/minx/ftjs.1786843931.js:0
[ 3025959ms] [LOG] %c JSHandle@node @ https://www.fullhdfilmizlesene.now/minx/ftjs.1786843931.js:0
[ 3026462ms] [LOG] %c JSHandle@node @ https://www.fullhdfilmizlesene.now/minx/ftjs.1786843931.js:0
[ 3026964ms] [LOG] %c JSHandle@node @ https://www.fullhdfilmizlesene.now/minx/ftjs.1786843931.js:0
[ 3027450ms] [LOG] %c JSHandle@node @ https://www.fullhdfilmizlesene.now/minx/ftjs.1786843931.js:0
[ 3027953ms] [LOG] %c JSHandle@node @ https://www.fullhdfilmizlesene.now/minx/ftjs.1786843931.js:0
[ 3028456ms] [LOG] %c JSHandle@node @ https://www.fullhdfilmizlesene.now/minx/ftjs.1786843931.js:0
[ 3028957ms] [LOG] %c JSHandle@node @ https://www.fullhdfilmizlesene.now/minx/ftjs.1786843931.js:0
[ 3029460ms] [LOG] %c JSHandle@node @ https://www.fullhdfilmizlesene.now/minx/ftjs.1786843931.js:0
[ 3029963ms] [LOG] %c JSHandle@node @ https://www.fullhdfilmizlesene.now/minx/ftjs.1786843931.js:0
[ 3030463ms] [LOG] %c JSHandle@node @ https://www.fullhdfilmizlesene.now/minx/ftjs.1786843931.js:0
[ 3030948ms] [LOG] %c JSHandle@node @ https://www.fullhdfilmizlesene.now/minx/ftjs.1786843931.js:0
[ 3031452ms] [LOG] %c JSHandle@node @ https://www.fullhdfilmizlesene.now/minx/ftjs.1786843931.js:0
[ 3031954ms] [LOG] %c JSHandle@node @ https://www.fullhdfilmizlesene.now/minx/ftjs.1786843931.js:0
[ 3032454ms] [LOG] %c JSHandle@node @ https://www.fullhdfilmizlesene.now/minx/ftjs.1786843931.js:0
[ 3032957ms] [LOG] %c JSHandle@node @ https://www.fullhdfilmizlesene.now/minx/ftjs.1786843931.js:0
[ 3033455ms] [LOG] %c JSHandle@node @ https://www.fullhdfilmizlesene.now/minx/ftjs.1786843931.js:0
[ 3033955ms] [LOG] %c JSHandle@node @ https://www.fullhdfilmizlesene.now/minx/ftjs.1786843931.js:0
[ 3034459ms] [LOG] %c JSHandle@node @ https://www.fullhdfilmizlesene.now/minx/ftjs.1786843931.js:0
[ 3034961ms] [LOG] %c JSHandle@node @ https://www.fullhdfilmizlesene.now/minx/ftjs.1786843931.js:0
[ 3035463ms] [LOG] %c JSHandle@node @ https://www.fullhdfilmizlesene.now/minx/ftjs.1786843931.js:0
[ 3035949ms] [LOG] %c JSHandle@node @ https://www.fullhdfilmizlesene.now/minx/ftjs.1786843931.js:0
[ 3036453ms] [LOG] %c JSHandle@node @ https://www.fullhdfilmizlesene.now/minx/ftjs.1786843931.js:0
[ 3036957ms] [LOG] %c JSHandle@node @ https://www.fullhdfilmizlesene.now/minx/ftjs.1786843931.js:0
[ 3037461ms] [LOG] %c JSHandle@node @ https://www.fullhdfilmizlesene.now/minx/ftjs.1786843931.js:0
[ 3037961ms] [LOG] %c JSHandle@node @ https://www.fullhdfilmizlesene.now/minx/ftjs.1786843931.js:0
[ 3038460ms] [LOG] %c JSHandle@node @ https://www.fullhdfilmizlesene.now/minx/ftjs.1786843931.js:0
[ 3038958ms] [LOG] %c JSHandle@node @ https://www.fullhdfilmizlesene.now/minx/ftjs.1786843931.js:0
[ 3039459ms] [LOG] %c JSHandle@node @ https://www.fullhdfilmizlesene.now/minx/ftjs.1786843931.js:0
[ 3039963ms] [LOG] %c JSHandle@node @ https://www.fullhdfilmizlesene.now/minx/ftjs.1786843931.js:0
[ 3040453ms] [LOG] %c JSHandle@node @ https://www.fullhdfilmizlesene.now/minx/ftjs.1786843931.js:0
[ 3040956ms] [LOG] %c JSHandle@node @ https://www.fullhdfilmizlesene.now/minx/ftjs.1786843931.js:0
[ 3041459ms] [LOG] %c JSHandle@node @ https://www.fullhdfilmizlesene.now/minx/ftjs.1786843931.js:0
[ 3041949ms] [LOG] %c JSHandle@node @ https://www.fullhdfilmizlesene.now/minx/ftjs.1786843931.js:0
[ 3042450ms] [LOG] %c JSHandle@node @ https://www.fullhdfilmizlesene.now/minx/ftjs.1786843931.js:0
[ 3042954ms] [LOG] %c JSHandle@node @ https://www.fullhdfilmizlesene.now/minx/ftjs.1786843931.js:0
[ 3043449ms] [LOG] %c JSHandle@node @ https://www.fullhdfilmizlesene.now/minx/ftjs.1786843931.js:0
[ 3043952ms] [LOG] %c JSHandle@node @ https://www.fullhdfilmizlesene.now/minx/ftjs.1786843931.js:0
[ 3044451ms] [LOG] %c JSHandle@node @ https://www.fullhdfilmizlesene.now/minx/ftjs.1786843931.js:0
[ 3044954ms] [LOG] %c JSHandle@node @ https://www.fullhdfilmizlesene.now/minx/ftjs.1786843931.js:0
[ 3045457ms] [LOG] %c JSHandle@node @ https://www.fullhdfilmizlesene.now/minx/ftjs.1786843931.js:0
[ 3045960ms] [LOG] %c JSHandle@node @ https://www.fullhdfilmizlesene.now/minx/ftjs.1786843931.js:0
[ 3046462ms] [LOG] %c JSHandle@node @ https://www.fullhdfilmizlesene.now/minx/ftjs.1786843931.js:0
[ 3046950ms] [LOG] %c JSHandle@node @ https://www.fullhdfilmizlesene.now/minx/ftjs.1786843931.js:0
[ 3047455ms] [LOG] %c JSHandle@node @ https://www.fullhdfilmizlesene.now/minx/ftjs.1786843931.js:0
[ 3047959ms] [LOG] %c JSHandle@node @ https://www.fullhdfilmizlesene.now/minx/ftjs.1786843931.js:0
[ 3048462ms] [LOG] %c JSHandle@node @ https://www.fullhdfilmizlesene.now/minx/ftjs.1786843931.js:0
[ 3048950ms] [LOG] %c JSHandle@node @ https://www.fullhdfilmizlesene.now/minx/ftjs.1786843931.js:0
[ 3049453ms] [LOG] %c JSHandle@node @ https://www.fullhdfilmizlesene.now/minx/ftjs.1786843931.js:0
[ 3049949ms] [LOG] %c JSHandle@node @ https://www.fullhdfilmizlesene.now/minx/ftjs.1786843931.js:0
[ 3050459ms] [LOG] %c JSHandle@node @ https://www.fullhdfilmizlesene.now/minx/ftjs.1786843931.js:0
[ 3050962ms] [LOG] %c JSHandle@node @ https://www.fullhdfilmizlesene.now/minx/ftjs.1786843931.js:0
[ 3051449ms] [LOG] %c JSHandle@node @ https://www.fullhdfilmizlesene.now/minx/ftjs.1786843931.js:0
[ 3051952ms] [LOG] %c JSHandle@node @ https://www.fullhdfilmizlesene.now/minx/ftjs.1786843931.js:0
[ 3052456ms] [LOG] %c JSHandle@node @ https://www.fullhdfilmizlesene.now/minx/ftjs.1786843931.js:0
[ 3052950ms] [LOG] %c JSHandle@node @ https://www.fullhdfilmizlesene.now/minx/ftjs.1786843931.js:0
[ 3053463ms] [LOG] %c JSHandle@node @ https://www.fullhdfilmizlesene.now/minx/ftjs.1786843931.js:0
[ 3053951ms] [LOG] %c JSHandle@node @ https://www.fullhdfilmizlesene.now/minx/ftjs.1786843931.js:0
[ 3054454ms] [LOG] %c JSHandle@node @ https://www.fullhdfilmizlesene.now/minx/ftjs.1786843931.js:0
[ 3054957ms] [LOG] %c JSHandle@node @ https://www.fullhdfilmizlesene.now/minx/ftjs.1786843931.js:0
[ 3055462ms] [LOG] %c JSHandle@node @ https://www.fullhdfilmizlesene.now/minx/ftjs.1786843931.js:0
[ 3055959ms] [LOG] %c JSHandle@node @ https://www.fullhdfilmizlesene.now/minx/ftjs.1786843931.js:0
[ 3056461ms] [LOG] %c JSHandle@node @ https://www.fullhdfilmizlesene.now/minx/ftjs.1786843931.js:0
[ 3056949ms] [LOG] %c JSHandle@node @ https://www.fullhdfilmizlesene.now/minx/ftjs.1786843931.js:0
[ 3057451ms] [LOG] %c JSHandle@node @ https://www.fullhdfilmizlesene.now/minx/ftjs.1786843931.js:0
[ 3057950ms] [LOG] %c JSHandle@node @ https://www.fullhdfilmizlesene.now/minx/ftjs.1786843931.js:0
[ 3058454ms] [LOG] %c JSHandle@node @ https://www.fullhdfilmizlesene.now/minx/ftjs.1786843931.js:0
[ 3058955ms] [LOG] %c JSHandle@node @ https://www.fullhdfilmizlesene.now/minx/ftjs.1786843931.js:0
[ 3059458ms] [LOG] %c JSHandle@node @ https://www.fullhdfilmizlesene.now/minx/ftjs.1786843931.js:0
[ 3059956ms] [LOG] %c JSHandle@node @ https://www.fullhdfilmizlesene.now/minx/ftjs.1786843931.js:0
[ 3060462ms] [LOG] %c JSHandle@node @ https://www.fullhdfilmizlesene.now/minx/ftjs.1786843931.js:0
[ 3060949ms] [LOG] %c JSHandle@node @ https://www.fullhdfilmizlesene.now/minx/ftjs.1786843931.js:0
[ 3061464ms] [LOG] %c JSHandle@node @ https://www.fullhdfilmizlesene.now/minx/ftjs.1786843931.js:0
[ 3061949ms] [LOG] %c JSHandle@node @ https://www.fullhdfilmizlesene.now/minx/ftjs.1786843931.js:0
[ 3062449ms] [LOG] %c JSHandle@node @ https://www.fullhdfilmizlesene.now/minx/ftjs.1786843931.js:0
[ 3062949ms] [LOG] %c JSHandle@node @ https://www.fullhdfilmizlesene.now/minx/ftjs.1786843931.js:0
[ 3063455ms] [LOG] %c JSHandle@node @ https://www.fullhdfilmizlesene.now/minx/ftjs.1786843931.js:0
[ 3063957ms] [LOG] %c JSHandle@node @ https://www.fullhdfilmizlesene.now/minx/ftjs.1786843931.js:0
[ 3064459ms] [LOG] %c JSHandle@node @ https://www.fullhdfilmizlesene.now/minx/ftjs.1786843931.js:0
[ 3064963ms] [LOG] %c JSHandle@node @ https://www.fullhdfilmizlesene.now/minx/ftjs.1786843931.js:0
[ 3065452ms] [LOG] %c JSHandle@node @ https://www.fullhdfilmizlesene.now/minx/ftjs.1786843931.js:0
[ 3065958ms] [LOG] %c JSHandle@node @ https://www.fullhdfilmizlesene.now/minx/ftjs.1786843931.js:0
[ 3066461ms] [LOG] %c JSHandle@node @ https://www.fullhdfilmizlesene.now/minx/ftjs.1786843931.js:0
[ 3066962ms] [LOG] %c JSHandle@node @ https://www.fullhdfilmizlesene.now/minx/ftjs.1786843931.js:0
[ 3067450ms] [LOG] %c JSHandle@node @ https://www.fullhdfilmizlesene.now/minx/ftjs.1786843931.js:0
[ 3067952ms] [LOG] %c JSHandle@node @ https://www.fullhdfilmizlesene.now/minx/ftjs.1786843931.js:0
[ 3068455ms] [LOG] %c JSHandle@node @ https://www.fullhdfilmizlesene.now/minx/ftjs.1786843931.js:0
[ 3068959ms] [LOG] %c JSHandle@node @ https://www.fullhdfilmizlesene.now/minx/ftjs.1786843931.js:0
[ 3069462ms] [LOG] %c JSHandle@node @ https://www.fullhdfilmizlesene.now/minx/ftjs.1786843931.js:0
[ 3069949ms] [LOG] %c JSHandle@node @ https://www.fullhdfilmizlesene.now/minx/ftjs.1786843931.js:0
[ 3070453ms] [LOG] %c JSHandle@node @ https://www.fullhdfilmizlesene.now/minx/ftjs.1786843931.js:0
[ 3070956ms] [LOG] %c JSHandle@node @ https://www.fullhdfilmizlesene.now/minx/ftjs.1786843931.js:0
[ 3071458ms] [LOG] %c JSHandle@node @ https://www.fullhdfilmizlesene.now/minx/ftjs.1786843931.js:0
[ 3071963ms] [LOG] %c JSHandle@node @ https://www.fullhdfilmizlesene.now/minx/ftjs.1786843931.js:0
[ 3072450ms] [LOG] %c JSHandle@node @ https://www.fullhdfilmizlesene.now/minx/ftjs.1786843931.js:0
[ 3072953ms] [LOG] %c JSHandle@node @ https://www.fullhdfilmizlesene.now/minx/ftjs.1786843931.js:0
[ 3073457ms] [LOG] %c JSHandle@node @ https://www.fullhdfilmizlesene.now/minx/ftjs.1786843931.js:0
[ 3073960ms] [LOG] %c JSHandle@node @ https://www.fullhdfilmizlesene.now/minx/ftjs.1786843931.js:0
[ 3074463ms] [LOG] %c JSHandle@node @ https://www.fullhdfilmizlesene.now/minx/ftjs.1786843931.js:0
[ 3074953ms] [LOG] %c JSHandle@node @ https://www.fullhdfilmizlesene.now/minx/ftjs.1786843931.js:0
[ 3075458ms] [LOG] %c JSHandle@node @ https://www.fullhdfilmizlesene.now/minx/ftjs.1786843931.js:0
[ 3075960ms] [LOG] %c JSHandle@node @ https://www.fullhdfilmizlesene.now/minx/ftjs.1786843931.js:0
[ 3076462ms] [LOG] %c JSHandle@node @ https://www.fullhdfilmizlesene.now/minx/ftjs.1786843931.js:0
[ 3076962ms] [LOG] %c JSHandle@node @ https://www.fullhdfilmizlesene.now/minx/ftjs.1786843931.js:0
[ 3077449ms] [LOG] %c JSHandle@node @ https://www.fullhdfilmizlesene.now/minx/ftjs.1786843931.js:0
[ 3077963ms] [LOG] %c JSHandle@node @ https://www.fullhdfilmizlesene.now/minx/ftjs.1786843931.js:0
[ 3078461ms] [LOG] %c JSHandle@node @ https://www.fullhdfilmizlesene.now/minx/ftjs.1786843931.js:0
[ 3078961ms] [LOG] %c JSHandle@node @ https://www.fullhdfilmizlesene.now/minx/ftjs.1786843931.js:0
[ 3079460ms] [LOG] %c JSHandle@node @ https://www.fullhdfilmizlesene.now/minx/ftjs.1786843931.js:0
[ 3079960ms] [LOG] %c JSHandle@node @ https://www.fullhdfilmizlesene.now/minx/ftjs.1786843931.js:0
[ 3080458ms] [LOG] %c JSHandle@node @ https://www.fullhdfilmizlesene.now/minx/ftjs.1786843931.js:0
[ 3080960ms] [LOG] %c JSHandle@node @ https://www.fullhdfilmizlesene.now/minx/ftjs.1786843931.js:0
[ 3081461ms] [LOG] %c JSHandle@node @ https://www.fullhdfilmizlesene.now/minx/ftjs.1786843931.js:0
[ 3081959ms] [LOG] %c JSHandle@node @ https://www.fullhdfilmizlesene.now/minx/ftjs.1786843931.js:0
[ 3082456ms] [LOG] %c JSHandle@node @ https://www.fullhdfilmizlesene.now/minx/ftjs.1786843931.js:0
[ 3082958ms] [LOG] %c JSHandle@node @ https://www.fullhdfilmizlesene.now/minx/ftjs.1786843931.js:0
[ 3083459ms] [LOG] %c JSHandle@node @ https://www.fullhdfilmizlesene.now/minx/ftjs.1786843931.js:0
[ 3083962ms] [LOG] %c JSHandle@node @ https://www.fullhdfilmizlesene.now/minx/ftjs.1786843931.js:0
[ 3084448ms] [LOG] %c JSHandle@node @ https://www.fullhdfilmizlesene.now/minx/ftjs.1786843931.js:0
[ 3084950ms] [LOG] %c JSHandle@node @ https://www.fullhdfilmizlesene.now/minx/ftjs.1786843931.js:0
[ 3085451ms] [LOG] %c JSHandle@node @ https://www.fullhdfilmizlesene.now/minx/ftjs.1786843931.js:0
[ 3085954ms] [LOG] %c JSHandle@node @ https://www.fullhdfilmizlesene.now/minx/ftjs.1786843931.js:0
[ 3086459ms] [LOG] %c JSHandle@node @ https://www.fullhdfilmizlesene.now/minx/ftjs.1786843931.js:0
[ 3086962ms] [LOG] %c JSHandle@node @ https://www.fullhdfilmizlesene.now/minx/ftjs.1786843931.js:0
[ 3087461ms] [LOG] %c JSHandle@node @ https://www.fullhdfilmizlesene.now/minx/ftjs.1786843931.js:0
[ 3087959ms] [LOG] %c JSHandle@node @ https://www.fullhdfilmizlesene.now/minx/ftjs.1786843931.js:0
[ 3088459ms] [LOG] %c JSHandle@node @ https://www.fullhdfilmizlesene.now/minx/ftjs.1786843931.js:0
[ 3088959ms] [LOG] %c JSHandle@node @ https://www.fullhdfilmizlesene.now/minx/ftjs.1786843931.js:0
[ 3089456ms] [LOG] %c JSHandle@node @ https://www.fullhdfilmizlesene.now/minx/ftjs.1786843931.js:0
[ 3089958ms] [LOG] %c JSHandle@node @ https://www.fullhdfilmizlesene.now/minx/ftjs.1786843931.js:0
[ 3090459ms] [LOG] %c JSHandle@node @ https://www.fullhdfilmizlesene.now/minx/ftjs.1786843931.js:0
[ 3090958ms] [LOG] %c JSHandle@node @ https://www.fullhdfilmizlesene.now/minx/ftjs.1786843931.js:0
[ 3091459ms] [LOG] %c JSHandle@node @ https://www.fullhdfilmizlesene.now/minx/ftjs.1786843931.js:0
[ 3091959ms] [LOG] %c JSHandle@node @ https://www.fullhdfilmizlesene.now/minx/ftjs.1786843931.js:0
[ 3092459ms] [LOG] %c JSHandle@node @ https://www.fullhdfilmizlesene.now/minx/ftjs.1786843931.js:0
[ 3092959ms] [LOG] %c JSHandle@node @ https://www.fullhdfilmizlesene.now/minx/ftjs.1786843931.js:0
[ 3093461ms] [LOG] %c JSHandle@node @ https://www.fullhdfilmizlesene.now/minx/ftjs.1786843931.js:0
[ 3093949ms] [LOG] %c JSHandle@node @ https://www.fullhdfilmizlesene.now/minx/ftjs.1786843931.js:0
[ 3094450ms] [LOG] %c JSHandle@node @ https://www.fullhdfilmizlesene.now/minx/ftjs.1786843931.js:0
[ 3094952ms] [LOG] %c JSHandle@node @ https://www.fullhdfilmizlesene.now/minx/ftjs.1786843931.js:0
[ 3095455ms] [LOG] %c JSHandle@node @ https://www.fullhdfilmizlesene.now/minx/ftjs.1786843931.js:0
[ 3095957ms] [LOG] %c JSHandle@node @ https://www.fullhdfilmizlesene.now/minx/ftjs.1786843931.js:0
[ 3096455ms] [LOG] %c JSHandle@node @ https://www.fullhdfilmizlesene.now/minx/ftjs.1786843931.js:0
[ 3096956ms] [LOG] %c JSHandle@node @ https://www.fullhdfilmizlesene.now/minx/ftjs.1786843931.js:0
[ 3097455ms] [LOG] %c JSHandle@node @ https://www.fullhdfilmizlesene.now/minx/ftjs.1786843931.js:0
[ 3097956ms] [LOG] %c JSHandle@node @ https://www.fullhdfilmizlesene.now/minx/ftjs.1786843931.js:0
[ 3098458ms] [LOG] %c JSHandle@node @ https://www.fullhdfilmizlesene.now/minx/ftjs.1786843931.js:0
[ 3098959ms] [LOG] %c JSHandle@node @ https://www.fullhdfilmizlesene.now/minx/ftjs.1786843931.js:0
[ 3099457ms] [LOG] %c JSHandle@node @ https://www.fullhdfilmizlesene.now/minx/ftjs.1786843931.js:0
[ 3099958ms] [LOG] %c JSHandle@node @ https://www.fullhdfilmizlesene.now/minx/ftjs.1786843931.js:0
[ 3100457ms] [LOG] %c JSHandle@node @ https://www.fullhdfilmizlesene.now/minx/ftjs.1786843931.js:0
[ 3100956ms] [LOG] %c JSHandle@node @ https://www.fullhdfilmizlesene.now/minx/ftjs.1786843931.js:0
[ 3101454ms] [LOG] %c JSHandle@node @ https://www.fullhdfilmizlesene.now/minx/ftjs.1786843931.js:0
[ 3101950ms] [LOG] %c JSHandle@node @ https://www.fullhdfilmizlesene.now/minx/ftjs.1786843931.js:0
[ 3102452ms] [LOG] %c JSHandle@node @ https://www.fullhdfilmizlesene.now/minx/ftjs.1786843931.js:0
[ 3102953ms] [LOG] %c JSHandle@node @ https://www.fullhdfilmizlesene.now/minx/ftjs.1786843931.js:0
[ 3103454ms] [LOG] %c JSHandle@node @ https://www.fullhdfilmizlesene.now/minx/ftjs.1786843931.js:0
[ 3103952ms] [LOG] %c JSHandle@node @ https://www.fullhdfilmizlesene.now/minx/ftjs.1786843931.js:0
[ 3104453ms] [LOG] %c JSHandle@node @ https://www.fullhdfilmizlesene.now/minx/ftjs.1786843931.js:0
[ 3104953ms] [LOG] %c JSHandle@node @ https://www.fullhdfilmizlesene.now/minx/ftjs.1786843931.js:0
[ 3105449ms] [LOG] %c JSHandle@node @ https://www.fullhdfilmizlesene.now/minx/ftjs.1786843931.js:0
[ 3105960ms] [LOG] %c JSHandle@node @ https://www.fullhdfilmizlesene.now/minx/ftjs.1786843931.js:0
[ 3106459ms] [LOG] %c JSHandle@node @ https://www.fullhdfilmizlesene.now/minx/ftjs.1786843931.js:0
[ 3106957ms] [LOG] %c JSHandle@node @ https://www.fullhdfilmizlesene.now/minx/ftjs.1786843931.js:0
[ 3107451ms] [LOG] %c JSHandle@node @ https://www.fullhdfilmizlesene.now/minx/ftjs.1786843931.js:0
[ 3107949ms] [LOG] %c JSHandle@node @ https://www.fullhdfilmizlesene.now/minx/ftjs.1786843931.js:0
[ 3108450ms] [LOG] %c JSHandle@node @ https://www.fullhdfilmizlesene.now/minx/ftjs.1786843931.js:0
[ 3108964ms] [LOG] %c JSHandle@node @ https://www.fullhdfilmizlesene.now/minx/ftjs.1786843931.js:0
[ 3109451ms] [LOG] %c JSHandle@node @ https://www.fullhdfilmizlesene.now/minx/ftjs.1786843931.js:0
[ 3109956ms] [LOG] %c JSHandle@node @ https://www.fullhdfilmizlesene.now/minx/ftjs.1786843931.js:0
[ 3110459ms] [LOG] %c JSHandle@node @ https://www.fullhdfilmizlesene.now/minx/ftjs.1786843931.js:0
[ 3110955ms] [LOG] %c JSHandle@node @ https://www.fullhdfilmizlesene.now/minx/ftjs.1786843931.js:0
[ 3111452ms] [LOG] %c JSHandle@node @ https://www.fullhdfilmizlesene.now/minx/ftjs.1786843931.js:0
[ 3111951ms] [LOG] %c JSHandle@node @ https://www.fullhdfilmizlesene.now/minx/ftjs.1786843931.js:0
[ 3112452ms] [LOG] %c JSHandle@node @ https://www.fullhdfilmizlesene.now/minx/ftjs.1786843931.js:0
[ 3112953ms] [LOG] %c JSHandle@node @ https://www.fullhdfilmizlesene.now/minx/ftjs.1786843931.js:0
[ 3113462ms] [LOG] %c JSHandle@node @ https://www.fullhdfilmizlesene.now/minx/ftjs.1786843931.js:0
[ 3113961ms] [LOG] %c JSHandle@node @ https://www.fullhdfilmizlesene.now/minx/ftjs.1786843931.js:0
[ 3114457ms] [LOG] %c JSHandle@node @ https://www.fullhdfilmizlesene.now/minx/ftjs.1786843931.js:0
[ 3114952ms] [LOG] %c JSHandle@node @ https://www.fullhdfilmizlesene.now/minx/ftjs.1786843931.js:0
[ 3115455ms] [LOG] %c JSHandle@node @ https://www.fullhdfilmizlesene.now/minx/ftjs.1786843931.js:0
[ 3115954ms] [LOG] %c JSHandle@node @ https://www.fullhdfilmizlesene.now/minx/ftjs.1786843931.js:0
[ 3116456ms] [LOG] %c JSHandle@node @ https://www.fullhdfilmizlesene.now/minx/ftjs.1786843931.js:0
[ 3116958ms] [LOG] %c JSHandle@node @ https://www.fullhdfilmizlesene.now/minx/ftjs.1786843931.js:0
[ 3117456ms] [LOG] %c JSHandle@node @ https://www.fullhdfilmizlesene.now/minx/ftjs.1786843931.js:0
[ 3117953ms] [LOG] %c JSHandle@node @ https://www.fullhdfilmizlesene.now/minx/ftjs.1786843931.js:0
[ 3118463ms] [LOG] %c JSHandle@node @ https://www.fullhdfilmizlesene.now/minx/ftjs.1786843931.js:0
[ 3118949ms] [LOG] %c JSHandle@node @ https://www.fullhdfilmizlesene.now/minx/ftjs.1786843931.js:0
[ 3119463ms] [LOG] %c JSHandle@node @ https://www.fullhdfilmizlesene.now/minx/ftjs.1786843931.js:0
[ 3119957ms] [LOG] %c JSHandle@node @ https://www.fullhdfilmizlesene.now/minx/ftjs.1786843931.js:0
[ 3120454ms] [LOG] %c JSHandle@node @ https://www.fullhdfilmizlesene.now/minx/ftjs.1786843931.js:0
[ 3120953ms] [LOG] %c JSHandle@node @ https://www.fullhdfilmizlesene.now/minx/ftjs.1786843931.js:0
[ 3121451ms] [LOG] %c JSHandle@node @ https://www.fullhdfilmizlesene.now/minx/ftjs.1786843931.js:0
[ 3121950ms] [LOG] %c JSHandle@node @ https://www.fullhdfilmizlesene.now/minx/ftjs.1786843931.js:0
[ 3122462ms] [LOG] %c JSHandle@node @ https://www.fullhdfilmizlesene.now/minx/ftjs.1786843931.js:0
[ 3122949ms] [LOG] %c JSHandle@node @ https://www.fullhdfilmizlesene.now/minx/ftjs.1786843931.js:0
[ 3123460ms] [LOG] %c JSHandle@node @ https://www.fullhdfilmizlesene.now/minx/ftjs.1786843931.js:0
[ 3123959ms] [LOG] %c JSHandle@node @ https://www.fullhdfilmizlesene.now/minx/ftjs.1786843931.js:0
[ 3124459ms] [LOG] %c JSHandle@node @ https://www.fullhdfilmizlesene.now/minx/ftjs.1786843931.js:0
[ 3124956ms] [LOG] %c JSHandle@node @ https://www.fullhdfilmizlesene.now/minx/ftjs.1786843931.js:0
[ 3125456ms] [LOG] %c JSHandle@node @ https://www.fullhdfilmizlesene.now/minx/ftjs.1786843931.js:0
[ 3125956ms] [LOG] %c JSHandle@node @ https://www.fullhdfilmizlesene.now/minx/ftjs.1786843931.js:0
[ 3126455ms] [LOG] %c JSHandle@node @ https://www.fullhdfilmizlesene.now/minx/ftjs.1786843931.js:0
[ 3126955ms] [LOG] %c JSHandle@node @ https://www.fullhdfilmizlesene.now/minx/ftjs.1786843931.js:0
[ 3127453ms] [LOG] %c JSHandle@node @ https://www.fullhdfilmizlesene.now/minx/ftjs.1786843931.js:0
[ 3127963ms] [LOG] %c JSHandle@node @ https://www.fullhdfilmizlesene.now/minx/ftjs.1786843931.js:0
[ 3128449ms] [LOG] %c JSHandle@node @ https://www.fullhdfilmizlesene.now/minx/ftjs.1786843931.js:0
[ 3128949ms] [LOG] %c JSHandle@node @ https://www.fullhdfilmizlesene.now/minx/ftjs.1786843931.js:0
[ 3129450ms] [LOG] %c JSHandle@node @ https://www.fullhdfilmizlesene.now/minx/ftjs.1786843931.js:0
[ 3129963ms] [LOG] %c JSHandle@node @ https://www.fullhdfilmizlesene.now/minx/ftjs.1786843931.js:0
[ 3130450ms] [LOG] %c JSHandle@node @ https://www.fullhdfilmizlesene.now/minx/ftjs.1786843931.js:0
[ 3130953ms] [LOG] %c JSHandle@node @ https://www.fullhdfilmizlesene.now/minx/ftjs.1786843931.js:0
[ 3131452ms] [LOG] %c JSHandle@node @ https://www.fullhdfilmizlesene.now/minx/ftjs.1786843931.js:0
[ 3131954ms] [LOG] %c JSHandle@node @ https://www.fullhdfilmizlesene.now/minx/ftjs.1786843931.js:0
[ 3132454ms] [LOG] %c JSHandle@node @ https://www.fullhdfilmizlesene.now/minx/ftjs.1786843931.js:0
[ 3132952ms] [LOG] %c JSHandle@node @ https://www.fullhdfilmizlesene.now/minx/ftjs.1786843931.js:0
[ 3133453ms] [LOG] %c JSHandle@node @ https://www.fullhdfilmizlesene.now/minx/ftjs.1786843931.js:0
[ 3133952ms] [LOG] %c JSHandle@node @ https://www.fullhdfilmizlesene.now/minx/ftjs.1786843931.js:0
[ 3134463ms] [LOG] %c JSHandle@node @ https://www.fullhdfilmizlesene.now/minx/ftjs.1786843931.js:0
[ 3134962ms] [LOG] %c JSHandle@node @ https://www.fullhdfilmizlesene.now/minx/ftjs.1786843931.js:0
[ 3135456ms] [LOG] %c JSHandle@node @ https://www.fullhdfilmizlesene.now/minx/ftjs.1786843931.js:0
[ 3135956ms] [LOG] %c JSHandle@node @ https://www.fullhdfilmizlesene.now/minx/ftjs.1786843931.js:0
[ 3136451ms] [LOG] %c JSHandle@node @ https://www.fullhdfilmizlesene.now/minx/ftjs.1786843931.js:0
[ 3136953ms] [LOG] %c JSHandle@node @ https://www.fullhdfilmizlesene.now/minx/ftjs.1786843931.js:0
[ 3137449ms] [LOG] %c JSHandle@node @ https://www.fullhdfilmizlesene.now/minx/ftjs.1786843931.js:0
[ 3137960ms] [LOG] %c JSHandle@node @ https://www.fullhdfilmizlesene.now/minx/ftjs.1786843931.js:0
[ 3138463ms] [LOG] %c JSHandle@node @ https://www.fullhdfilmizlesene.now/minx/ftjs.1786843931.js:0
[ 3138959ms] [LOG] %c JSHandle@node @ https://www.fullhdfilmizlesene.now/minx/ftjs.1786843931.js:0
[ 3139457ms] [LOG] %c JSHandle@node @ https://www.fullhdfilmizlesene.now/minx/ftjs.1786843931.js:0
[ 3139953ms] [LOG] %c JSHandle@node @ https://www.fullhdfilmizlesene.now/minx/ftjs.1786843931.js:0
[ 3140452ms] [LOG] %c JSHandle@node @ https://www.fullhdfilmizlesene.now/minx/ftjs.1786843931.js:0
[ 3140952ms] [LOG] %c JSHandle@node @ https://www.fullhdfilmizlesene.now/minx/ftjs.1786843931.js:0
[ 3141452ms] [LOG] %c JSHandle@node @ https://www.fullhdfilmizlesene.now/minx/ftjs.1786843931.js:0
[ 3141949ms] [LOG] %c JSHandle@node @ https://www.fullhdfilmizlesene.now/minx/ftjs.1786843931.js:0
[ 3142462ms] [LOG] %c JSHandle@node @ https://www.fullhdfilmizlesene.now/minx/ftjs.1786843931.js:0
[ 3142962ms] [LOG] %c JSHandle@node @ https://www.fullhdfilmizlesene.now/minx/ftjs.1786843931.js:0
[ 3143448ms] [LOG] %c JSHandle@node @ https://www.fullhdfilmizlesene.now/minx/ftjs.1786843931.js:0
[ 3143958ms] [LOG] %c JSHandle@node @ https://www.fullhdfilmizlesene.now/minx/ftjs.1786843931.js:0
[ 3144459ms] [LOG] %c JSHandle@node @ https://www.fullhdfilmizlesene.now/minx/ftjs.1786843931.js:0
[ 3144958ms] [LOG] %c JSHandle@node @ https://www.fullhdfilmizlesene.now/minx/ftjs.1786843931.js:0
[ 3145461ms] [LOG] %c JSHandle@node @ https://www.fullhdfilmizlesene.now/minx/ftjs.1786843931.js:0
[ 3145961ms] [LOG] %c JSHandle@node @ https://www.fullhdfilmizlesene.now/minx/ftjs.1786843931.js:0
[ 3146450ms] [LOG] %c JSHandle@node @ https://www.fullhdfilmizlesene.now/minx/ftjs.1786843931.js:0
[ 3146950ms] [LOG] %c JSHandle@node @ https://www.fullhdfilmizlesene.now/minx/ftjs.1786843931.js:0
[ 3147461ms] [LOG] %c JSHandle@node @ https://www.fullhdfilmizlesene.now/minx/ftjs.1786843931.js:0
[ 3147961ms] [LOG] %c JSHandle@node @ https://www.fullhdfilmizlesene.now/minx/ftjs.1786843931.js:0
[ 3148463ms] [LOG] %c JSHandle@node @ https://www.fullhdfilmizlesene.now/minx/ftjs.1786843931.js:0
[ 3148964ms] [LOG] %c JSHandle@node @ https://www.fullhdfilmizlesene.now/minx/ftjs.1786843931.js:0
[ 3149450ms] [LOG] %c JSHandle@node @ https://www.fullhdfilmizlesene.now/minx/ftjs.1786843931.js:0
[ 3149963ms] [LOG] %c JSHandle@node @ https://www.fullhdfilmizlesene.now/minx/ftjs.1786843931.js:0
[ 3150463ms] [LOG] %c JSHandle@node @ https://www.fullhdfilmizlesene.now/minx/ftjs.1786843931.js:0
[ 3150958ms] [LOG] %c JSHandle@node @ https://www.fullhdfilmizlesene.now/minx/ftjs.1786843931.js:0
[ 3151457ms] [LOG] %c JSHandle@node @ https://www.fullhdfilmizlesene.now/minx/ftjs.1786843931.js:0
[ 3151955ms] [LOG] %c JSHandle@node @ https://www.fullhdfilmizlesene.now/minx/ftjs.1786843931.js:0
[ 3152455ms] [LOG] %c JSHandle@node @ https://www.fullhdfilmizlesene.now/minx/ftjs.1786843931.js:0
[ 3152954ms] [LOG] %c JSHandle@node @ https://www.fullhdfilmizlesene.now/minx/ftjs.1786843931.js:0
[ 3153454ms] [LOG] %c JSHandle@node @ https://www.fullhdfilmizlesene.now/minx/ftjs.1786843931.js:0
[ 3153950ms] [LOG] %c JSHandle@node @ https://www.fullhdfilmizlesene.now/minx/ftjs.1786843931.js:0
[ 3154450ms] [LOG] %c JSHandle@node @ https://www.fullhdfilmizlesene.now/minx/ftjs.1786843931.js:0
[ 3154952ms] [LOG] %c JSHandle@node @ https://www.fullhdfilmizlesene.now/minx/ftjs.1786843931.js:0
[ 3155452ms] [LOG] %c JSHandle@node @ https://www.fullhdfilmizlesene.now/minx/ftjs.1786843931.js:0
[ 3155952ms] [LOG] %c JSHandle@node @ https://www.fullhdfilmizlesene.now/minx/ftjs.1786843931.js:0
[ 3156450ms] [LOG] %c JSHandle@node @ https://www.fullhdfilmizlesene.now/minx/ftjs.1786843931.js:0
[ 3156950ms] [LOG] %c JSHandle@node @ https://www.fullhdfilmizlesene.now/minx/ftjs.1786843931.js:0
[ 3157449ms] [LOG] %c JSHandle@node @ https://www.fullhdfilmizlesene.now/minx/ftjs.1786843931.js:0
[ 3157962ms] [LOG] %c JSHandle@node @ https://www.fullhdfilmizlesene.now/minx/ftjs.1786843931.js:0
[ 3158459ms] [LOG] %c JSHandle@node @ https://www.fullhdfilmizlesene.now/minx/ftjs.1786843931.js:0
[ 3158960ms] [LOG] %c JSHandle@node @ https://www.fullhdfilmizlesene.now/minx/ftjs.1786843931.js:0
[ 3159462ms] [LOG] %c JSHandle@node @ https://www.fullhdfilmizlesene.now/minx/ftjs.1786843931.js:0
[ 3159950ms] [LOG] %c JSHandle@node @ https://www.fullhdfilmizlesene.now/minx/ftjs.1786843931.js:0
[ 3160450ms] [LOG] %c JSHandle@node @ https://www.fullhdfilmizlesene.now/minx/ftjs.1786843931.js:0
[ 3160950ms] [LOG] %c JSHandle@node @ https://www.fullhdfilmizlesene.now/minx/ftjs.1786843931.js:0
[ 3161449ms] [LOG] %c JSHandle@node @ https://www.fullhdfilmizlesene.now/minx/ftjs.1786843931.js:0
[ 3161963ms] [LOG] %c JSHandle@node @ https://www.fullhdfilmizlesene.now/minx/ftjs.1786843931.js:0
[ 3162460ms] [LOG] %c JSHandle@node @ https://www.fullhdfilmizlesene.now/minx/ftjs.1786843931.js:0
[ 3162959ms] [LOG] %c JSHandle@node @ https://www.fullhdfilmizlesene.now/minx/ftjs.1786843931.js:0
[ 3163458ms] [LOG] %c JSHandle@node @ https://www.fullhdfilmizlesene.now/minx/ftjs.1786843931.js:0
[ 3163961ms] [LOG] %c JSHandle@node @ https://www.fullhdfilmizlesene.now/minx/ftjs.1786843931.js:0
[ 3164463ms] [LOG] %c JSHandle@node @ https://www.fullhdfilmizlesene.now/minx/ftjs.1786843931.js:0
[ 3164963ms] [LOG] %c JSHandle@node @ https://www.fullhdfilmizlesene.now/minx/ftjs.1786843931.js:0
[ 3165449ms] [LOG] %c JSHandle@node @ https://www.fullhdfilmizlesene.now/minx/ftjs.1786843931.js:0
[ 3165960ms] [LOG] %c JSHandle@node @ https://www.fullhdfilmizlesene.now/minx/ftjs.1786843931.js:0
[ 3166457ms] [LOG] %c JSHandle@node @ https://www.fullhdfilmizlesene.now/minx/ftjs.1786843931.js:0
[ 3166956ms] [LOG] %c JSHandle@node @ https://www.fullhdfilmizlesene.now/minx/ftjs.1786843931.js:0
[ 3167456ms] [LOG] %c JSHandle@node @ https://www.fullhdfilmizlesene.now/minx/ftjs.1786843931.js:0
[ 3167958ms] [LOG] %c JSHandle@node @ https://www.fullhdfilmizlesene.now/minx/ftjs.1786843931.js:0
[ 3168456ms] [LOG] %c JSHandle@node @ https://www.fullhdfilmizlesene.now/minx/ftjs.1786843931.js:0
[ 3168953ms] [LOG] %c JSHandle@node @ https://www.fullhdfilmizlesene.now/minx/ftjs.1786843931.js:0
[ 3169455ms] [LOG] %c JSHandle@node @ https://www.fullhdfilmizlesene.now/minx/ftjs.1786843931.js:0
[ 3169953ms] [LOG] %c JSHandle@node @ https://www.fullhdfilmizlesene.now/minx/ftjs.1786843931.js:0
[ 3170450ms] [LOG] %c JSHandle@node @ https://www.fullhdfilmizlesene.now/minx/ftjs.1786843931.js:0
[ 3170951ms] [LOG] %c JSHandle@node @ https://www.fullhdfilmizlesene.now/minx/ftjs.1786843931.js:0
[ 3171450ms] [LOG] %c JSHandle@node @ https://www.fullhdfilmizlesene.now/minx/ftjs.1786843931.js:0
[ 3171950ms] [LOG] %c JSHandle@node @ https://www.fullhdfilmizlesene.now/minx/ftjs.1786843931.js:0
[ 3172450ms] [LOG] %c JSHandle@node @ https://www.fullhdfilmizlesene.now/minx/ftjs.1786843931.js:0
[ 3172952ms] [LOG] %c JSHandle@node @ https://www.fullhdfilmizlesene.now/minx/ftjs.1786843931.js:0
[ 3173452ms] [LOG] %c JSHandle@node @ https://www.fullhdfilmizlesene.now/minx/ftjs.1786843931.js:0
[ 3173953ms] [LOG] %c JSHandle@node @ https://www.fullhdfilmizlesene.now/minx/ftjs.1786843931.js:0
[ 3174450ms] [LOG] %c JSHandle@node @ https://www.fullhdfilmizlesene.now/minx/ftjs.1786843931.js:0
[ 3174952ms] [LOG] %c JSHandle@node @ https://www.fullhdfilmizlesene.now/minx/ftjs.1786843931.js:0
[ 3175450ms] [LOG] %c JSHandle@node @ https://www.fullhdfilmizlesene.now/minx/ftjs.1786843931.js:0
[ 3175961ms] [LOG] %c JSHandle@node @ https://www.fullhdfilmizlesene.now/minx/ftjs.1786843931.js:0
[ 3176460ms] [LOG] %c JSHandle@node @ https://www.fullhdfilmizlesene.now/minx/ftjs.1786843931.js:0
[ 3176962ms] [LOG] %c JSHandle@node @ https://www.fullhdfilmizlesene.now/minx/ftjs.1786843931.js:0
[ 3177449ms] [LOG] %c JSHandle@node @ https://www.fullhdfilmizlesene.now/minx/ftjs.1786843931.js:0
[ 3177955ms] [LOG] %c JSHandle@node @ https://www.fullhdfilmizlesene.now/minx/ftjs.1786843931.js:0
[ 3178452ms] [LOG] %c JSHandle@node @ https://www.fullhdfilmizlesene.now/minx/ftjs.1786843931.js:0
[ 3178951ms] [LOG] %c JSHandle@node @ https://www.fullhdfilmizlesene.now/minx/ftjs.1786843931.js:0
[ 3179449ms] [LOG] %c JSHandle@node @ https://www.fullhdfilmizlesene.now/minx/ftjs.1786843931.js:0
[ 3179952ms] [LOG] %c JSHandle@node @ https://www.fullhdfilmizlesene.now/minx/ftjs.1786843931.js:0
[ 3180460ms] [LOG] %c JSHandle@node @ https://www.fullhdfilmizlesene.now/minx/ftjs.1786843931.js:0
[ 3180959ms] [LOG] %c JSHandle@node @ https://www.fullhdfilmizlesene.now/minx/ftjs.1786843931.js:0
[ 3181459ms] [LOG] %c JSHandle@node @ https://www.fullhdfilmizlesene.now/minx/ftjs.1786843931.js:0
[ 3181958ms] [LOG] %c JSHandle@node @ https://www.fullhdfilmizlesene.now/minx/ftjs.1786843931.js:0
[ 3182456ms] [LOG] %c JSHandle@node @ https://www.fullhdfilmizlesene.now/minx/ftjs.1786843931.js:0
[ 3182956ms] [LOG] %c JSHandle@node @ https://www.fullhdfilmizlesene.now/minx/ftjs.1786843931.js:0
[ 3183456ms] [LOG] %c JSHandle@node @ https://www.fullhdfilmizlesene.now/minx/ftjs.1786843931.js:0
[ 3183957ms] [LOG] %c JSHandle@node @ https://www.fullhdfilmizlesene.now/minx/ftjs.1786843931.js:0
[ 3184454ms] [LOG] %c JSHandle@node @ https://www.fullhdfilmizlesene.now/minx/ftjs.1786843931.js:0
[ 3184953ms] [LOG] %c JSHandle@node @ https://www.fullhdfilmizlesene.now/minx/ftjs.1786843931.js:0
[ 3185454ms] [LOG] %c JSHandle@node @ https://www.fullhdfilmizlesene.now/minx/ftjs.1786843931.js:0
[ 3185955ms] [LOG] %c JSHandle@node @ https://www.fullhdfilmizlesene.now/minx/ftjs.1786843931.js:0
[ 3186449ms] [LOG] %c JSHandle@node @ https://www.fullhdfilmizlesene.now/minx/ftjs.1786843931.js:0
[ 3186962ms] [LOG] %c JSHandle@node @ https://www.fullhdfilmizlesene.now/minx/ftjs.1786843931.js:0
[ 3187461ms] [LOG] %c JSHandle@node @ https://www.fullhdfilmizlesene.now/minx/ftjs.1786843931.js:0
[ 3187958ms] [LOG] %c JSHandle@node @ https://www.fullhdfilmizlesene.now/minx/ftjs.1786843931.js:0
[ 3188455ms] [LOG] %c JSHandle@node @ https://www.fullhdfilmizlesene.now/minx/ftjs.1786843931.js:0
[ 3188957ms] [LOG] %c JSHandle@node @ https://www.fullhdfilmizlesene.now/minx/ftjs.1786843931.js:0
[ 3189449ms] [LOG] %c JSHandle@node @ https://www.fullhdfilmizlesene.now/minx/ftjs.1786843931.js:0
[ 3189949ms] [LOG] %c JSHandle@node @ https://www.fullhdfilmizlesene.now/minx/ftjs.1786843931.js:0
[ 3190463ms] [LOG] %c JSHandle@node @ https://www.fullhdfilmizlesene.now/minx/ftjs.1786843931.js:0
[ 3190963ms] [LOG] %c JSHandle@node @ https://www.fullhdfilmizlesene.now/minx/ftjs.1786843931.js:0
[ 3191460ms] [LOG] %c JSHandle@node @ https://www.fullhdfilmizlesene.now/minx/ftjs.1786843931.js:0
[ 3191961ms] [LOG] %c JSHandle@node @ https://www.fullhdfilmizlesene.now/minx/ftjs.1786843931.js:0
[ 3192459ms] [LOG] %c JSHandle@node @ https://www.fullhdfilmizlesene.now/minx/ftjs.1786843931.js:0
[ 3192955ms] [LOG] %c JSHandle@node @ https://www.fullhdfilmizlesene.now/minx/ftjs.1786843931.js:0
[ 3193453ms] [LOG] %c JSHandle@node @ https://www.fullhdfilmizlesene.now/minx/ftjs.1786843931.js:0
[ 3193953ms] [LOG] %c JSHandle@node @ https://www.fullhdfilmizlesene.now/minx/ftjs.1786843931.js:0
[ 3194453ms] [LOG] %c JSHandle@node @ https://www.fullhdfilmizlesene.now/minx/ftjs.1786843931.js:0
[ 3194951ms] [LOG] %c JSHandle@node @ https://www.fullhdfilmizlesene.now/minx/ftjs.1786843931.js:0
[ 3195449ms] [LOG] %c JSHandle@node @ https://www.fullhdfilmizlesene.now/minx/ftjs.1786843931.js:0
[ 3195948ms] [LOG] %c JSHandle@node @ https://www.fullhdfilmizlesene.now/minx/ftjs.1786843931.js:0
[ 3196460ms] [LOG] %c JSHandle@node @ https://www.fullhdfilmizlesene.now/minx/ftjs.1786843931.js:0
[ 3196958ms] [LOG] %c JSHandle@node @ https://www.fullhdfilmizlesene.now/minx/ftjs.1786843931.js:0
[ 3197453ms] [LOG] %c JSHandle@node @ https://www.fullhdfilmizlesene.now/minx/ftjs.1786843931.js:0
[ 3197953ms] [LOG] %c JSHandle@node @ https://www.fullhdfilmizlesene.now/minx/ftjs.1786843931.js:0
[ 3198451ms] [LOG] %c JSHandle@node @ https://www.fullhdfilmizlesene.now/minx/ftjs.1786843931.js:0
[ 3198953ms] [LOG] %c JSHandle@node @ https://www.fullhdfilmizlesene.now/minx/ftjs.1786843931.js:0
[ 3199453ms] [LOG] %c JSHandle@node @ https://www.fullhdfilmizlesene.now/minx/ftjs.1786843931.js:0
[ 3199952ms] [LOG] %c JSHandle@node @ https://www.fullhdfilmizlesene.now/minx/ftjs.1786843931.js:0
[ 3200456ms] [LOG] %c JSHandle@node @ https://www.fullhdfilmizlesene.now/minx/ftjs.1786843931.js:0
[ 3200961ms] [LOG] %c JSHandle@node @ https://www.fullhdfilmizlesene.now/minx/ftjs.1786843931.js:0
[ 3201460ms] [LOG] %c JSHandle@node @ https://www.fullhdfilmizlesene.now/minx/ftjs.1786843931.js:0
[ 3201962ms] [LOG] %c JSHandle@node @ https://www.fullhdfilmizlesene.now/minx/ftjs.1786843931.js:0
[ 3202450ms] [LOG] %c JSHandle@node @ https://www.fullhdfilmizlesene.now/minx/ftjs.1786843931.js:0
[ 3202949ms] [LOG] %c JSHandle@node @ https://www.fullhdfilmizlesene.now/minx/ftjs.1786843931.js:0
[ 3203453ms] [LOG] %c JSHandle@node @ https://www.fullhdfilmizlesene.now/minx/ftjs.1786843931.js:0
[ 3203950ms] [LOG] %c JSHandle@node @ https://www.fullhdfilmizlesene.now/minx/ftjs.1786843931.js:0
[ 3204450ms] [LOG] %c JSHandle@node @ https://www.fullhdfilmizlesene.now/minx/ftjs.1786843931.js:0
[ 3204949ms] [LOG] %c JSHandle@node @ https://www.fullhdfilmizlesene.now/minx/ftjs.1786843931.js:0
[ 3205452ms] [LOG] %c JSHandle@node @ https://www.fullhdfilmizlesene.now/minx/ftjs.1786843931.js:0
[ 3205952ms] [LOG] %c JSHandle@node @ https://www.fullhdfilmizlesene.now/minx/ftjs.1786843931.js:0
[ 3206451ms] [LOG] %c JSHandle@node @ https://www.fullhdfilmizlesene.now/minx/ftjs.1786843931.js:0
[ 3206950ms] [LOG] %c JSHandle@node @ https://www.fullhdfilmizlesene.now/minx/ftjs.1786843931.js:0
[ 3207452ms] [LOG] %c JSHandle@node @ https://www.fullhdfilmizlesene.now/minx/ftjs.1786843931.js:0
[ 3207962ms] [LOG] %c JSHandle@node @ https://www.fullhdfilmizlesene.now/minx/ftjs.1786843931.js:0
[ 3208460ms] [LOG] %c JSHandle@node @ https://www.fullhdfilmizlesene.now/minx/ftjs.1786843931.js:0
[ 3208959ms] [LOG] %c JSHandle@node @ https://www.fullhdfilmizlesene.now/minx/ftjs.1786843931.js:0
[ 3209461ms] [LOG] %c JSHandle@node @ https://www.fullhdfilmizlesene.now/minx/ftjs.1786843931.js:0
[ 3209960ms] [LOG] %c JSHandle@node @ https://www.fullhdfilmizlesene.now/minx/ftjs.1786843931.js:0
[ 3210458ms] [LOG] %c JSHandle@node @ https://www.fullhdfilmizlesene.now/minx/ftjs.1786843931.js:0
[ 3210958ms] [LOG] %c JSHandle@node @ https://www.fullhdfilmizlesene.now/minx/ftjs.1786843931.js:0
[ 3211459ms] [LOG] %c JSHandle@node @ https://www.fullhdfilmizlesene.now/minx/ftjs.1786843931.js:0
[ 3211955ms] [LOG] %c JSHandle@node @ https://www.fullhdfilmizlesene.now/minx/ftjs.1786843931.js:0
[ 3212453ms] [LOG] %c JSHandle@node @ https://www.fullhdfilmizlesene.now/minx/ftjs.1786843931.js:0
[ 3212951ms] [LOG] %c JSHandle@node @ https://www.fullhdfilmizlesene.now/minx/ftjs.1786843931.js:0
[ 3213449ms] [LOG] %c JSHandle@node @ https://www.fullhdfilmizlesene.now/minx/ftjs.1786843931.js:0
[ 3213950ms] [LOG] %c JSHandle@node @ https://www.fullhdfilmizlesene.now/minx/ftjs.1786843931.js:0
[ 3214463ms] [LOG] %c JSHandle@node @ https://www.fullhdfilmizlesene.now/minx/ftjs.1786843931.js:0
[ 3214962ms] [LOG] %c JSHandle@node @ https://www.fullhdfilmizlesene.now/minx/ftjs.1786843931.js:0
[ 3215461ms] [LOG] %c JSHandle@node @ https://www.fullhdfilmizlesene.now/minx/ftjs.1786843931.js:0
[ 3215960ms] [LOG] %c JSHandle@node @ https://www.fullhdfilmizlesene.now/minx/ftjs.1786843931.js:0
[ 3216459ms] [LOG] %c JSHandle@node @ https://www.fullhdfilmizlesene.now/minx/ftjs.1786843931.js:0
[ 3216960ms] [LOG] %c JSHandle@node @ https://www.fullhdfilmizlesene.now/minx/ftjs.1786843931.js:0
[ 3217452ms] [LOG] %c JSHandle@node @ https://www.fullhdfilmizlesene.now/minx/ftjs.1786843931.js:0
[ 3217955ms] [LOG] %c JSHandle@node @ https://www.fullhdfilmizlesene.now/minx/ftjs.1786843931.js:0
[ 3218451ms] [LOG] %c JSHandle@node @ https://www.fullhdfilmizlesene.now/minx/ftjs.1786843931.js:0
[ 3218963ms] [LOG] %c JSHandle@node @ https://www.fullhdfilmizlesene.now/minx/ftjs.1786843931.js:0
[ 3219461ms] [LOG] %c JSHandle@node @ https://www.fullhdfilmizlesene.now/minx/ftjs.1786843931.js:0
[ 3219948ms] [LOG] %c JSHandle@node @ https://www.fullhdfilmizlesene.now/minx/ftjs.1786843931.js:0
[ 3220450ms] [LOG] %c JSHandle@node @ https://www.fullhdfilmizlesene.now/minx/ftjs.1786843931.js:0
[ 3220963ms] [LOG] %c JSHandle@node @ https://www.fullhdfilmizlesene.now/minx/ftjs.1786843931.js:0
[ 3221462ms] [LOG] %c JSHandle@node @ https://www.fullhdfilmizlesene.now/minx/ftjs.1786843931.js:0
[ 3221961ms] [LOG] %c JSHandle@node @ https://www.fullhdfilmizlesene.now/minx/ftjs.1786843931.js:0
[ 3222455ms] [LOG] %c JSHandle@node @ https://www.fullhdfilmizlesene.now/minx/ftjs.1786843931.js:0
[ 3222953ms] [LOG] %c JSHandle@node @ https://www.fullhdfilmizlesene.now/minx/ftjs.1786843931.js:0
[ 3223449ms] [LOG] %c JSHandle@node @ https://www.fullhdfilmizlesene.now/minx/ftjs.1786843931.js:0
[ 3223951ms] [LOG] %c JSHandle@node @ https://www.fullhdfilmizlesene.now/minx/ftjs.1786843931.js:0
[ 3224449ms] [LOG] %c JSHandle@node @ https://www.fullhdfilmizlesene.now/minx/ftjs.1786843931.js:0
[ 3224949ms] [LOG] %c JSHandle@node @ https://www.fullhdfilmizlesene.now/minx/ftjs.1786843931.js:0
[ 3225451ms] [LOG] %c JSHandle@node @ https://www.fullhdfilmizlesene.now/minx/ftjs.1786843931.js:0
[ 3225949ms] [LOG] %c JSHandle@node @ https://www.fullhdfilmizlesene.now/minx/ftjs.1786843931.js:0
[ 3226462ms] [LOG] %c JSHandle@node @ https://www.fullhdfilmizlesene.now/minx/ftjs.1786843931.js:0
[ 3226963ms] [LOG] %c JSHandle@node @ https://www.fullhdfilmizlesene.now/minx/ftjs.1786843931.js:0
[ 3227448ms] [LOG] %c JSHandle@node @ https://www.fullhdfilmizlesene.now/minx/ftjs.1786843931.js:0
[ 3227961ms] [LOG] %c JSHandle@node @ https://www.fullhdfilmizlesene.now/minx/ftjs.1786843931.js:0
[ 3228461ms] [LOG] %c JSHandle@node @ https://www.fullhdfilmizlesene.now/minx/ftjs.1786843931.js:0
[ 3228948ms] [LOG] %c JSHandle@node @ https://www.fullhdfilmizlesene.now/minx/ftjs.1786843931.js:0
[ 3229460ms] [LOG] %c JSHandle@node @ https://www.fullhdfilmizlesene.now/minx/ftjs.1786843931.js:0
[ 3229961ms] [LOG] %c JSHandle@node @ https://www.fullhdfilmizlesene.now/minx/ftjs.1786843931.js:0
[ 3230463ms] [LOG] %c JSHandle@node @ https://www.fullhdfilmizlesene.now/minx/ftjs.1786843931.js:0
[ 3230963ms] [LOG] %c JSHandle@node @ https://www.fullhdfilmizlesene.now/minx/ftjs.1786843931.js:0
[ 3231458ms] [LOG] %c JSHandle@node @ https://www.fullhdfilmizlesene.now/minx/ftjs.1786843931.js:0
[ 3231955ms] [LOG] %c JSHandle@node @ https://www.fullhdfilmizlesene.now/minx/ftjs.1786843931.js:0
[ 3232454ms] [LOG] %c JSHandle@node @ https://www.fullhdfilmizlesene.now/minx/ftjs.1786843931.js:0
[ 3232949ms] [LOG] %c JSHandle@node @ https://www.fullhdfilmizlesene.now/minx/ftjs.1786843931.js:0
[ 3233458ms] [LOG] %c JSHandle@node @ https://www.fullhdfilmizlesene.now/minx/ftjs.1786843931.js:0
[ 3233958ms] [LOG] %c JSHandle@node @ https://www.fullhdfilmizlesene.now/minx/ftjs.1786843931.js:0
[ 3234456ms] [LOG] %c JSHandle@node @ https://www.fullhdfilmizlesene.now/minx/ftjs.1786843931.js:0
[ 3234953ms] [LOG] %c JSHandle@node @ https://www.fullhdfilmizlesene.now/minx/ftjs.1786843931.js:0
[ 3235455ms] [LOG] %c JSHandle@node @ https://www.fullhdfilmizlesene.now/minx/ftjs.1786843931.js:0
[ 3235956ms] [LOG] %c JSHandle@node @ https://www.fullhdfilmizlesene.now/minx/ftjs.1786843931.js:0
[ 3236458ms] [LOG] %c JSHandle@node @ https://www.fullhdfilmizlesene.now/minx/ftjs.1786843931.js:0
[ 3236955ms] [LOG] %c JSHandle@node @ https://www.fullhdfilmizlesene.now/minx/ftjs.1786843931.js:0
[ 3237455ms] [LOG] %c JSHandle@node @ https://www.fullhdfilmizlesene.now/minx/ftjs.1786843931.js:0
[ 3237955ms] [LOG] %c JSHandle@node @ https://www.fullhdfilmizlesene.now/minx/ftjs.1786843931.js:0
[ 3238453ms] [LOG] %c JSHandle@node @ https://www.fullhdfilmizlesene.now/minx/ftjs.1786843931.js:0
[ 3238951ms] [LOG] %c JSHandle@node @ https://www.fullhdfilmizlesene.now/minx/ftjs.1786843931.js:0
[ 3239460ms] [LOG] %c JSHandle@node @ https://www.fullhdfilmizlesene.now/minx/ftjs.1786843931.js:0
[ 3239948ms] [LOG] %c JSHandle@node @ https://www.fullhdfilmizlesene.now/minx/ftjs.1786843931.js:0
[ 3240461ms] [LOG] %c JSHandle@node @ https://www.fullhdfilmizlesene.now/minx/ftjs.1786843931.js:0
[ 3240963ms] [LOG] %c JSHandle@node @ https://www.fullhdfilmizlesene.now/minx/ftjs.1786843931.js:0
[ 3241453ms] [LOG] %c JSHandle@node @ https://www.fullhdfilmizlesene.now/minx/ftjs.1786843931.js:0
[ 3241952ms] [LOG] %c JSHandle@node @ https://www.fullhdfilmizlesene.now/minx/ftjs.1786843931.js:0
[ 3242453ms] [LOG] %c JSHandle@node @ https://www.fullhdfilmizlesene.now/minx/ftjs.1786843931.js:0
[ 3242951ms] [LOG] %c JSHandle@node @ https://www.fullhdfilmizlesene.now/minx/ftjs.1786843931.js:0
[ 3243462ms] [LOG] %c JSHandle@node @ https://www.fullhdfilmizlesene.now/minx/ftjs.1786843931.js:0
[ 3243963ms] [LOG] %c JSHandle@node @ https://www.fullhdfilmizlesene.now/minx/ftjs.1786843931.js:0
[ 3244461ms] [LOG] %c JSHandle@node @ https://www.fullhdfilmizlesene.now/minx/ftjs.1786843931.js:0
[ 3244960ms] [LOG] %c JSHandle@node @ https://www.fullhdfilmizlesene.now/minx/ftjs.1786843931.js:0
[ 3245460ms] [LOG] %c JSHandle@node @ https://www.fullhdfilmizlesene.now/minx/ftjs.1786843931.js:0
[ 3245958ms] [LOG] %c JSHandle@node @ https://www.fullhdfilmizlesene.now/minx/ftjs.1786843931.js:0
[ 3246458ms] [LOG] %c JSHandle@node @ https://www.fullhdfilmizlesene.now/minx/ftjs.1786843931.js:0
[ 3246960ms] [LOG] %c JSHandle@node @ https://www.fullhdfilmizlesene.now/minx/ftjs.1786843931.js:0
[ 3247459ms] [LOG] %c JSHandle@node @ https://www.fullhdfilmizlesene.now/minx/ftjs.1786843931.js:0
[ 3247955ms] [LOG] %c JSHandle@node @ https://www.fullhdfilmizlesene.now/minx/ftjs.1786843931.js:0
[ 3248452ms] [LOG] %c JSHandle@node @ https://www.fullhdfilmizlesene.now/minx/ftjs.1786843931.js:0
[ 3248953ms] [LOG] %c JSHandle@node @ https://www.fullhdfilmizlesene.now/minx/ftjs.1786843931.js:0
[ 3249450ms] [LOG] %c JSHandle@node @ https://www.fullhdfilmizlesene.now/minx/ftjs.1786843931.js:0
[ 3249951ms] [LOG] %c JSHandle@node @ https://www.fullhdfilmizlesene.now/minx/ftjs.1786843931.js:0
[ 3250449ms] [LOG] %c JSHandle@node @ https://www.fullhdfilmizlesene.now/minx/ftjs.1786843931.js:0
[ 3250961ms] [LOG] %c JSHandle@node @ https://www.fullhdfilmizlesene.now/minx/ftjs.1786843931.js:0
[ 3251463ms] [LOG] %c JSHandle@node @ https://www.fullhdfilmizlesene.now/minx/ftjs.1786843931.js:0
[ 3251961ms] [LOG] %c JSHandle@node @ https://www.fullhdfilmizlesene.now/minx/ftjs.1786843931.js:0
[ 3252460ms] [LOG] %c JSHandle@node @ https://www.fullhdfilmizlesene.now/minx/ftjs.1786843931.js:0
[ 3252960ms] [LOG] %c JSHandle@node @ https://www.fullhdfilmizlesene.now/minx/ftjs.1786843931.js:0
[ 3253458ms] [LOG] %c JSHandle@node @ https://www.fullhdfilmizlesene.now/minx/ftjs.1786843931.js:0
[ 3253958ms] [LOG] %c JSHandle@node @ https://www.fullhdfilmizlesene.now/minx/ftjs.1786843931.js:0
[ 3254455ms] [LOG] %c JSHandle@node @ https://www.fullhdfilmizlesene.now/minx/ftjs.1786843931.js:0
[ 3254959ms] [LOG] %c JSHandle@node @ https://www.fullhdfilmizlesene.now/minx/ftjs.1786843931.js:0
[ 3255458ms] [LOG] %c JSHandle@node @ https://www.fullhdfilmizlesene.now/minx/ftjs.1786843931.js:0
[ 3255953ms] [LOG] %c JSHandle@node @ https://www.fullhdfilmizlesene.now/minx/ftjs.1786843931.js:0
[ 3256452ms] [LOG] %c JSHandle@node @ https://www.fullhdfilmizlesene.now/minx/ftjs.1786843931.js:0
[ 3256952ms] [LOG] %c JSHandle@node @ https://www.fullhdfilmizlesene.now/minx/ftjs.1786843931.js:0
[ 3257451ms] [LOG] %c JSHandle@node @ https://www.fullhdfilmizlesene.now/minx/ftjs.1786843931.js:0
[ 3257950ms] [LOG] %c JSHandle@node @ https://www.fullhdfilmizlesene.now/minx/ftjs.1786843931.js:0
[ 3258450ms] [LOG] %c JSHandle@node @ https://www.fullhdfilmizlesene.now/minx/ftjs.1786843931.js:0
[ 3258953ms] [LOG] %c JSHandle@node @ https://www.fullhdfilmizlesene.now/minx/ftjs.1786843931.js:0
[ 3259455ms] [LOG] %c JSHandle@node @ https://www.fullhdfilmizlesene.now/minx/ftjs.1786843931.js:0
[ 3259956ms] [LOG] %c JSHandle@node @ https://www.fullhdfilmizlesene.now/minx/ftjs.1786843931.js:0
[ 3260454ms] [LOG] %c JSHandle@node @ https://www.fullhdfilmizlesene.now/minx/ftjs.1786843931.js:0
[ 3260954ms] [LOG] %c JSHandle@node @ https://www.fullhdfilmizlesene.now/minx/ftjs.1786843931.js:0
[ 3261451ms] [LOG] %c JSHandle@node @ https://www.fullhdfilmizlesene.now/minx/ftjs.1786843931.js:0
[ 3261956ms] [LOG] %c JSHandle@node @ https://www.fullhdfilmizlesene.now/minx/ftjs.1786843931.js:0
[ 3262453ms] [LOG] %c JSHandle@node @ https://www.fullhdfilmizlesene.now/minx/ftjs.1786843931.js:0
[ 3262957ms] [LOG] %c JSHandle@node @ https://www.fullhdfilmizlesene.now/minx/ftjs.1786843931.js:0
[ 3263458ms] [LOG] %c JSHandle@node @ https://www.fullhdfilmizlesene.now/minx/ftjs.1786843931.js:0
[ 3263949ms] [LOG] %c JSHandle@node @ https://www.fullhdfilmizlesene.now/minx/ftjs.1786843931.js:0
[ 3264460ms] [LOG] %c JSHandle@node @ https://www.fullhdfilmizlesene.now/minx/ftjs.1786843931.js:0
[ 3264962ms] [LOG] %c JSHandle@node @ https://www.fullhdfilmizlesene.now/minx/ftjs.1786843931.js:0
[ 3265459ms] [LOG] %c JSHandle@node @ https://www.fullhdfilmizlesene.now/minx/ftjs.1786843931.js:0
[ 3265959ms] [LOG] %c JSHandle@node @ https://www.fullhdfilmizlesene.now/minx/ftjs.1786843931.js:0
[ 3266460ms] [LOG] %c JSHandle@node @ https://www.fullhdfilmizlesene.now/minx/ftjs.1786843931.js:0
[ 3266962ms] [LOG] %c JSHandle@node @ https://www.fullhdfilmizlesene.now/minx/ftjs.1786843931.js:0
[ 3267462ms] [LOG] %c JSHandle@node @ https://www.fullhdfilmizlesene.now/minx/ftjs.1786843931.js:0
[ 3267951ms] [LOG] %c JSHandle@node @ https://www.fullhdfilmizlesene.now/minx/ftjs.1786843931.js:0
[ 3268454ms] [LOG] %c JSHandle@node @ https://www.fullhdfilmizlesene.now/minx/ftjs.1786843931.js:0
[ 3268954ms] [LOG] %c JSHandle@node @ https://www.fullhdfilmizlesene.now/minx/ftjs.1786843931.js:0
[ 3269453ms] [LOG] %c JSHandle@node @ https://www.fullhdfilmizlesene.now/minx/ftjs.1786843931.js:0
[ 3269956ms] [LOG] %c JSHandle@node @ https://www.fullhdfilmizlesene.now/minx/ftjs.1786843931.js:0
[ 3270457ms] [LOG] %c JSHandle@node @ https://www.fullhdfilmizlesene.now/minx/ftjs.1786843931.js:0
[ 3270961ms] [LOG] %c JSHandle@node @ https://www.fullhdfilmizlesene.now/minx/ftjs.1786843931.js:0
[ 3271461ms] [LOG] %c JSHandle@node @ https://www.fullhdfilmizlesene.now/minx/ftjs.1786843931.js:0
[ 3271960ms] [LOG] %c JSHandle@node @ https://www.fullhdfilmizlesene.now/minx/ftjs.1786843931.js:0
[ 3272460ms] [LOG] %c JSHandle@node @ https://www.fullhdfilmizlesene.now/minx/ftjs.1786843931.js:0
[ 3272959ms] [LOG] %c JSHandle@node @ https://www.fullhdfilmizlesene.now/minx/ftjs.1786843931.js:0
[ 3273455ms] [LOG] %c JSHandle@node @ https://www.fullhdfilmizlesene.now/minx/ftjs.1786843931.js:0
[ 3273956ms] [LOG] %c JSHandle@node @ https://www.fullhdfilmizlesene.now/minx/ftjs.1786843931.js:0
[ 3274453ms] [LOG] %c JSHandle@node @ https://www.fullhdfilmizlesene.now/minx/ftjs.1786843931.js:0
[ 3274953ms] [LOG] %c JSHandle@node @ https://www.fullhdfilmizlesene.now/minx/ftjs.1786843931.js:0
[ 3275456ms] [LOG] %c JSHandle@node @ https://www.fullhdfilmizlesene.now/minx/ftjs.1786843931.js:0
[ 3275956ms] [LOG] %c JSHandle@node @ https://www.fullhdfilmizlesene.now/minx/ftjs.1786843931.js:0
[ 3276453ms] [LOG] %c JSHandle@node @ https://www.fullhdfilmizlesene.now/minx/ftjs.1786843931.js:0
[ 3276949ms] [LOG] %c JSHandle@node @ https://www.fullhdfilmizlesene.now/minx/ftjs.1786843931.js:0
[ 3277453ms] [LOG] %c JSHandle@node @ https://www.fullhdfilmizlesene.now/minx/ftjs.1786843931.js:0
[ 3277956ms] [LOG] %c JSHandle@node @ https://www.fullhdfilmizlesene.now/minx/ftjs.1786843931.js:0
[ 3278453ms] [LOG] %c JSHandle@node @ https://www.fullhdfilmizlesene.now/minx/ftjs.1786843931.js:0
[ 3278955ms] [LOG] %c JSHandle@node @ https://www.fullhdfilmizlesene.now/minx/ftjs.1786843931.js:0
[ 3279457ms] [LOG] %c JSHandle@node @ https://www.fullhdfilmizlesene.now/minx/ftjs.1786843931.js:0
[ 3279957ms] [LOG] %c JSHandle@node @ https://www.fullhdfilmizlesene.now/minx/ftjs.1786843931.js:0
[ 3280455ms] [LOG] %c JSHandle@node @ https://www.fullhdfilmizlesene.now/minx/ftjs.1786843931.js:0
[ 3280958ms] [LOG] %c JSHandle@node @ https://www.fullhdfilmizlesene.now/minx/ftjs.1786843931.js:0
[ 3281459ms] [LOG] %c JSHandle@node @ https://www.fullhdfilmizlesene.now/minx/ftjs.1786843931.js:0
[ 3281958ms] [LOG] %c JSHandle@node @ https://www.fullhdfilmizlesene.now/minx/ftjs.1786843931.js:0
[ 3282460ms] [LOG] %c JSHandle@node @ https://www.fullhdfilmizlesene.now/minx/ftjs.1786843931.js:0
[ 3282957ms] [LOG] %c JSHandle@node @ https://www.fullhdfilmizlesene.now/minx/ftjs.1786843931.js:0
[ 3283456ms] [LOG] %c JSHandle@node @ https://www.fullhdfilmizlesene.now/minx/ftjs.1786843931.js:0
[ 3283958ms] [LOG] %c JSHandle@node @ https://www.fullhdfilmizlesene.now/minx/ftjs.1786843931.js:0
[ 3284459ms] [LOG] %c JSHandle@node @ https://www.fullhdfilmizlesene.now/minx/ftjs.1786843931.js:0
[ 3284959ms] [LOG] %c JSHandle@node @ https://www.fullhdfilmizlesene.now/minx/ftjs.1786843931.js:0
[ 3285462ms] [LOG] %c JSHandle@node @ https://www.fullhdfilmizlesene.now/minx/ftjs.1786843931.js:0
[ 3285962ms] [LOG] %c JSHandle@node @ https://www.fullhdfilmizlesene.now/minx/ftjs.1786843931.js:0
[ 3286459ms] [LOG] %c JSHandle@node @ https://www.fullhdfilmizlesene.now/minx/ftjs.1786843931.js:0
[ 3286959ms] [LOG] %c JSHandle@node @ https://www.fullhdfilmizlesene.now/minx/ftjs.1786843931.js:0
[ 3287457ms] [LOG] %c JSHandle@node @ https://www.fullhdfilmizlesene.now/minx/ftjs.1786843931.js:0
[ 3287956ms] [LOG] %c JSHandle@node @ https://www.fullhdfilmizlesene.now/minx/ftjs.1786843931.js:0
[ 3288455ms] [LOG] %c JSHandle@node @ https://www.fullhdfilmizlesene.now/minx/ftjs.1786843931.js:0
[ 3288955ms] [LOG] %c JSHandle@node @ https://www.fullhdfilmizlesene.now/minx/ftjs.1786843931.js:0
[ 3289454ms] [LOG] %c JSHandle@node @ https://www.fullhdfilmizlesene.now/minx/ftjs.1786843931.js:0
[ 3289954ms] [LOG] %c JSHandle@node @ https://www.fullhdfilmizlesene.now/minx/ftjs.1786843931.js:0
[ 3290454ms] [LOG] %c JSHandle@node @ https://www.fullhdfilmizlesene.now/minx/ftjs.1786843931.js:0
[ 3290949ms] [LOG] %c JSHandle@node @ https://www.fullhdfilmizlesene.now/minx/ftjs.1786843931.js:0
[ 3291452ms] [LOG] %c JSHandle@node @ https://www.fullhdfilmizlesene.now/minx/ftjs.1786843931.js:0
[ 3291963ms] [LOG] %c JSHandle@node @ https://www.fullhdfilmizlesene.now/minx/ftjs.1786843931.js:0
[ 3292460ms] [LOG] %c JSHandle@node @ https://www.fullhdfilmizlesene.now/minx/ftjs.1786843931.js:0
[ 3292957ms] [LOG] %c JSHandle@node @ https://www.fullhdfilmizlesene.now/minx/ftjs.1786843931.js:0
[ 3293455ms] [LOG] %c JSHandle@node @ https://www.fullhdfilmizlesene.now/minx/ftjs.1786843931.js:0
[ 3293955ms] [LOG] %c JSHandle@node @ https://www.fullhdfilmizlesene.now/minx/ftjs.1786843931.js:0
[ 3294452ms] [LOG] %c JSHandle@node @ https://www.fullhdfilmizlesene.now/minx/ftjs.1786843931.js:0
[ 3294949ms] [LOG] %c JSHandle@node @ https://www.fullhdfilmizlesene.now/minx/ftjs.1786843931.js:0
[ 3295462ms] [LOG] %c JSHandle@node @ https://www.fullhdfilmizlesene.now/minx/ftjs.1786843931.js:0
[ 3295954ms] [LOG] %c JSHandle@node @ https://www.fullhdfilmizlesene.now/minx/ftjs.1786843931.js:0
[ 3296451ms] [LOG] %c JSHandle@node @ https://www.fullhdfilmizlesene.now/minx/ftjs.1786843931.js:0
[ 3296962ms] [LOG] %c JSHandle@node @ https://www.fullhdfilmizlesene.now/minx/ftjs.1786843931.js:0
[ 3297460ms] [LOG] %c JSHandle@node @ https://www.fullhdfilmizlesene.now/minx/ftjs.1786843931.js:0
[ 3297955ms] [LOG] %c JSHandle@node @ https://www.fullhdfilmizlesene.now/minx/ftjs.1786843931.js:0
[ 3298451ms] [LOG] %c JSHandle@node @ https://www.fullhdfilmizlesene.now/minx/ftjs.1786843931.js:0
[ 3298949ms] [LOG] %c JSHandle@node @ https://www.fullhdfilmizlesene.now/minx/ftjs.1786843931.js:0
[ 3299449ms] [LOG] %c JSHandle@node @ https://www.fullhdfilmizlesene.now/minx/ftjs.1786843931.js:0
[ 3299962ms] [LOG] %c JSHandle@node @ https://www.fullhdfilmizlesene.now/minx/ftjs.1786843931.js:0
[ 3300450ms] [LOG] %c JSHandle@node @ https://www.fullhdfilmizlesene.now/minx/ftjs.1786843931.js:0
[ 3300949ms] [LOG] %c JSHandle@node @ https://www.fullhdfilmizlesene.now/minx/ftjs.1786843931.js:0
[ 3301463ms] [LOG] %c JSHandle@node @ https://www.fullhdfilmizlesene.now/minx/ftjs.1786843931.js:0
